filename,frame_id,track_id,x1,y1,x2,y2,confidence,class_id
/home/tomass/tomass/magistrs/video_annotating/reduced_vid_1.mp4,0,1.0,2396.84228515625,866.2059326171875,3101.052978515625,1208.5811767578125,0,14
/home/tomass/tomass/magistrs/video_annotating/reduced_vid_1.mp4,0,2.0,1573.440673828125,741.2623901367188,2063.765625,1006.0178833007812,0,14
/home/tomass/tomass/magistrs/video_annotating/reduced_vid_1.mp4,0,3.0,885.9356079101562,859.600341796875,1468.439453125,1123.0711669921875,0,14
/home/tomass/tomass/magistrs/video_annotating/reduced_vid_1.mp4,0,4.0,1132.32763671875,631.3431396484375,1443.3016357421875,921.7379760742188,0,14
/home/tomass/tomass/magistrs/video_annotating/reduced_vid_1.mp4,1,1.0,2397.99951171875,866.7688598632812,3093.786865234375,1204.81494140625,0,14
/home/tomass/tomass/magistrs/video_annotating/reduced_vid_1.mp4,1,2.0,1563.7391357421875,734.9926147460938,2066.07861328125,1006.3504638671876,0,14
/home/tomass/tomass/magistrs/video_annotating/reduced_vid_1.mp4,1,3.0,882.4957275390625,858.5094604492188,1466.586181640625,1122.708984375,0,14
/home/tomass/tomass/magistrs/video_annotating/reduced_vid_1.mp4,1,4.0,1128.9796142578125,630.69580078125,1439.2894287109375,920.5596923828124,0,14
/home/tomass/tomass/magistrs/video_annotating/reduced_vid_1.mp4,2,1.0,2405.26025390625,864.2290649414062,3101.9638671875,1203.6214599609375,0,14
/home/tomass/tomass/magistrs/video_annotating/reduced_vid_1.mp4,2,2.0,1541.5694580078125,736.080810546875,2056.479736328125,1014.5545043945312,0,14
/home/tomass/tomass/magistrs/video_annotating/reduced_vid_1.mp4,2,3.0,869.6142578125,857.2496337890625,1450.7061767578125,1119.94921875,0,14
/home/tomass/tomass/magistrs/video_annotating/reduced_vid_1.mp4,2,4.0,1111.4788818359375,629.9195556640625,1428.7191162109375,926.6654663085938,0,14
/home/tomass/tomass/magistrs/video_annotating/reduced_vid_1.mp4,3,1.0,2434.564208984375,860.2957763671875,3128.9873046875,1200.381103515625,0,14
/home/tomass/tomass/magistrs/video_annotating/reduced_vid_1.mp4,3,2.0,1528.97119140625,736.265869140625,2019.9971923828125,1001.5463256835938,0,14
/home/tomass/tomass/magistrs/video_annotating/reduced_vid_1.mp4,3,3.0,801.8770141601562,847.267578125,1400.198974609375,1120.3447265625,0,14
/home/tomass/tomass/magistrs/video_annotating/reduced_vid_1.mp4,3,4.0,1073.5616455078125,635.45703125,1426.304931640625,966.3590087890624,0,14
/home/tomass/tomass/magistrs/video_annotating/reduced_vid_1.mp4,4,1.0,2470.1328125,839.8822631835938,3210.012451171875,1203.9991455078125,0,14
/home/tomass/tomass/magistrs/video_annotating/reduced_vid_1.mp4,4,2.0,1502.1497802734375,730.113525390625,2009.996337890625,1004.9996948242188,0,14
/home/tomass/tomass/magistrs/video_annotating/reduced_vid_1.mp4,4,3.0,780.8179321289062,839.7255859375,1382.1607666015625,1118.621826171875,0,14
/home/tomass/tomass/magistrs/video_annotating/reduced_vid_1.mp4,4,4.0,1048.7236328125,639.9268188476562,1419.30419921875,986.7625122070312,0,14
/home/tomass/tomass/magistrs/video_annotating/reduced_vid_1.mp4,5,1.0,2525.893798828125,824.56787109375,3256.517578125,1187.775634765625,0,14
/home/tomass/tomass/magistrs/video_annotating/reduced_vid_1.mp4,5,2.0,1482.1082763671875,728.08837890625,1974.25390625,993.4807739257812,0,14
/home/tomass/tomass/magistrs/video_annotating/reduced_vid_1.mp4,5,3.0,773.016357421875,832.6162109375,1377.912841796875,1119.6995849609375,0,14
/home/tomass/tomass/magistrs/video_annotating/reduced_vid_1.mp4,5,4.0,1020.0480346679688,634.5175170898438,1398.01904296875,985.8475952148438,0,14
/home/tomass/tomass/magistrs/video_annotating/reduced_vid_1.mp4,6,1.0,2585.52978515625,821.0088500976562,3308.206298828125,1183.96533203125,0,14
/home/tomass/tomass/magistrs/video_annotating/reduced_vid_1.mp4,6,2.0,1459.4317626953125,728.1800537109375,1956.8153076171875,995.3143310546876,0,14
/home/tomass/tomass/magistrs/video_annotating/reduced_vid_1.mp4,6,3.0,781.2894287109375,828.8189086914062,1358.8406982421875,1110.9451904296875,0,14
/home/tomass/tomass/magistrs/video_annotating/reduced_vid_1.mp4,6,4.0,1001.35986328125,631.9326171875,1376.6468505859375,977.1636962890624,0,14
/home/tomass/tomass/magistrs/video_annotating/reduced_vid_1.mp4,7,1.0,2625.450927734375,807.1859741210938,3346.2744140625,1173.2545166015625,0,14
/home/tomass/tomass/magistrs/video_annotating/reduced_vid_1.mp4,7,2.0,1444.224609375,724.72021484375,1929.896484375,983.8062744140624,0,14
/home/tomass/tomass/magistrs/video_annotating/reduced_vid_1.mp4,7,3.0,763.495361328125,809.4996337890625,1349.64599609375,1106.636474609375,0,14
/home/tomass/tomass/magistrs/video_annotating/reduced_vid_1.mp4,7,4.0,973.1536865234376,626.1478271484375,1353.997802734375,972.2625122070312,0,14
/home/tomass/tomass/magistrs/video_annotating/reduced_vid_1.mp4,8,1.0,2639.8486328125,795.8291015625,3360.75341796875,1167.8714599609375,0,14
/home/tomass/tomass/magistrs/video_annotating/reduced_vid_1.mp4,8,2.0,1411.297607421875,716.5960693359375,1905.767333984375,978.4702758789062,0,14
/home/tomass/tomass/magistrs/video_annotating/reduced_vid_1.mp4,8,3.0,745.6045532226562,797.3289184570312,1324.8101806640625,1102.3165283203125,0,14
/home/tomass/tomass/magistrs/video_annotating/reduced_vid_1.mp4,8,4.0,937.6470336914062,624.99755859375,1312.9793701171875,962.5032348632812,0,14
/home/tomass/tomass/magistrs/video_annotating/reduced_vid_1.mp4,9,1.0,2658.7890625,779.4465942382812,3369.614501953125,1154.2850341796875,0,14
/home/tomass/tomass/magistrs/video_annotating/reduced_vid_1.mp4,9,2.0,1365.77392578125,707.3553466796875,1873.3006591796875,975.1083374023438,0,14
/home/tomass/tomass/magistrs/video_annotating/reduced_vid_1.mp4,9,3.0,728.5799560546875,782.386474609375,1306.15869140625,1101.219970703125,0,14
/home/tomass/tomass/magistrs/video_annotating/reduced_vid_1.mp4,9,4.0,904.29931640625,622.5016479492188,1273.1658935546875,950.6044921875,0,14
/home/tomass/tomass/magistrs/video_annotating/reduced_vid_1.mp4,10,1.0,2730.017578125,783.98583984375,3352.09814453125,1120.5421142578125,0,14
/home/tomass/tomass/magistrs/video_annotating/reduced_vid_1.mp4,10,2.0,1294.6162109375,696.3724975585938,1835.21435546875,982.236328125,0,14
/home/tomass/tomass/magistrs/video_annotating/reduced_vid_1.mp4,10,3.0,690.4898681640625,781.272705078125,1257.5732421875,1110.3768310546875,0,14
/home/tomass/tomass/magistrs/video_annotating/reduced_vid_1.mp4,10,4.0,879.8976440429688,614.7307739257812,1254.192138671875,940.3409423828124,0,14
/home/tomass/tomass/magistrs/video_annotating/reduced_vid_1.mp4,11,1.0,2793.3583984375,800.3641357421875,3350.566162109375,1112.4671630859375,0,14
/home/tomass/tomass/magistrs/video_annotating/reduced_vid_1.mp4,11,2.0,1255.8740234375,704.1215209960938,1784.2061767578125,982.2408447265624,0,14
/home/tomass/tomass/magistrs/video_annotating/reduced_vid_1.mp4,11,3.0,653.3642578125,774.418701171875,1214.5546875,1117.2764892578125,0,14
/home/tomass/tomass/magistrs/video_annotating/reduced_vid_1.mp4,11,4.0,838.595703125,619.875,1213.7667236328125,936.891357421875,0,14
/home/tomass/tomass/magistrs/video_annotating/reduced_vid_1.mp4,12,1.0,2842.39501953125,798.56591796875,3321.487548828125,1077.42333984375,0,14
/home/tomass/tomass/magistrs/video_annotating/reduced_vid_1.mp4,12,2.0,1209.95361328125,702.8089599609375,1758.724365234375,994.9160766601562,0,14
/home/tomass/tomass/magistrs/video_annotating/reduced_vid_1.mp4,12,3.0,633.2002563476562,769.8883666992188,1146.97607421875,1099.14013671875,0,14
/home/tomass/tomass/magistrs/video_annotating/reduced_vid_1.mp4,12,4.0,793.5914916992188,622.6720581054688,1156.9676513671875,921.9417724609376,0,14
/home/tomass/tomass/magistrs/video_annotating/reduced_vid_1.mp4,13,1.0,2841.722412109375,789.9267578125,3278.005859375,1053.9295654296875,0,14
/home/tomass/tomass/magistrs/video_annotating/reduced_vid_1.mp4,13,2.0,1099.31640625,653.9146118164062,1732.626708984375,1002.9971313476562,0,14
/home/tomass/tomass/magistrs/video_annotating/reduced_vid_1.mp4,13,3.0,600.2474365234375,764.8768920898438,1081.8900146484375,1088.1907958984375,0,14
/home/tomass/tomass/magistrs/video_annotating/reduced_vid_1.mp4,13,4.0,745.7958374023438,620.088134765625,1114.0794677734375,918.6295776367188,0,14
/home/tomass/tomass/magistrs/video_annotating/reduced_vid_1.mp4,14,1.0,2851.385986328125,786.3609619140625,3261.119384765625,1043.2667236328125,0,14
/home/tomass/tomass/magistrs/video_annotating/reduced_vid_1.mp4,14,2.0,1053.6046142578125,632.3963623046875,1688.6578369140625,994.8147583007812,0,14
/home/tomass/tomass/magistrs/video_annotating/reduced_vid_1.mp4,14,3.0,567.8082885742188,762.2457275390625,1054.041259765625,1105.3026123046875,0,14
/home/tomass/tomass/magistrs/video_annotating/reduced_vid_1.mp4,14,4.0,709.0960083007812,604.8740234375,1109.26513671875,927.1546630859376,0,14
/home/tomass/tomass/magistrs/video_annotating/reduced_vid_1.mp4,15,2.0,1044.0250244140625,629.4254150390625,1649.9482421875,987.4473266601562,0,14
/home/tomass/tomass/magistrs/video_annotating/reduced_vid_1.mp4,15,4.0,692.9485473632812,601.8226928710938,1100.41455078125,927.2416381835938,0,14
/home/tomass/tomass/magistrs/video_annotating/reduced_vid_1.mp4,16,2.0,1037.763671875,625.5232543945312,1642.128662109375,997.3031616210938,0,14
/home/tomass/tomass/magistrs/video_annotating/reduced_vid_1.mp4,16,4.0,678.3213500976562,609.5726928710938,1098.4393310546875,943.086669921875,0,14
/home/tomass/tomass/magistrs/video_annotating/reduced_vid_1.mp4,16,1.0,2815.04248046875,756.0755615234375,3301.135009765625,1078.1710205078125,0,14
/home/tomass/tomass/magistrs/video_annotating/reduced_vid_1.mp4,16,3.0,564.2042236328125,766.6414794921875,1015.384521484375,1101.33837890625,0,14
/home/tomass/tomass/magistrs/video_annotating/reduced_vid_1.mp4,17,2.0,1016.2777099609376,636.8076782226562,1644.192138671875,1041.7252197265625,0,14
/home/tomass/tomass/magistrs/video_annotating/reduced_vid_1.mp4,17,4.0,664.9706420898438,629.6307373046875,1080.6978759765625,957.1072387695312,0,14
/home/tomass/tomass/magistrs/video_annotating/reduced_vid_1.mp4,17,1.0,2819.153076171875,742.9008178710938,3286.453125,1067.5794677734375,0,14
/home/tomass/tomass/magistrs/video_annotating/reduced_vid_1.mp4,17,3.0,532.2263793945312,799.7613525390625,957.7649536132812,1123.0516357421875,0,14
/home/tomass/tomass/magistrs/video_annotating/reduced_vid_1.mp4,18,2.0,1003.5870971679688,659.925537109375,1574.063232421875,1045.0941162109375,0,14
/home/tomass/tomass/magistrs/video_annotating/reduced_vid_1.mp4,18,4.0,632.5557861328125,643.8018188476562,1057.4580078125,974.1675415039062,0,14
/home/tomass/tomass/magistrs/video_annotating/reduced_vid_1.mp4,18,1.0,2807.96630859375,748.6800537109375,3243.480712890625,1064.734130859375,0,14
/home/tomass/tomass/magistrs/video_annotating/reduced_vid_1.mp4,18,3.0,475.2764587402344,785.3413696289062,932.9261474609376,1141.063232421875,0,14
/home/tomass/tomass/magistrs/video_annotating/reduced_vid_1.mp4,19,2.0,966.4152221679688,669.4049072265625,1500.291748046875,1048.5198974609375,0,14
/home/tomass/tomass/magistrs/video_annotating/reduced_vid_1.mp4,19,4.0,576.4146118164062,658.49853515625,999.2891845703124,978.5955810546876,0,14
/home/tomass/tomass/magistrs/video_annotating/reduced_vid_1.mp4,19,1.0,2778.385498046875,748.3748779296875,3188.9169921875,1058.3101806640625,0,14
/home/tomass/tomass/magistrs/video_annotating/reduced_vid_1.mp4,19,3.0,363.3311767578125,805.7167358398438,811.4476318359375,1150.7391357421875,0,14
/home/tomass/tomass/magistrs/video_annotating/reduced_vid_1.mp4,20,2.0,940.577880859375,680.3861083984375,1459.9912109375,1069.0921630859375,0,14
/home/tomass/tomass/magistrs/video_annotating/reduced_vid_1.mp4,20,4.0,542.4744873046875,671.7330322265625,967.3069458007812,987.8399047851562,0,14
/home/tomass/tomass/magistrs/video_annotating/reduced_vid_1.mp4,20,1.0,2756.68603515625,740.7460327148438,3159.91943359375,1056.3231201171875,0,14
/home/tomass/tomass/magistrs/video_annotating/reduced_vid_1.mp4,20,3.0,332.17828369140625,830.966796875,769.8327026367188,1155.510009765625,0,14
/home/tomass/tomass/magistrs/video_annotating/reduced_vid_1.mp4,21,2.0,966.7222290039062,704.4103393554688,1443.5986328125,1079.3009033203125,0,14
/home/tomass/tomass/magistrs/video_annotating/reduced_vid_1.mp4,21,4.0,533.109375,670.7364501953125,963.2062377929688,987.3870849609376,0,14
/home/tomass/tomass/magistrs/video_annotating/reduced_vid_1.mp4,21,1.0,2775.837158203125,726.2997436523438,3173.353759765625,1047.864013671875,0,14
/home/tomass/tomass/magistrs/video_annotating/reduced_vid_1.mp4,21,3.0,283.8599853515625,813.2713623046875,782.28564453125,1172.6416015625,0,14
/home/tomass/tomass/magistrs/video_annotating/reduced_vid_1.mp4,22,2.0,1011.6060180664062,706.5510864257812,1459.5711669921875,1075.972900390625,0,14
/home/tomass/tomass/magistrs/video_annotating/reduced_vid_1.mp4,22,4.0,561.166748046875,672.5115356445312,1005.8402099609376,1001.0408325195312,0,14
/home/tomass/tomass/magistrs/video_annotating/reduced_vid_1.mp4,22,1.0,2812.3115234375,707.910400390625,3203.840576171875,1031.38916015625,0,14
/home/tomass/tomass/magistrs/video_annotating/reduced_vid_1.mp4,22,3.0,246.6422576904297,800.348388671875,783.2633056640625,1178.2987060546875,0,14
/home/tomass/tomass/magistrs/video_annotating/reduced_vid_1.mp4,23,2.0,1047.483154296875,710.0797729492188,1484.9410400390625,1088.4974365234375,0,14
/home/tomass/tomass/magistrs/video_annotating/reduced_vid_1.mp4,23,4.0,581.8259887695312,673.8269653320312,1034.84912109375,1015.1441650390624,0,14
/home/tomass/tomass/magistrs/video_annotating/reduced_vid_1.mp4,23,1.0,2860.73974609375,700.2000122070312,3240.508544921875,1026.6484375,0,14
/home/tomass/tomass/magistrs/video_annotating/reduced_vid_1.mp4,23,3.0,177.31854248046875,778.0125732421875,767.8895874023438,1191.5789794921875,0,14
/home/tomass/tomass/magistrs/video_annotating/reduced_vid_1.mp4,24,2.0,1081.875732421875,732.8363647460938,1497.3634033203125,1108.481689453125,0,14
/home/tomass/tomass/magistrs/video_annotating/reduced_vid_1.mp4,24,4.0,604.5370483398438,682.2496948242188,1053.64892578125,1029.3739013671875,0,14
/home/tomass/tomass/magistrs/video_annotating/reduced_vid_1.mp4,24,1.0,2906.355224609375,725.443359375,3242.713623046875,1023.2213745117188,0,14
/home/tomass/tomass/magistrs/video_annotating/reduced_vid_1.mp4,24,3.0,132.39083862304688,766.6554565429688,728.4921264648438,1180.12353515625,0,14
/home/tomass/tomass/magistrs/video_annotating/reduced_vid_1.mp4,25,2.0,1127.78271484375,757.5497436523438,1501.56103515625,1106.57373046875,0,14
/home/tomass/tomass/magistrs/video_annotating/reduced_vid_1.mp4,25,4.0,645.3860473632812,698.84814453125,1082.09716796875,1048.62158203125,0,14
/home/tomass/tomass/magistrs/video_annotating/reduced_vid_1.mp4,25,1.0,2947.884521484375,749.038818359375,3258.513916015625,1031.19775390625,0,14
/home/tomass/tomass/magistrs/video_annotating/reduced_vid_1.mp4,25,3.0,101.0875015258789,778.54248046875,694.150146484375,1191.2734375,0,14
/home/tomass/tomass/magistrs/video_annotating/reduced_vid_1.mp4,26,2.0,1140.224609375,783.1815185546875,1495.46240234375,1121.649169921875,0,14
/home/tomass/tomass/magistrs/video_annotating/reduced_vid_1.mp4,26,4.0,669.9424438476562,709.4252319335938,1102.604736328125,1072.00927734375,0,14
/home/tomass/tomass/magistrs/video_annotating/reduced_vid_1.mp4,26,1.0,2915.174072265625,692.8153686523438,3293.760498046875,1043.771484375,0,14
/home/tomass/tomass/magistrs/video_annotating/reduced_vid_1.mp4,26,3.0,13.107782363891602,770.6343383789062,638.3714599609375,1207.8802490234375,0,14
/home/tomass/tomass/magistrs/video_annotating/reduced_vid_1.mp4,27,2.0,1147.4222412109375,803.0499267578125,1498.0030517578125,1134.4886474609375,0,14
/home/tomass/tomass/magistrs/video_annotating/reduced_vid_1.mp4,27,4.0,662.8091430664062,711.9391479492188,1091.2620849609375,1088.10888671875,0,14
/home/tomass/tomass/magistrs/video_annotating/reduced_vid_1.mp4,27,1.0,2919.308349609375,673.340576171875,3306.310791015625,1031.4356689453125,0,14
/home/tomass/tomass/magistrs/video_annotating/reduced_vid_1.mp4,27,3.0,0.0,772.9408569335938,567.4802856445312,1220.923095703125,0,14
/home/tomass/tomass/magistrs/video_annotating/reduced_vid_1.mp4,28,2.0,1123.8992919921875,809.0570068359375,1501.8477783203125,1161.719970703125,0,14
/home/tomass/tomass/magistrs/video_annotating/reduced_vid_1.mp4,28,4.0,645.7218627929688,706.5401611328125,1073.8321533203125,1097.0543212890625,0,14
/home/tomass/tomass/magistrs/video_annotating/reduced_vid_1.mp4,28,1.0,2906.40869140625,672.8516845703125,3315.974609375,1043.1248779296875,0,14
/home/tomass/tomass/magistrs/video_annotating/reduced_vid_1.mp4,28,3.0,0.0,839.4755859375,537.4473266601562,1231.7220458984375,0,14
/home/tomass/tomass/magistrs/video_annotating/reduced_vid_1.mp4,29,2.0,1094.6080322265625,812.7211303710938,1476.5709228515625,1163.4803466796875,0,14
/home/tomass/tomass/magistrs/video_annotating/reduced_vid_1.mp4,29,4.0,624.007080078125,685.1450805664062,1066.932861328125,1102.7618408203125,0,14
/home/tomass/tomass/magistrs/video_annotating/reduced_vid_1.mp4,29,1.0,2924.72314453125,682.4937744140625,3287.04541015625,972.7676391601562,0,14
/home/tomass/tomass/magistrs/video_annotating/reduced_vid_1.mp4,29,3.0,0.0,876.8515625,361.4981384277344,1203.6832275390625,0,14
/home/tomass/tomass/magistrs/video_annotating/reduced_vid_1.mp4,30,2.0,1078.925048828125,829.5768432617188,1453.2503662109375,1165.0811767578125,0,14
/home/tomass/tomass/magistrs/video_annotating/reduced_vid_1.mp4,30,4.0,617.5081787109375,683.9832153320312,1058.3541259765625,1109.8204345703125,0,14
/home/tomass/tomass/magistrs/video_annotating/reduced_vid_1.mp4,30,1.0,2875.24560546875,697.77197265625,3251.03466796875,974.1264038085938,0,14
/home/tomass/tomass/magistrs/video_annotating/reduced_vid_1.mp4,31,2.0,1082.1131591796875,860.3984375,1464.927978515625,1190.7646484375,0,14
/home/tomass/tomass/magistrs/video_annotating/reduced_vid_1.mp4,31,4.0,622.3897705078125,687.8126220703125,1065.83544921875,1126.2901611328125,0,14
/home/tomass/tomass/magistrs/video_annotating/reduced_vid_1.mp4,31,1.0,2869.66748046875,706.58251953125,3238.942626953125,954.8894653320312,0,14
/home/tomass/tomass/magistrs/video_annotating/reduced_vid_1.mp4,32,2.0,1066.3397216796875,884.6416625976562,1460.6748046875,1208.665283203125,0,14
/home/tomass/tomass/magistrs/video_annotating/reduced_vid_1.mp4,32,4.0,615.849609375,700.5765991210938,1053.38134765625,1138.70361328125,0,14
/home/tomass/tomass/magistrs/video_annotating/reduced_vid_1.mp4,32,1.0,2831.531982421875,713.5701293945312,3261.34521484375,989.3650512695312,0,14
/home/tomass/tomass/magistrs/video_annotating/reduced_vid_1.mp4,33,2.0,1047.519287109375,907.42236328125,1457.716064453125,1226.2406005859375,0,14
/home/tomass/tomass/magistrs/video_annotating/reduced_vid_1.mp4,33,4.0,621.7095336914062,724.9303588867188,1054.014892578125,1157.540771484375,0,14
/home/tomass/tomass/magistrs/video_annotating/reduced_vid_1.mp4,33,1.0,2800.68408203125,720.983154296875,3263.052978515625,1008.0338745117188,0,14
/home/tomass/tomass/magistrs/video_annotating/reduced_vid_1.mp4,34,2.0,1026.1177978515625,934.2003173828124,1453.559814453125,1251.7376708984375,0,14
/home/tomass/tomass/magistrs/video_annotating/reduced_vid_1.mp4,34,4.0,583.6802978515625,740.0110473632812,1037.614990234375,1186.16845703125,0,14
/home/tomass/tomass/magistrs/video_annotating/reduced_vid_1.mp4,34,1.0,2726.237548828125,681.4512939453125,3285.046630859375,1028.420654296875,0,14
/home/tomass/tomass/magistrs/video_annotating/reduced_vid_1.mp4,35,2.0,1019.1928100585938,952.9161987304688,1460.3582763671875,1268.848388671875,0,14
/home/tomass/tomass/magistrs/video_annotating/reduced_vid_1.mp4,35,4.0,592.107177734375,782.1096801757812,1039.1541748046875,1200.6976318359375,0,14
/home/tomass/tomass/magistrs/video_annotating/reduced_vid_1.mp4,35,1.0,2673.6123046875,665.069580078125,3254.33447265625,1029.7347412109375,0,14
/home/tomass/tomass/magistrs/video_annotating/reduced_vid_1.mp4,36,2.0,997.4196166992188,956.2924194335938,1461.876220703125,1277.0670166015625,0,14
/home/tomass/tomass/magistrs/video_annotating/reduced_vid_1.mp4,36,4.0,604.5411987304688,824.8071899414062,1035.278564453125,1206.6156005859375,0,14
/home/tomass/tomass/magistrs/video_annotating/reduced_vid_1.mp4,36,1.0,2656.199462890625,625.1715087890625,3241.675048828125,1001.6033935546876,0,14
/home/tomass/tomass/magistrs/video_annotating/reduced_vid_1.mp4,37,2.0,999.4984741210938,964.3964233398438,1470.8822021484375,1277.109375,0,14
/home/tomass/tomass/magistrs/video_annotating/reduced_vid_1.mp4,37,4.0,604.749267578125,867.4591674804688,1008.5084228515624,1207.04541015625,0,14
/home/tomass/tomass/magistrs/video_annotating/reduced_vid_1.mp4,37,1.0,2620.669921875,606.9625244140625,3183.733642578125,982.8478393554688,0,14
/home/tomass/tomass/magistrs/video_annotating/reduced_vid_1.mp4,38,2.0,1027.9730224609375,966.6072387695312,1510.0782470703125,1274.6243896484375,0,14
/home/tomass/tomass/magistrs/video_annotating/reduced_vid_1.mp4,38,4.0,577.2495727539062,829.125,1024.260986328125,1203.8336181640625,0,14
/home/tomass/tomass/magistrs/video_annotating/reduced_vid_1.mp4,38,1.0,2578.821044921875,585.0999755859375,3110.430419921875,947.3143310546876,0,14
/home/tomass/tomass/magistrs/video_annotating/reduced_vid_1.mp4,39,2.0,1049.8131103515625,968.6602172851562,1544.609130859375,1276.12060546875,0,14
/home/tomass/tomass/magistrs/video_annotating/reduced_vid_1.mp4,39,4.0,570.4202270507812,815.9529418945312,984.3294677734376,1172.3118896484375,0,14
/home/tomass/tomass/magistrs/video_annotating/reduced_vid_1.mp4,39,1.0,2611.362060546875,571.785888671875,3095.28662109375,896.0782470703125,0,14
/home/tomass/tomass/magistrs/video_annotating/reduced_vid_1.mp4,40,2.0,1074.721923828125,971.3724365234376,1577.0699462890625,1273.9632568359375,0,14
/home/tomass/tomass/magistrs/video_annotating/reduced_vid_1.mp4,40,4.0,574.6525268554688,798.569091796875,967.909912109375,1149.0223388671875,0,14
/home/tomass/tomass/magistrs/video_annotating/reduced_vid_1.mp4,40,1.0,2660.43408203125,579.570556640625,3101.719970703125,866.9405517578125,0,14
/home/tomass/tomass/magistrs/video_annotating/reduced_vid_1.mp4,41,2.0,1104.0782470703125,974.6070556640624,1626.0264892578125,1278.6539306640625,0,14
/home/tomass/tomass/magistrs/video_annotating/reduced_vid_1.mp4,41,4.0,598.1780395507812,800.0177001953125,962.3329467773438,1130.879150390625,0,14
/home/tomass/tomass/magistrs/video_annotating/reduced_vid_1.mp4,41,1.0,2674.042236328125,592.1482543945312,3091.366943359375,861.8778076171875,0,14
/home/tomass/tomass/magistrs/video_annotating/reduced_vid_1.mp4,42,2.0,1107.4559326171875,983.5806274414062,1641.0772705078125,1287.65576171875,0,14
/home/tomass/tomass/magistrs/video_annotating/reduced_vid_1.mp4,42,4.0,634.6780395507812,802.3201904296875,984.4109497070312,1112.559814453125,0,14
/home/tomass/tomass/magistrs/video_annotating/reduced_vid_1.mp4,42,1.0,2684.712646484375,602.302734375,3091.93505859375,866.0537719726562,0,14
/home/tomass/tomass/magistrs/video_annotating/reduced_vid_1.mp4,43,2.0,1099.806640625,996.5225219726562,1642.43701171875,1299.1376953125,0,14
/home/tomass/tomass/magistrs/video_annotating/reduced_vid_1.mp4,43,4.0,617.1444702148438,806.4468383789062,961.818115234375,1098.9327392578125,0,14
/home/tomass/tomass/magistrs/video_annotating/reduced_vid_1.mp4,43,1.0,2667.45654296875,610.6036376953125,3064.41357421875,869.91796875,0,14
/home/tomass/tomass/magistrs/video_annotating/reduced_vid_1.mp4,44,2.0,1073.0302734375,1007.1968383789062,1623.241455078125,1308.029541015625,0,14
/home/tomass/tomass/magistrs/video_annotating/reduced_vid_1.mp4,44,4.0,584.6163940429688,817.016357421875,939.7232666015624,1102.86865234375,0,14
/home/tomass/tomass/magistrs/video_annotating/reduced_vid_1.mp4,44,1.0,2643.104248046875,612.5460815429688,3036.756103515625,872.3193359375,0,14
/home/tomass/tomass/magistrs/video_annotating/reduced_vid_1.mp4,45,2.0,1030.4437255859375,1000.0145874023438,1621.4332275390625,1322.413818359375,0,14
/home/tomass/tomass/magistrs/video_annotating/reduced_vid_1.mp4,45,4.0,543.0105590820312,822.166015625,920.8355712890624,1111.8875732421875,0,14
/home/tomass/tomass/magistrs/video_annotating/reduced_vid_1.mp4,45,1.0,2573.294921875,564.6222534179688,3033.594970703125,874.5216674804688,0,14
/home/tomass/tomass/magistrs/video_annotating/reduced_vid_1.mp4,46,2.0,1003.115234375,997.3259887695312,1618.63623046875,1332.4002685546875,0,14
/home/tomass/tomass/magistrs/video_annotating/reduced_vid_1.mp4,46,4.0,485.51806640625,831.7106323242188,886.1089477539062,1125.789794921875,0,14
/home/tomass/tomass/magistrs/video_annotating/reduced_vid_1.mp4,46,1.0,2561.16845703125,548.478271484375,3015.73388671875,855.2555541992188,0,14
/home/tomass/tomass/magistrs/video_annotating/reduced_vid_1.mp4,47,2.0,1010.9774169921876,1033.3839111328125,1605.359619140625,1352.9754638671875,0,14
/home/tomass/tomass/magistrs/video_annotating/reduced_vid_1.mp4,47,4.0,461.91845703125,853.5629272460938,876.0068359375,1145.29296875,0,14
/home/tomass/tomass/magistrs/video_annotating/reduced_vid_1.mp4,47,1.0,2585.192138671875,586.6351318359375,2994.58544921875,855.4684448242188,0,14
/home/tomass/tomass/magistrs/video_annotating/reduced_vid_1.mp4,48,2.0,1006.9834594726562,1063.85791015625,1606.7392578125,1382.4927978515625,0,14
/home/tomass/tomass/magistrs/video_annotating/reduced_vid_1.mp4,48,4.0,446.9533081054688,876.2346801757812,883.853759765625,1171.7623291015625,0,14
/home/tomass/tomass/magistrs/video_annotating/reduced_vid_1.mp4,48,1.0,2575.9384765625,610.8574829101562,2946.6376953125,849.9259033203125,0,14
/home/tomass/tomass/magistrs/video_annotating/reduced_vid_1.mp4,49,2.0,991.5057983398438,1060.2154541015625,1650.2919921875,1412.18798828125,0,14
/home/tomass/tomass/magistrs/video_annotating/reduced_vid_1.mp4,49,4.0,448.2298583984375,907.8924560546876,902.9378662109376,1202.6090087890625,0,14
/home/tomass/tomass/magistrs/video_annotating/reduced_vid_1.mp4,49,1.0,2542.54345703125,636.8344116210938,2922.71435546875,877.4185791015625,0,14
/home/tomass/tomass/magistrs/video_annotating/reduced_vid_1.mp4,50,2.0,997.78515625,1072.5792236328125,1685.6961669921875,1443.45849609375,0,14
/home/tomass/tomass/magistrs/video_annotating/reduced_vid_1.mp4,50,4.0,450.6515197753906,928.9259643554688,936.7805786132812,1230.95263671875,0,14
/home/tomass/tomass/magistrs/video_annotating/reduced_vid_1.mp4,50,1.0,2536.125244140625,654.9701538085938,2930.421630859375,898.8082275390625,0,14
/home/tomass/tomass/magistrs/video_annotating/reduced_vid_1.mp4,51,2.0,977.7010498046876,1062.337890625,1728.7122802734375,1476.7342529296875,0,14
/home/tomass/tomass/magistrs/video_annotating/reduced_vid_1.mp4,51,4.0,464.0085754394531,948.8709106445312,956.3348388671876,1243.8680419921875,0,14
/home/tomass/tomass/magistrs/video_annotating/reduced_vid_1.mp4,51,1.0,2497.148193359375,670.776123046875,2916.28466796875,923.2290649414062,0,14
/home/tomass/tomass/magistrs/video_annotating/reduced_vid_1.mp4,52,2.0,990.3806762695312,1048.5118408203125,1746.8375244140625,1476.46923828125,0,14
/home/tomass/tomass/magistrs/video_annotating/reduced_vid_1.mp4,52,4.0,493.8027038574219,965.566650390625,1006.3501586914062,1264.1412353515625,0,14
/home/tomass/tomass/magistrs/video_annotating/reduced_vid_1.mp4,52,1.0,2473.216796875,690.6736450195312,2902.749267578125,941.7373657226562,0,14
/home/tomass/tomass/magistrs/video_annotating/reduced_vid_1.mp4,53,2.0,1048.1114501953125,1054.0010986328125,1759.7935791015625,1470.2547607421875,0,14
/home/tomass/tomass/magistrs/video_annotating/reduced_vid_1.mp4,53,4.0,517.9400024414062,980.4188842773438,1046.7969970703125,1281.3463134765625,0,14
/home/tomass/tomass/magistrs/video_annotating/reduced_vid_1.mp4,53,1.0,2460.260009765625,707.3212280273438,2891.783203125,952.2274169921876,0,14
/home/tomass/tomass/magistrs/video_annotating/reduced_vid_1.mp4,54,2.0,1124.541259765625,1067.4923095703125,1791.6585693359375,1471.46435546875,0,14
/home/tomass/tomass/magistrs/video_annotating/reduced_vid_1.mp4,54,4.0,527.261962890625,989.6622924804688,1092.62939453125,1307.824951171875,0,14
/home/tomass/tomass/magistrs/video_annotating/reduced_vid_1.mp4,54,1.0,2458.973876953125,720.7537231445312,2901.46728515625,965.3345336914062,0,14
/home/tomass/tomass/magistrs/video_annotating/reduced_vid_1.mp4,55,2.0,1214.5902099609375,1071.703369140625,1833.9696044921875,1460.015869140625,0,14
/home/tomass/tomass/magistrs/video_annotating/reduced_vid_1.mp4,55,4.0,549.6998901367188,999.5745239257812,1128.1004638671875,1320.8228759765625,0,14
/home/tomass/tomass/magistrs/video_annotating/reduced_vid_1.mp4,55,1.0,2482.761962890625,729.4741821289062,2931.8095703125,968.93603515625,0,14
/home/tomass/tomass/magistrs/video_annotating/reduced_vid_1.mp4,56,2.0,1268.2694091796875,1039.8841552734375,1913.413818359375,1463.2952880859375,0,14
/home/tomass/tomass/magistrs/video_annotating/reduced_vid_1.mp4,56,4.0,574.374755859375,1015.1544799804688,1170.6488037109375,1342.5255126953125,0,14
/home/tomass/tomass/magistrs/video_annotating/reduced_vid_1.mp4,56,1.0,2495.347412109375,736.5943603515625,2968.197265625,984.6895751953124,0,14
/home/tomass/tomass/magistrs/video_annotating/reduced_vid_1.mp4,57,2.0,1366.1614990234375,1043.048828125,1959.040283203125,1446.4656982421875,0,14
/home/tomass/tomass/magistrs/video_annotating/reduced_vid_1.mp4,57,4.0,620.1066284179688,1038.015380859375,1221.4593505859375,1364.4677734375,0,14
/home/tomass/tomass/magistrs/video_annotating/reduced_vid_1.mp4,57,1.0,2512.57666015625,742.5325317382812,2999.756103515625,995.1878051757812,0,14
/home/tomass/tomass/magistrs/video_annotating/reduced_vid_1.mp4,58,2.0,1335.4263916015625,807.0729370117188,2171.38671875,1374.970703125,0,14
/home/tomass/tomass/magistrs/video_annotating/reduced_vid_1.mp4,58,4.0,652.8683471679688,1038.0498046875,1282.928466796875,1379.873291015625,0,14
/home/tomass/tomass/magistrs/video_annotating/reduced_vid_1.mp4,58,1.0,2530.464111328125,752.8558349609375,3026.5263671875,1007.2072143554688,0,14
/home/tomass/tomass/magistrs/video_annotating/reduced_vid_1.mp4,59,4.0,683.4014892578125,1029.1741943359375,1347.3060302734375,1396.6837158203125,0,14
/home/tomass/tomass/magistrs/video_annotating/reduced_vid_1.mp4,59,1.0,2511.8740234375,700.1383666992188,3107.106689453125,1016.8130493164062,0,14
/home/tomass/tomass/magistrs/video_annotating/reduced_vid_1.mp4,59,3.0,0.0,268.0228881835937,122.6156005859375,642.0831298828125,0,14
/home/tomass/tomass/magistrs/video_annotating/reduced_vid_1.mp4,60,4.0,699.2538452148438,971.6257934570312,1381.179443359375,1361.8599853515625,0,14
/home/tomass/tomass/magistrs/video_annotating/reduced_vid_1.mp4,60,1.0,2510.298583984375,668.14208984375,3100.021728515625,999.4759521484376,0,14
/home/tomass/tomass/magistrs/video_annotating/reduced_vid_1.mp4,60,3.0,12.320671081542969,262.9089050292969,138.2052459716797,641.7020263671875,0,14
/home/tomass/tomass/magistrs/video_annotating/reduced_vid_1.mp4,61,4.0,798.5310668945312,954.2854614257812,1456.7261962890625,1351.165771484375,0,14
/home/tomass/tomass/magistrs/video_annotating/reduced_vid_1.mp4,61,1.0,2502.15478515625,605.6397705078125,3150.13720703125,995.558349609375,0,14
/home/tomass/tomass/magistrs/video_annotating/reduced_vid_1.mp4,61,3.0,22.259281158447266,234.7061309814453,154.02842712402344,627.1561889648438,0,14
/home/tomass/tomass/magistrs/video_annotating/reduced_vid_1.mp4,62,4.0,859.4282836914062,953.4706420898438,1477.34765625,1335.16943359375,0,14
/home/tomass/tomass/magistrs/video_annotating/reduced_vid_1.mp4,62,1.0,2540.11279296875,553.2999267578125,3171.91943359375,956.466796875,0,14
/home/tomass/tomass/magistrs/video_annotating/reduced_vid_1.mp4,62,3.0,15.517990112304688,219.17318725585935,151.8289337158203,622.9387817382812,0,14
/home/tomass/tomass/magistrs/video_annotating/reduced_vid_1.mp4,63,4.0,850.590087890625,968.4049072265624,1458.19482421875,1349.5875244140625,0,14
/home/tomass/tomass/magistrs/video_annotating/reduced_vid_1.mp4,63,1.0,2566.93310546875,517.3699951171875,3174.388916015625,924.96875,0,14
/home/tomass/tomass/magistrs/video_annotating/reduced_vid_1.mp4,63,3.0,1.9690325260162356,212.0038299560547,126.7898941040039,583.424560546875,0,14
/home/tomass/tomass/magistrs/video_annotating/reduced_vid_1.mp4,64,4.0,879.8272705078125,1009.3665771484376,1453.77294921875,1363.6114501953125,0,14
/home/tomass/tomass/magistrs/video_annotating/reduced_vid_1.mp4,64,1.0,2616.24609375,506.746826171875,3203.035888671875,917.690185546875,0,14
/home/tomass/tomass/magistrs/video_annotating/reduced_vid_1.mp4,64,3.0,2.659755229949951,234.5681304931641,115.33460235595705,568.9141235351562,0,14
/home/tomass/tomass/magistrs/video_annotating/reduced_vid_1.mp4,65,4.0,928.66552734375,1047.8541259765625,1456.7432861328125,1364.58740234375,0,14
/home/tomass/tomass/magistrs/video_annotating/reduced_vid_1.mp4,65,1.0,2689.085205078125,489.89056396484375,3236.02099609375,883.459228515625,0,14
/home/tomass/tomass/magistrs/video_annotating/reduced_vid_1.mp4,65,3.0,7.404024124145508,227.7385711669922,128.24778747558594,583.0849609375,0,14
/home/tomass/tomass/magistrs/video_annotating/reduced_vid_1.mp4,66,4.0,1012.2841796875,1076.0692138671875,1554.546875,1392.6949462890625,0,14
/home/tomass/tomass/magistrs/video_annotating/reduced_vid_1.mp4,66,1.0,2762.200439453125,480.3627014160156,3310.41943359375,885.1019897460938,0,14
/home/tomass/tomass/magistrs/video_annotating/reduced_vid_1.mp4,66,3.0,18.51750946044922,230.6053924560547,155.5762176513672,624.7593994140625,0,14
/home/tomass/tomass/magistrs/video_annotating/reduced_vid_1.mp4,67,4.0,1065.0941162109375,1097.54541015625,1630.27880859375,1421.1177978515625,0,14
/home/tomass/tomass/magistrs/video_annotating/reduced_vid_1.mp4,67,1.0,2839.33251953125,469.67474365234375,3361.041748046875,865.3396606445312,0,14
/home/tomass/tomass/magistrs/video_annotating/reduced_vid_1.mp4,67,3.0,27.858169555664062,225.5289764404297,164.88623046875,605.5385131835938,0,14
/home/tomass/tomass/magistrs/video_annotating/reduced_vid_1.mp4,68,4.0,1124.522705078125,1123.0955810546875,1702.2554931640625,1449.6983642578125,0,14
/home/tomass/tomass/magistrs/video_annotating/reduced_vid_1.mp4,68,1.0,2913.569091796875,477.6894226074219,3413.032470703125,865.989501953125,0,14
/home/tomass/tomass/magistrs/video_annotating/reduced_vid_1.mp4,68,3.0,49.60051345825195,246.29022216796875,186.2697906494141,605.9706420898438,0,14
/home/tomass/tomass/magistrs/video_annotating/reduced_vid_1.mp4,69,4.0,1230.66796875,1145.7691650390625,1817.5516357421875,1470.0361328125,0,14
/home/tomass/tomass/magistrs/video_annotating/reduced_vid_1.mp4,69,1.0,2994.300048828125,475.2289733886719,3476.512451171875,849.8916015625,0,14
/home/tomass/tomass/magistrs/video_annotating/reduced_vid_1.mp4,69,3.0,57.43152618408203,241.27491760253903,206.4415283203125,612.42626953125,0,14
/home/tomass/tomass/magistrs/video_annotating/reduced_vid_1.mp4,70,4.0,1311.461181640625,1158.67578125,1878.49169921875,1465.38623046875,0,14
/home/tomass/tomass/magistrs/video_annotating/reduced_vid_1.mp4,70,1.0,3013.42578125,477.0149536132813,3494.9599609375,853.2101440429688,0,14
/home/tomass/tomass/magistrs/video_annotating/reduced_vid_1.mp4,70,3.0,53.83344650268555,253.4642333984375,210.36599731445312,621.7213134765625,0,14
/home/tomass/tomass/magistrs/video_annotating/reduced_vid_1.mp4,71,4.0,1357.333740234375,1162.2086181640625,1939.09423828125,1473.0513916015625,0,14
/home/tomass/tomass/magistrs/video_annotating/reduced_vid_1.mp4,71,1.0,3028.57568359375,454.6893005371094,3534.1240234375,857.6027221679688,0,14
/home/tomass/tomass/magistrs/video_annotating/reduced_vid_1.mp4,71,3.0,42.33572769165039,264.4359436035156,206.6410675048828,636.3384399414062,0,14
/home/tomass/tomass/magistrs/video_annotating/reduced_vid_1.mp4,72,4.0,1414.1795654296875,1156.9072265625,2025.2908935546875,1479.9765625,0,14
/home/tomass/tomass/magistrs/video_annotating/reduced_vid_1.mp4,72,1.0,3061.7197265625,444.652099609375,3534.750244140625,829.1885375976562,0,14
/home/tomass/tomass/magistrs/video_annotating/reduced_vid_1.mp4,72,3.0,30.926713943481445,262.60906982421875,203.42364501953125,643.3502197265625,0,14
/home/tomass/tomass/magistrs/video_annotating/reduced_vid_1.mp4,73,4.0,1463.5562744140625,1159.86376953125,2087.1533203125,1489.133544921875,0,14
/home/tomass/tomass/magistrs/video_annotating/reduced_vid_1.mp4,73,1.0,3102.279296875,447.3361206054688,3553.267578125,821.3352661132812,0,14
/home/tomass/tomass/magistrs/video_annotating/reduced_vid_1.mp4,73,3.0,35.333892822265625,271.79937744140625,216.1665802001953,655.153564453125,0,14
/home/tomass/tomass/magistrs/video_annotating/reduced_vid_1.mp4,74,4.0,1580.99365234375,1189.11669921875,2182.39599609375,1499.471435546875,0,14
/home/tomass/tomass/magistrs/video_annotating/reduced_vid_1.mp4,74,1.0,3171.29541015625,446.1865539550781,3608.838623046875,806.509521484375,0,14
/home/tomass/tomass/magistrs/video_annotating/reduced_vid_1.mp4,74,3.0,63.25732803344727,280.3288879394531,260.7255859375,666.3512573242188,0,14
/home/tomass/tomass/magistrs/video_annotating/reduced_vid_1.mp4,75,4.0,1653.4884033203125,1192.4525146484375,2261.309326171875,1502.187255859375,0,14
/home/tomass/tomass/magistrs/video_annotating/reduced_vid_1.mp4,75,1.0,3207.3134765625,447.58203125,3639.476318359375,798.6341552734375,0,14
/home/tomass/tomass/magistrs/video_annotating/reduced_vid_1.mp4,75,3.0,71.22989654541016,288.65802001953125,283.2064208984375,674.0198364257812,0,14
/home/tomass/tomass/magistrs/video_annotating/reduced_vid_1.mp4,76,4.0,1710.5228271484375,1201.0389404296875,2311.68896484375,1504.8023681640625,0,14
/home/tomass/tomass/magistrs/video_annotating/reduced_vid_1.mp4,76,1.0,3211.36083984375,451.168212890625,3645.306640625,798.6044921875,0,14
/home/tomass/tomass/magistrs/video_annotating/reduced_vid_1.mp4,76,3.0,82.01111602783203,299.9697570800781,306.8660583496094,676.9912719726562,0,14
/home/tomass/tomass/magistrs/video_annotating/reduced_vid_1.mp4,77,4.0,1767.447998046875,1212.720703125,2387.0380859375,1523.5439453125,0,14
/home/tomass/tomass/magistrs/video_annotating/reduced_vid_1.mp4,77,1.0,3204.55712890625,458.5785827636719,3637.524169921875,802.7888793945312,0,14
/home/tomass/tomass/magistrs/video_annotating/reduced_vid_1.mp4,77,3.0,96.41899871826172,302.2612609863281,338.4842224121094,675.3081665039062,0,14
/home/tomass/tomass/magistrs/video_annotating/reduced_vid_1.mp4,78,4.0,1794.7838134765625,1233.905029296875,2404.11669921875,1539.985595703125,0,14
/home/tomass/tomass/magistrs/video_annotating/reduced_vid_1.mp4,78,1.0,3185.603271484375,453.0377502441406,3639.690185546875,812.9619750976562,0,14
/home/tomass/tomass/magistrs/video_annotating/reduced_vid_1.mp4,78,3.0,93.12874603271484,314.2357482910156,345.447998046875,682.023681640625,0,14
/home/tomass/tomass/magistrs/video_annotating/reduced_vid_1.mp4,79,4.0,1819.5008544921875,1262.791748046875,2425.416259765625,1569.139404296875,0,14
/home/tomass/tomass/magistrs/video_annotating/reduced_vid_1.mp4,79,1.0,3176.140869140625,464.3314208984375,3629.015869140625,821.283203125,0,14
/home/tomass/tomass/magistrs/video_annotating/reduced_vid_1.mp4,79,3.0,88.13075256347656,333.8782043457031,346.67388916015625,692.7560424804688,0,14
/home/tomass/tomass/magistrs/video_annotating/reduced_vid_1.mp4,80,4.0,1865.2752685546875,1289.0062255859375,2481.246337890625,1599.7222900390625,0,14
/home/tomass/tomass/magistrs/video_annotating/reduced_vid_1.mp4,80,1.0,3147.416015625,483.2081298828125,3589.234130859375,828.4995727539062,0,14
/home/tomass/tomass/magistrs/video_annotating/reduced_vid_1.mp4,80,3.0,72.64836120605469,348.4338684082031,335.9296569824219,695.4453735351562,0,14
/home/tomass/tomass/magistrs/video_annotating/reduced_vid_1.mp4,81,4.0,1857.908203125,1313.1414794921875,2504.837890625,1643.3441162109375,0,14
/home/tomass/tomass/magistrs/video_annotating/reduced_vid_1.mp4,81,1.0,3123.1318359375,503.3813781738281,3566.328125,843.8274536132812,0,14
/home/tomass/tomass/magistrs/video_annotating/reduced_vid_1.mp4,81,3.0,51.37092971801758,364.3769836425781,331.6024780273437,723.2007446289062,0,14
/home/tomass/tomass/magistrs/video_annotating/reduced_vid_1.mp4,82,4.0,1842.5020751953125,1325.922119140625,2507.97021484375,1671.586181640625,0,14
/home/tomass/tomass/magistrs/video_annotating/reduced_vid_1.mp4,82,1.0,3096.74072265625,518.2269897460938,3549.177978515625,862.4080810546875,0,14
/home/tomass/tomass/magistrs/video_annotating/reduced_vid_1.mp4,82,3.0,31.41634559631348,376.0364074707031,322.2984619140625,743.50830078125,0,14
/home/tomass/tomass/magistrs/video_annotating/reduced_vid_1.mp4,83,4.0,1820.8465576171875,1314.2203369140625,2514.926513671875,1683.7855224609375,0,14
/home/tomass/tomass/magistrs/video_annotating/reduced_vid_1.mp4,83,1.0,3080.37451171875,529.3705444335938,3535.708251953125,872.40625,0,14
/home/tomass/tomass/magistrs/video_annotating/reduced_vid_1.mp4,83,3.0,19.13066673278809,386.499755859375,314.5807189941406,757.0679931640625,0,14
/home/tomass/tomass/magistrs/video_annotating/reduced_vid_1.mp4,84,4.0,1813.420166015625,1315.1761474609375,2511.966796875,1697.1182861328125,0,14
/home/tomass/tomass/magistrs/video_annotating/reduced_vid_1.mp4,84,1.0,3068.27685546875,536.9971313476562,3528.116455078125,881.2045288085938,0,14
/home/tomass/tomass/magistrs/video_annotating/reduced_vid_1.mp4,84,3.0,10.062524795532228,394.3495788574219,304.6566162109375,762.4434814453125,0,14
/home/tomass/tomass/magistrs/video_annotating/reduced_vid_1.mp4,85,4.0,1815.9560546875,1303.6571044921875,2524.924560546875,1705.28564453125,0,14
/home/tomass/tomass/magistrs/video_annotating/reduced_vid_1.mp4,85,1.0,3058.117919921875,534.5927734375,3533.329345703125,889.9791259765625,0,14
/home/tomass/tomass/magistrs/video_annotating/reduced_vid_1.mp4,85,3.0,2.307206392288208,389.3497924804688,299.4081115722656,761.0597534179688,0,14
/home/tomass/tomass/magistrs/video_annotating/reduced_vid_1.mp4,86,4.0,1817.8660888671875,1297.7991943359375,2523.31005859375,1712.6558837890625,0,14
/home/tomass/tomass/magistrs/video_annotating/reduced_vid_1.mp4,86,1.0,3061.420654296875,541.8689575195312,3540.3115234375,899.3106689453125,0,14
/home/tomass/tomass/magistrs/video_annotating/reduced_vid_1.mp4,86,3.0,0.0,381.77838134765625,296.79962158203125,756.3717041015625,0,14
/home/tomass/tomass/magistrs/video_annotating/reduced_vid_1.mp4,87,4.0,1848.5992431640625,1316.445556640625,2507.99267578125,1716.967041015625,0,14
/home/tomass/tomass/magistrs/video_annotating/reduced_vid_1.mp4,87,1.0,3094.923583984375,587.9417724609375,3520.180419921875,899.9229736328125,0,14
/home/tomass/tomass/magistrs/video_annotating/reduced_vid_1.mp4,87,3.0,0.0,380.114013671875,301.4408569335937,761.9727172851562,0,14
/home/tomass/tomass/magistrs/video_annotating/reduced_vid_1.mp4,88,4.0,1896.135498046875,1331.0653076171875,2509.819580078125,1719.71875,0,14
/home/tomass/tomass/magistrs/video_annotating/reduced_vid_1.mp4,88,1.0,3097.974365234375,605.3096313476562,3514.77197265625,908.600341796875,0,14
/home/tomass/tomass/magistrs/video_annotating/reduced_vid_1.mp4,88,3.0,5.856144428253174,382.5947570800781,305.8405456542969,756.5220336914062,0,14
/home/tomass/tomass/magistrs/video_annotating/reduced_vid_1.mp4,89,4.0,1911.1256103515625,1342.835205078125,2510.977783203125,1739.103759765625,0,14
/home/tomass/tomass/magistrs/video_annotating/reduced_vid_1.mp4,89,1.0,3091.475830078125,613.47412109375,3521.397705078125,926.0628662109376,0,14
/home/tomass/tomass/magistrs/video_annotating/reduced_vid_1.mp4,89,3.0,12.079751014709473,384.3395690917969,311.6208190917969,753.4781494140625,0,14
/home/tomass/tomass/magistrs/video_annotating/reduced_vid_1.mp4,90,4.0,1920.4696044921875,1350.211181640625,2509.859619140625,1755.870849609375,0,14
/home/tomass/tomass/magistrs/video_annotating/reduced_vid_1.mp4,90,1.0,3077.1064453125,615.9384155273438,3537.81494140625,953.8306884765624,0,14
/home/tomass/tomass/magistrs/video_annotating/reduced_vid_1.mp4,90,3.0,12.724940299987791,384.7638854980469,322.04931640625,762.4852294921875,0,14
/home/tomass/tomass/magistrs/video_annotating/reduced_vid_1.mp4,91,4.0,1939.6619873046875,1369.9715576171875,2485.794189453125,1761.286376953125,0,14
/home/tomass/tomass/magistrs/video_annotating/reduced_vid_1.mp4,91,1.0,3089.9580078125,625.1649169921875,3554.06689453125,964.0426635742188,0,14
/home/tomass/tomass/magistrs/video_annotating/reduced_vid_1.mp4,91,3.0,12.050444602966309,381.8944396972656,329.2987670898437,766.2175903320312,0,14
/home/tomass/tomass/magistrs/video_annotating/reduced_vid_1.mp4,92,4.0,1948.664794921875,1365.6922607421875,2479.9423828125,1761.0330810546875,0,14
/home/tomass/tomass/magistrs/video_annotating/reduced_vid_1.mp4,92,1.0,3087.8291015625,610.610107421875,3567.63134765625,962.270263671875,0,14
/home/tomass/tomass/magistrs/video_annotating/reduced_vid_1.mp4,92,3.0,14.21291446685791,379.5296630859375,333.0279846191406,761.75244140625,0,14
