<?xml version='1.0' encoding='UTF-8'?>
<annotation>
  <folder>images</folder>
  <filename>frame_81.jpg</filename>
  <object>
    <name>bird</name>
    <bndbox>
      <xmin>2726</xmin>
      <ymin>976</ymin>
      <xmax>3465</xmax>
      <ymax>1521</ymax>
    </bndbox>
  </object>
  <object>
    <name>bird</name>
    <bndbox>
      <xmin>730</xmin>
      <ymin>298</ymin>
      <xmax>1272</xmax>
      <ymax>621</ymax>
    </bndbox>
  </object>
  <object>
    <name>bird</name>
    <bndbox>
      <xmin>1467</xmin>
      <ymin>942</ymin>
      <xmax>1917</xmax>
      <ymax>1287</ymax>
    </bndbox>
  </object>
  <object>
    <name>bird</name>
    <bndbox>
      <xmin>2068</xmin>
      <ymin>1149</ymin>
      <xmax>2435</xmax>
      <ymax>1517</ymax>
    </bndbox>
  </object>
  <object>
    <name>bird</name>
    <bndbox>
      <xmin>1169</xmin>
      <ymin>1217</ymin>
      <xmax>1754</xmax>
      <ymax>1525</ymax>
    </bndbox>
  </object>
  <object>
    <name>bird</name>
    <bndbox>
      <xmin>1651</xmin>
      <ymin>735</ymin>
      <xmax>2020</xmax>
      <ymax>1170</ymax>
    </bndbox>
  </object>
  <object>
    <name>bird</name>
    <bndbox>
      <xmin>2076</xmin>
      <ymin>658</ymin>
      <xmax>2357</xmax>
      <ymax>1168</ymax>
    </bndbox>
  </object>
  <object>
    <name>bird</name>
    <bndbox>
      <xmin>2346</xmin>
      <ymin>1063</ymin>
      <xmax>2891</xmax>
      <ymax>1378</ymax>
    </bndbox>
  </object>
  <object>
    <name>bird</name>
    <bndbox>
      <xmin>2825</xmin>
      <ymin>701</ymin>
      <xmax>3449</xmax>
      <ymax>1032</ymax>
    </bndbox>
  </object>
  <object>
    <name>bird</name>
    <bndbox>
      <xmin>2504</xmin>
      <ymin>481</ymin>
      <xmax>3418</xmax>
      <ymax>937</ymax>
    </bndbox>
  </object>
  <object>
    <name>bird</name>
    <bndbox>
      <xmin>2324</xmin>
      <ymin>731</ymin>
      <xmax>2793</xmax>
      <ymax>1086</ymax>
    </bndbox>
  </object>
  <object>
    <name>bird</name>
    <bndbox>
      <xmin>2913</xmin>
      <ymin>948</ymin>
      <xmax>3591</xmax>
      <ymax>1194</ymax>
    </bndbox>
  </object>
  <object>
    <name>bird</name>
    <bndbox>
      <xmin>903</xmin>
      <ymin>748</ymin>
      <xmax>1651</xmax>
      <ymax>1124</ymax>
    </bndbox>
  </object>
</annotation>
