<?xml version='1.0' encoding='UTF-8'?>
<annotation>
  <folder>images</folder>
  <filename>frame_35.jpg</filename>
  <object>
    <name>bird</name>
    <bndbox>
      <xmin>454</xmin>
      <ymin>404</ymin>
      <xmax>766</xmax>
      <ymax>773</ymax>
    </bndbox>
  </object>
  <object>
    <name>bird</name>
    <bndbox>
      <xmin>982</xmin>
      <ymin>0</ymin>
      <xmax>1242</xmax>
      <ymax>197</ymax>
    </bndbox>
  </object>
  <object>
    <name>bird</name>
    <bndbox>
      <xmin>1485</xmin>
      <ymin>551</ymin>
      <xmax>2107</xmax>
      <ymax>994</ymax>
    </bndbox>
  </object>
  <object>
    <name>bird</name>
    <bndbox>
      <xmin>1200</xmin>
      <ymin>576</ymin>
      <xmax>1515</xmax>
      <ymax>987</ymax>
    </bndbox>
  </object>
  <object>
    <name>bird</name>
    <bndbox>
      <xmin>983</xmin>
      <ymin>507</ymin>
      <xmax>1252</xmax>
      <ymax>977</ymax>
    </bndbox>
  </object>
  <object>
    <name>bird</name>
    <bndbox>
      <xmin>1492</xmin>
      <ymin>1200</ymin>
      <xmax>2014</xmax>
      <ymax>1490</ymax>
    </bndbox>
  </object>
  <object>
    <name>bird</name>
    <bndbox>
      <xmin>2017</xmin>
      <ymin>695</ymin>
      <xmax>2579</xmax>
      <ymax>959</ymax>
    </bndbox>
  </object>
  <object>
    <name>bird</name>
    <bndbox>
      <xmin>2064</xmin>
      <ymin>177</ymin>
      <xmax>2548</xmax>
      <ymax>542</ymax>
    </bndbox>
  </object>
  <object>
    <name>bird</name>
    <bndbox>
      <xmin>467</xmin>
      <ymin>699</ymin>
      <xmax>999</xmax>
      <ymax>1059</ymax>
    </bndbox>
  </object>
  <object>
    <name>bird</name>
    <bndbox>
      <xmin>1724</xmin>
      <ymin>854</ymin>
      <xmax>2212</xmax>
      <ymax>1110</ymax>
    </bndbox>
  </object>
</annotation>
