<?xml version='1.0' encoding='UTF-8'?>
<annotation>
  <folder>images</folder>
  <filename>frame_155.jpg</filename>
  <object>
    <name>bird</name>
    <bndbox>
      <xmin>1075</xmin>
      <ymin>1273</ymin>
      <xmax>1747</xmax>
      <ymax>1572</ymax>
    </bndbox>
  </object>
  <object>
    <name>bird</name>
    <bndbox>
      <xmin>1392</xmin>
      <ymin>989</ymin>
      <xmax>1657</xmax>
      <ymax>1386</ymax>
    </bndbox>
  </object>
  <object>
    <name>bird</name>
    <bndbox>
      <xmin>74</xmin>
      <ymin>1361</ymin>
      <xmax>631</xmax>
      <ymax>1659</ymax>
    </bndbox>
  </object>
  <object>
    <name>bird</name>
    <bndbox>
      <xmin>1662</xmin>
      <ymin>929</ymin>
      <xmax>1863</xmax>
      <ymax>1201</ymax>
    </bndbox>
  </object>
  <object>
    <name>bird</name>
    <bndbox>
      <xmin>800</xmin>
      <ymin>1161</ymin>
      <xmax>1218</xmax>
      <ymax>1401</ymax>
    </bndbox>
  </object>
  <object>
    <name>bird</name>
    <bndbox>
      <xmin>1742</xmin>
      <ymin>764</ymin>
      <xmax>1955</xmax>
      <ymax>1113</ymax>
    </bndbox>
  </object>
  <object>
    <name>bird</name>
    <bndbox>
      <xmin>1645</xmin>
      <ymin>1150</ymin>
      <xmax>2078</xmax>
      <ymax>1401</ymax>
    </bndbox>
  </object>
  <object>
    <name>bird</name>
    <bndbox>
      <xmin>2090</xmin>
      <ymin>1231</ymin>
      <xmax>2408</xmax>
      <ymax>1458</ymax>
    </bndbox>
  </object>
  <object>
    <name>bird</name>
    <bndbox>
      <xmin>1964</xmin>
      <ymin>776</ymin>
      <xmax>2235</xmax>
      <ymax>1096</ymax>
    </bndbox>
  </object>
  <object>
    <name>bird</name>
    <bndbox>
      <xmin>2434</xmin>
      <ymin>1102</ymin>
      <xmax>2633</xmax>
      <ymax>1377</ymax>
    </bndbox>
  </object>
  <object>
    <name>bird</name>
    <bndbox>
      <xmin>1143</xmin>
      <ymin>965</ymin>
      <xmax>1612</xmax>
      <ymax>1177</ymax>
    </bndbox>
  </object>
  <object>
    <name>bird</name>
    <bndbox>
      <xmin>890</xmin>
      <ymin>781</ymin>
      <xmax>1448</xmax>
      <ymax>1143</ymax>
    </bndbox>
  </object>
  <object>
    <name>bird</name>
    <bndbox>
      <xmin>1972</xmin>
      <ymin>1426</ymin>
      <xmax>2297</xmax>
      <ymax>1677</ymax>
    </bndbox>
  </object>
</annotation>
