<?xml version='1.0' encoding='UTF-8'?>
<annotation>
  <folder>images</folder>
  <filename>frame_110.jpg</filename>
  <object>
    <name>bird</name>
    <bndbox>
      <xmin>40</xmin>
      <ymin>964</ymin>
      <xmax>388</xmax>
      <ymax>1308</ymax>
    </bndbox>
  </object>
  <object>
    <name>bird</name>
    <bndbox>
      <xmin>1666</xmin>
      <ymin>1123</ymin>
      <xmax>2493</xmax>
      <ymax>1585</ymax>
    </bndbox>
  </object>
  <object>
    <name>bird</name>
    <bndbox>
      <xmin>1149</xmin>
      <ymin>1061</ymin>
      <xmax>1929</xmax>
      <ymax>1417</ymax>
    </bndbox>
  </object>
  <object>
    <name>bird</name>
    <bndbox>
      <xmin>891</xmin>
      <ymin>908</ymin>
      <xmax>1384</xmax>
      <ymax>1193</ymax>
    </bndbox>
  </object>
  <object>
    <name>bird</name>
    <bndbox>
      <xmin>1700</xmin>
      <ymin>726</ymin>
      <xmax>1915</xmax>
      <ymax>1151</ymax>
    </bndbox>
  </object>
  <object>
    <name>bird</name>
    <bndbox>
      <xmin>618</xmin>
      <ymin>688</ymin>
      <xmax>1157</xmax>
      <ymax>1015</ymax>
    </bndbox>
  </object>
  <object>
    <name>bird</name>
    <bndbox>
      <xmin>2424</xmin>
      <ymin>797</ymin>
      <xmax>2852</xmax>
      <ymax>1042</ymax>
    </bndbox>
  </object>
  <object>
    <name>bird</name>
    <bndbox>
      <xmin>1876</xmin>
      <ymin>921</ymin>
      <xmax>2696</xmax>
      <ymax>1198</ymax>
    </bndbox>
  </object>
</annotation>
