<?xml version='1.0' encoding='UTF-8'?>
<annotation>
  <folder>images</folder>
  <filename>frame_28.jpg</filename>
  <object>
    <name>bird</name>
    <bndbox>
      <xmin>425</xmin>
      <ymin>395</ymin>
      <xmax>726</xmax>
      <ymax>737</ymax>
    </bndbox>
  </object>
  <object>
    <name>bird</name>
    <bndbox>
      <xmin>2018</xmin>
      <ymin>297</ymin>
      <xmax>2618</xmax>
      <ymax>654</ymax>
    </bndbox>
  </object>
  <object>
    <name>bird</name>
    <bndbox>
      <xmin>929</xmin>
      <ymin>73</ymin>
      <xmax>1382</xmax>
      <ymax>344</ymax>
    </bndbox>
  </object>
  <object>
    <name>bird</name>
    <bndbox>
      <xmin>1406</xmin>
      <ymin>612</ymin>
      <xmax>2025</xmax>
      <ymax>983</ymax>
    </bndbox>
  </object>
  <object>
    <name>bird</name>
    <bndbox>
      <xmin>1112</xmin>
      <ymin>606</ymin>
      <xmax>1398</xmax>
      <ymax>1021</ymax>
    </bndbox>
  </object>
  <object>
    <name>bird</name>
    <bndbox>
      <xmin>876</xmin>
      <ymin>513</ymin>
      <xmax>1156</xmax>
      <ymax>955</ymax>
    </bndbox>
  </object>
  <object>
    <name>bird</name>
    <bndbox>
      <xmin>1309</xmin>
      <ymin>1215</ymin>
      <xmax>1825</xmax>
      <ymax>1526</ymax>
    </bndbox>
  </object>
  <object>
    <name>bird</name>
    <bndbox>
      <xmin>1557</xmin>
      <ymin>875</ymin>
      <xmax>2016</xmax>
      <ymax>1116</ymax>
    </bndbox>
  </object>
  <object>
    <name>bird</name>
    <bndbox>
      <xmin>1921</xmin>
      <ymin>727</ymin>
      <xmax>2421</xmax>
      <ymax>970</ymax>
    </bndbox>
  </object>
  <object>
    <name>bird</name>
    <bndbox>
      <xmin>1874</xmin>
      <ymin>1010</ymin>
      <xmax>2492</xmax>
      <ymax>1300</ymax>
    </bndbox>
  </object>
  <object>
    <name>bird</name>
    <bndbox>
      <xmin>961</xmin>
      <ymin>974</ymin>
      <xmax>1653</xmax>
      <ymax>1272</ymax>
    </bndbox>
  </object>
  <object>
    <name>bird</name>
    <bndbox>
      <xmin>383</xmin>
      <ymin>684</ymin>
      <xmax>909</xmax>
      <ymax>1037</ymax>
    </bndbox>
  </object>
  <object>
    <name>bird</name>
    <bndbox>
      <xmin>1501</xmin>
      <ymin>0</ymin>
      <xmax>1891</xmax>
      <ymax>134</ymax>
    </bndbox>
  </object>
</annotation>
