<?xml version='1.0' encoding='UTF-8'?>
<annotation>
  <folder>images</folder>
  <filename>frame_5.jpg</filename>
  <object>
    <name>bird</name>
    <bndbox>
      <xmin>446</xmin>
      <ymin>272</ymin>
      <xmax>1096</xmax>
      <ymax>627</ymax>
    </bndbox>
  </object>
  <object>
    <name>bird</name>
    <bndbox>
      <xmin>2635</xmin>
      <ymin>308</ymin>
      <xmax>3159</xmax>
      <ymax>625</ymax>
    </bndbox>
  </object>
  <object>
    <name>bird</name>
    <bndbox>
      <xmin>527</xmin>
      <ymin>645</ymin>
      <xmax>1085</xmax>
      <ymax>988</ymax>
    </bndbox>
  </object>
  <object>
    <name>bird</name>
    <bndbox>
      <xmin>2194</xmin>
      <ymin>616</ymin>
      <xmax>2486</xmax>
      <ymax>933</ymax>
    </bndbox>
  </object>
  <object>
    <name>bird</name>
    <bndbox>
      <xmin>1451</xmin>
      <ymin>3</ymin>
      <xmax>1840</xmax>
      <ymax>266</ymax>
    </bndbox>
  </object>
  <object>
    <name>bird</name>
    <bndbox>
      <xmin>1558</xmin>
      <ymin>568</ymin>
      <xmax>2031</xmax>
      <ymax>1007</ymax>
    </bndbox>
  </object>
  <object>
    <name>bird</name>
    <bndbox>
      <xmin>1295</xmin>
      <ymin>641</ymin>
      <xmax>1507</xmax>
      <ymax>1000</ymax>
    </bndbox>
  </object>
  <object>
    <name>bird</name>
    <bndbox>
      <xmin>1108</xmin>
      <ymin>455</ymin>
      <xmax>1368</xmax>
      <ymax>913</ymax>
    </bndbox>
  </object>
  <object>
    <name>bird</name>
    <bndbox>
      <xmin>1725</xmin>
      <ymin>1041</ymin>
      <xmax>2123</xmax>
      <ymax>1367</ymax>
    </bndbox>
  </object>
  <object>
    <name>bird</name>
    <bndbox>
      <xmin>1567</xmin>
      <ymin>1132</ymin>
      <xmax>1879</xmax>
      <ymax>1431</ymax>
    </bndbox>
  </object>
  <object>
    <name>bird</name>
    <bndbox>
      <xmin>1621</xmin>
      <ymin>825</ymin>
      <xmax>2169</xmax>
      <ymax>1072</ymax>
    </bndbox>
  </object>
  <object>
    <name>bird</name>
    <bndbox>
      <xmin>842</xmin>
      <ymin>897</ymin>
      <xmax>1644</xmax>
      <ymax>1218</ymax>
    </bndbox>
  </object>
  <object>
    <name>bird</name>
    <bndbox>
      <xmin>2035</xmin>
      <ymin>1016</ymin>
      <xmax>2605</xmax>
      <ymax>1267</ymax>
    </bndbox>
  </object>
</annotation>
