<?xml version='1.0' encoding='UTF-8'?>
<annotation>
  <folder>images</folder>
  <filename>frame_239.jpg</filename>
  <object>
    <name>bird</name>
    <bndbox>
      <xmin>2555</xmin>
      <ymin>1058</ymin>
      <xmax>3105</xmax>
      <ymax>1356</ymax>
    </bndbox>
  </object>
  <object>
    <name>bird</name>
    <bndbox>
      <xmin>1851</xmin>
      <ymin>1369</ymin>
      <xmax>2404</xmax>
      <ymax>1714</ymax>
    </bndbox>
  </object>
  <object>
    <name>bird</name>
    <bndbox>
      <xmin>2242</xmin>
      <ymin>1185</ymin>
      <xmax>2468</xmax>
      <ymax>1399</ymax>
    </bndbox>
  </object>
  <object>
    <name>bird</name>
    <bndbox>
      <xmin>1713</xmin>
      <ymin>1154</ymin>
      <xmax>2087</xmax>
      <ymax>1358</ymax>
    </bndbox>
  </object>
  <object>
    <name>bird</name>
    <bndbox>
      <xmin>1142</xmin>
      <ymin>860</ymin>
      <xmax>1623</xmax>
      <ymax>1142</ymax>
    </bndbox>
  </object>
  <object>
    <name>bird</name>
    <bndbox>
      <xmin>2070</xmin>
      <ymin>875</ymin>
      <xmax>2468</xmax>
      <ymax>1065</ymax>
    </bndbox>
  </object>
  <object>
    <name>bird</name>
    <bndbox>
      <xmin>951</xmin>
      <ymin>1107</ymin>
      <xmax>1396</xmax>
      <ymax>1328</ymax>
    </bndbox>
  </object>
</annotation>
