<?xml version='1.0' encoding='UTF-8'?>
<annotation>
  <folder>images</folder>
  <filename>frame_181.jpg</filename>
  <object>
    <name>bird</name>
    <bndbox>
      <xmin>1135</xmin>
      <ymin>1138</ymin>
      <xmax>1713</xmax>
      <ymax>1442</ymax>
    </bndbox>
  </object>
  <object>
    <name>bird</name>
    <bndbox>
      <xmin>1648</xmin>
      <ymin>1112</ymin>
      <xmax>2224</xmax>
      <ymax>1363</ymax>
    </bndbox>
  </object>
  <object>
    <name>bird</name>
    <bndbox>
      <xmin>2395</xmin>
      <ymin>1137</ymin>
      <xmax>2830</xmax>
      <ymax>1365</ymax>
    </bndbox>
  </object>
  <object>
    <name>bird</name>
    <bndbox>
      <xmin>2496</xmin>
      <ymin>619</ymin>
      <xmax>2952</xmax>
      <ymax>949</ymax>
    </bndbox>
  </object>
  <object>
    <name>bird</name>
    <bndbox>
      <xmin>1073</xmin>
      <ymin>1765</ymin>
      <xmax>2026</xmax>
      <ymax>2148</ymax>
    </bndbox>
  </object>
  <object>
    <name>bird</name>
    <bndbox>
      <xmin>2599</xmin>
      <ymin>876</ymin>
      <xmax>2944</xmax>
      <ymax>1105</ymax>
    </bndbox>
  </object>
  <object>
    <name>bird</name>
    <bndbox>
      <xmin>1033</xmin>
      <ymin>958</ymin>
      <xmax>1517</xmax>
      <ymax>1191</ymax>
    </bndbox>
  </object>
  <object>
    <name>bird</name>
    <bndbox>
      <xmin>1834</xmin>
      <ymin>637</ymin>
      <xmax>2150</xmax>
      <ymax>888</ymax>
    </bndbox>
  </object>
  <object>
    <name>bird</name>
    <bndbox>
      <xmin>1883</xmin>
      <ymin>754</ymin>
      <xmax>2130</xmax>
      <ymax>989</ymax>
    </bndbox>
  </object>
  <object>
    <name>bird</name>
    <bndbox>
      <xmin>1360</xmin>
      <ymin>662</ymin>
      <xmax>2068</xmax>
      <ymax>972</ymax>
    </bndbox>
  </object>
</annotation>
