<?xml version='1.0' encoding='UTF-8'?>
<annotation>
  <folder>images</folder>
  <filename>frame_71.jpg</filename>
  <object>
    <name>bird</name>
    <bndbox>
      <xmin>755</xmin>
      <ymin>752</ymin>
      <xmax>1441</xmax>
      <ymax>1088</ymax>
    </bndbox>
  </object>
  <object>
    <name>bird</name>
    <bndbox>
      <xmin>2579</xmin>
      <ymin>1168</ymin>
      <xmax>3289</xmax>
      <ymax>1533</ymax>
    </bndbox>
  </object>
  <object>
    <name>bird</name>
    <bndbox>
      <xmin>1230</xmin>
      <ymin>198</ymin>
      <xmax>1781</xmax>
      <ymax>508</ymax>
    </bndbox>
  </object>
  <object>
    <name>bird</name>
    <bndbox>
      <xmin>1218</xmin>
      <ymin>825</ymin>
      <xmax>1663</xmax>
      <ymax>1301</ymax>
    </bndbox>
  </object>
  <object>
    <name>bird</name>
    <bndbox>
      <xmin>1774</xmin>
      <ymin>1220</ymin>
      <xmax>2159</xmax>
      <ymax>1522</ymax>
    </bndbox>
  </object>
  <object>
    <name>bird</name>
    <bndbox>
      <xmin>755</xmin>
      <ymin>1178</ymin>
      <xmax>1157</xmax>
      <ymax>1556</ymax>
    </bndbox>
  </object>
  <object>
    <name>bird</name>
    <bndbox>
      <xmin>1594</xmin>
      <ymin>680</ymin>
      <xmax>1960</xmax>
      <ymax>1197</ymax>
    </bndbox>
  </object>
  <object>
    <name>bird</name>
    <bndbox>
      <xmin>1941</xmin>
      <ymin>643</ymin>
      <xmax>2275</xmax>
      <ymax>1180</ymax>
    </bndbox>
  </object>
  <object>
    <name>bird</name>
    <bndbox>
      <xmin>2188</xmin>
      <ymin>1128</ymin>
      <xmax>2623</xmax>
      <ymax>1426</ymax>
    </bndbox>
  </object>
  <object>
    <name>bird</name>
    <bndbox>
      <xmin>2703</xmin>
      <ymin>791</ymin>
      <xmax>3417</xmax>
      <ymax>1114</ymax>
    </bndbox>
  </object>
  <object>
    <name>bird</name>
    <bndbox>
      <xmin>2616</xmin>
      <ymin>587</ymin>
      <xmax>3486</xmax>
      <ymax>895</ymax>
    </bndbox>
  </object>
  <object>
    <name>bird</name>
    <bndbox>
      <xmin>2126</xmin>
      <ymin>682</ymin>
      <xmax>2857</xmax>
      <ymax>1217</ymax>
    </bndbox>
  </object>
  <object>
    <name>bird</name>
    <bndbox>
      <xmin>89</xmin>
      <ymin>96</ymin>
      <xmax>461</xmax>
      <ymax>324</ymax>
    </bndbox>
  </object>
  <object>
    <name>bird</name>
    <bndbox>
      <xmin>2831</xmin>
      <ymin>1053</ymin>
      <xmax>3367</xmax>
      <ymax>1257</ymax>
    </bndbox>
  </object>
</annotation>
