<?xml version='1.0' encoding='UTF-8'?>
<annotation>
  <folder>images</folder>
  <filename>frame_358.jpg</filename>
  <object>
    <name>bird</name>
    <bndbox>
      <xmin>1539</xmin>
      <ymin>1632</ymin>
      <xmax>2264</xmax>
      <ymax>1998</ymax>
    </bndbox>
  </object>
  <object>
    <name>bird</name>
    <bndbox>
      <xmin>385</xmin>
      <ymin>953</ymin>
      <xmax>702</xmax>
      <ymax>1241</ymax>
    </bndbox>
  </object>
  <object>
    <name>bird</name>
    <bndbox>
      <xmin>596</xmin>
      <ymin>1805</ymin>
      <xmax>1035</xmax>
      <ymax>2157</ymax>
    </bndbox>
  </object>
  <object>
    <name>bird</name>
    <bndbox>
      <xmin>3017</xmin>
      <ymin>1385</ymin>
      <xmax>3297</xmax>
      <ymax>1709</ymax>
    </bndbox>
  </object>
  <object>
    <name>bird</name>
    <bndbox>
      <xmin>1060</xmin>
      <ymin>1171</ymin>
      <xmax>1500</xmax>
      <ymax>1416</ymax>
    </bndbox>
  </object>
  <object>
    <name>bird</name>
    <bndbox>
      <xmin>832</xmin>
      <ymin>1666</ymin>
      <xmax>1280</xmax>
      <ymax>1989</ymax>
    </bndbox>
  </object>
  <object>
    <name>bird</name>
    <bndbox>
      <xmin>917</xmin>
      <ymin>955</ymin>
      <xmax>1374</xmax>
      <ymax>1180</ymax>
    </bndbox>
  </object>
  <object>
    <name>bird</name>
    <bndbox>
      <xmin>1248</xmin>
      <ymin>1965</ymin>
      <xmax>1890</xmax>
      <ymax>2156</ymax>
    </bndbox>
  </object>
  <object>
    <name>bird</name>
    <bndbox>
      <xmin>1798</xmin>
      <ymin>1092</ymin>
      <xmax>1991</xmax>
      <ymax>1311</ymax>
    </bndbox>
  </object>
  <object>
    <name>bird</name>
    <bndbox>
      <xmin>2062</xmin>
      <ymin>1038</ymin>
      <xmax>2349</xmax>
      <ymax>1260</ymax>
    </bndbox>
  </object>
  <object>
    <name>bird</name>
    <bndbox>
      <xmin>1541</xmin>
      <ymin>1067</ymin>
      <xmax>1853</xmax>
      <ymax>1273</ymax>
    </bndbox>
  </object>
</annotation>
