<?xml version='1.0' encoding='UTF-8'?>
<annotation>
  <folder>images</folder>
  <filename>frame_192.jpg</filename>
  <object>
    <name>bird</name>
    <bndbox>
      <xmin>1367</xmin>
      <ymin>1108</ymin>
      <xmax>1929</xmax>
      <ymax>1406</ymax>
    </bndbox>
  </object>
  <object>
    <name>bird</name>
    <bndbox>
      <xmin>2368</xmin>
      <ymin>1001</ymin>
      <xmax>2801</xmax>
      <ymax>1216</ymax>
    </bndbox>
  </object>
  <object>
    <name>bird</name>
    <bndbox>
      <xmin>2259</xmin>
      <ymin>573</ymin>
      <xmax>2663</xmax>
      <ymax>897</ymax>
    </bndbox>
  </object>
  <object>
    <name>bird</name>
    <bndbox>
      <xmin>2152</xmin>
      <ymin>1606</ymin>
      <xmax>2951</xmax>
      <ymax>1953</ymax>
    </bndbox>
  </object>
  <object>
    <name>bird</name>
    <bndbox>
      <xmin>1693</xmin>
      <ymin>587</ymin>
      <xmax>1977</xmax>
      <ymax>800</ymax>
    </bndbox>
  </object>
  <object>
    <name>bird</name>
    <bndbox>
      <xmin>2437</xmin>
      <ymin>776</ymin>
      <xmax>2888</xmax>
      <ymax>970</ymax>
    </bndbox>
  </object>
  <object>
    <name>bird</name>
    <bndbox>
      <xmin>1418</xmin>
      <ymin>787</ymin>
      <xmax>1837</xmax>
      <ymax>1020</ymax>
    </bndbox>
  </object>
  <object>
    <name>bird</name>
    <bndbox>
      <xmin>1851</xmin>
      <ymin>891</ymin>
      <xmax>2293</xmax>
      <ymax>1127</ymax>
    </bndbox>
  </object>
  <object>
    <name>bird</name>
    <bndbox>
      <xmin>876</xmin>
      <ymin>906</ymin>
      <xmax>1454</xmax>
      <ymax>1129</ymax>
    </bndbox>
  </object>
</annotation>
