<?xml version='1.0' encoding='UTF-8'?>
<annotation>
  <folder>images</folder>
  <filename>frame_234.jpg</filename>
  <object>
    <name>bird</name>
    <bndbox>
      <xmin>2770</xmin>
      <ymin>1116</ymin>
      <xmax>3325</xmax>
      <ymax>1416</ymax>
    </bndbox>
  </object>
  <object>
    <name>bird</name>
    <bndbox>
      <xmin>1563</xmin>
      <ymin>1357</ymin>
      <xmax>2072</xmax>
      <ymax>1689</ymax>
    </bndbox>
  </object>
  <object>
    <name>bird</name>
    <bndbox>
      <xmin>2204</xmin>
      <ymin>1149</ymin>
      <xmax>2489</xmax>
      <ymax>1425</ymax>
    </bndbox>
  </object>
  <object>
    <name>bird</name>
    <bndbox>
      <xmin>1704</xmin>
      <ymin>1152</ymin>
      <xmax>2080</xmax>
      <ymax>1351</ymax>
    </bndbox>
  </object>
</annotation>
