<?xml version='1.0' encoding='UTF-8'?>
<annotation>
  <folder>images</folder>
  <filename>frame_288.jpg</filename>
  <object>
    <name>bird</name>
    <bndbox>
      <xmin>3053</xmin>
      <ymin>1078</ymin>
      <xmax>3443</xmax>
      <ymax>1375</ymax>
    </bndbox>
  </object>
  <object>
    <name>bird</name>
    <bndbox>
      <xmin>785</xmin>
      <ymin>1655</ymin>
      <xmax>1192</xmax>
      <ymax>1947</ymax>
    </bndbox>
  </object>
  <object>
    <name>bird</name>
    <bndbox>
      <xmin>1106</xmin>
      <ymin>1032</ymin>
      <xmax>1507</xmax>
      <ymax>1263</ymax>
    </bndbox>
  </object>
  <object>
    <name>bird</name>
    <bndbox>
      <xmin>2168</xmin>
      <ymin>1293</ymin>
      <xmax>2494</xmax>
      <ymax>1673</ymax>
    </bndbox>
  </object>
  <object>
    <name>bird</name>
    <bndbox>
      <xmin>2365</xmin>
      <ymin>861</ymin>
      <xmax>2652</xmax>
      <ymax>1206</ymax>
    </bndbox>
  </object>
  <object>
    <name>bird</name>
    <bndbox>
      <xmin>175</xmin>
      <ymin>1763</ymin>
      <xmax>517</xmax>
      <ymax>2074</ymax>
    </bndbox>
  </object>
  <object>
    <name>bird</name>
    <bndbox>
      <xmin>2150</xmin>
      <ymin>658</ymin>
      <xmax>2522</xmax>
      <ymax>867</ymax>
    </bndbox>
  </object>
  <object>
    <name>bird</name>
    <bndbox>
      <xmin>1991</xmin>
      <ymin>905</ymin>
      <xmax>2180</xmax>
      <ymax>1119</ymax>
    </bndbox>
  </object>
  <object>
    <name>bird</name>
    <bndbox>
      <xmin>1201</xmin>
      <ymin>876</ymin>
      <xmax>1755</xmax>
      <ymax>1136</ymax>
    </bndbox>
  </object>
  <object>
    <name>bird</name>
    <bndbox>
      <xmin>2589</xmin>
      <ymin>816</ymin>
      <xmax>2910</xmax>
      <ymax>1018</ymax>
    </bndbox>
  </object>
</annotation>
