<?xml version='1.0' encoding='UTF-8'?>
<annotation>
  <folder>images</folder>
  <filename>frame_79.jpg</filename>
  <object>
    <name>bird</name>
    <bndbox>
      <xmin>2702</xmin>
      <ymin>972</ymin>
      <xmax>3454</xmax>
      <ymax>1519</ymax>
    </bndbox>
  </object>
  <object>
    <name>bird</name>
    <bndbox>
      <xmin>775</xmin>
      <ymin>270</ymin>
      <xmax>1337</xmax>
      <ymax>598</ymax>
    </bndbox>
  </object>
  <object>
    <name>bird</name>
    <bndbox>
      <xmin>1294</xmin>
      <ymin>854</ymin>
      <xmax>1826</xmax>
      <ymax>1281</ymax>
    </bndbox>
  </object>
  <object>
    <name>bird</name>
    <bndbox>
      <xmin>2008</xmin>
      <ymin>1172</ymin>
      <xmax>2362</xmax>
      <ymax>1520</ymax>
    </bndbox>
  </object>
  <object>
    <name>bird</name>
    <bndbox>
      <xmin>1089</xmin>
      <ymin>1212</ymin>
      <xmax>1662</xmax>
      <ymax>1529</ymax>
    </bndbox>
  </object>
  <object>
    <name>bird</name>
    <bndbox>
      <xmin>1613</xmin>
      <ymin>719</ymin>
      <xmax>1990</xmax>
      <ymax>1188</ymax>
    </bndbox>
  </object>
  <object>
    <name>bird</name>
    <bndbox>
      <xmin>2008</xmin>
      <ymin>644</ymin>
      <xmax>2304</xmax>
      <ymax>1180</ymax>
    </bndbox>
  </object>
  <object>
    <name>bird</name>
    <bndbox>
      <xmin>2322</xmin>
      <ymin>1084</ymin>
      <xmax>2856</xmax>
      <ymax>1392</ymax>
    </bndbox>
  </object>
  <object>
    <name>bird</name>
    <bndbox>
      <xmin>2777</xmin>
      <ymin>752</ymin>
      <xmax>3585</xmax>
      <ymax>1167</ymax>
    </bndbox>
  </object>
  <object>
    <name>bird</name>
    <bndbox>
      <xmin>2446</xmin>
      <ymin>495</ymin>
      <xmax>3498</xmax>
      <ymax>982</ymax>
    </bndbox>
  </object>
  <object>
    <name>bird</name>
    <bndbox>
      <xmin>2276</xmin>
      <ymin>743</ymin>
      <xmax>2778</xmax>
      <ymax>1130</ymax>
    </bndbox>
  </object>
  <object>
    <name>bird</name>
    <bndbox>
      <xmin>886</xmin>
      <ymin>756</ymin>
      <xmax>1585</xmax>
      <ymax>1098</ymax>
    </bndbox>
  </object>
  <object>
    <name>bird</name>
    <bndbox>
      <xmin>0</xmin>
      <ymin>179</ymin>
      <xmax>73</xmax>
      <ymax>371</ymax>
    </bndbox>
  </object>
</annotation>
