<?xml version='1.0' encoding='UTF-8'?>
<annotation>
  <folder>images</folder>
  <filename>frame_130.jpg</filename>
  <object>
    <name>bird</name>
    <bndbox>
      <xmin>1808</xmin>
      <ymin>1384</ymin>
      <xmax>2232</xmax>
      <ymax>1655</ymax>
    </bndbox>
  </object>
  <object>
    <name>bird</name>
    <bndbox>
      <xmin>1039</xmin>
      <ymin>1200</ymin>
      <xmax>1654</xmax>
      <ymax>1501</ymax>
    </bndbox>
  </object>
  <object>
    <name>bird</name>
    <bndbox>
      <xmin>1371</xmin>
      <ymin>878</ymin>
      <xmax>1613</xmax>
      <ymax>1302</ymax>
    </bndbox>
  </object>
  <object>
    <name>bird</name>
    <bndbox>
      <xmin>1574</xmin>
      <ymin>1073</ymin>
      <xmax>2295</xmax>
      <ymax>1381</ymax>
    </bndbox>
  </object>
  <object>
    <name>bird</name>
    <bndbox>
      <xmin>1681</xmin>
      <ymin>662</ymin>
      <xmax>1897</xmax>
      <ymax>994</ymax>
    </bndbox>
  </object>
  <object>
    <name>bird</name>
    <bndbox>
      <xmin>361</xmin>
      <ymin>682</ymin>
      <xmax>628</xmax>
      <ymax>1007</ymax>
    </bndbox>
  </object>
  <object>
    <name>bird</name>
    <bndbox>
      <xmin>970</xmin>
      <ymin>910</ymin>
      <xmax>1414</xmax>
      <ymax>1138</ymax>
    </bndbox>
  </object>
  <object>
    <name>bird</name>
    <bndbox>
      <xmin>1930</xmin>
      <ymin>1190</ymin>
      <xmax>2355</xmax>
      <ymax>1420</ymax>
    </bndbox>
  </object>
  <object>
    <name>bird</name>
    <bndbox>
      <xmin>686</xmin>
      <ymin>1090</ymin>
      <xmax>1167</xmax>
      <ymax>1347</ymax>
    </bndbox>
  </object>
  <object>
    <name>bird</name>
    <bndbox>
      <xmin>21</xmin>
      <ymin>1289</ymin>
      <xmax>266</xmax>
      <ymax>1684</ymax>
    </bndbox>
  </object>
  <object>
    <name>bird</name>
    <bndbox>
      <xmin>1986</xmin>
      <ymin>901</ymin>
      <xmax>2446</xmax>
      <ymax>1096</ymax>
    </bndbox>
  </object>
  <object>
    <name>bird</name>
    <bndbox>
      <xmin>1607</xmin>
      <ymin>861</ymin>
      <xmax>1812</xmax>
      <ymax>1197</ymax>
    </bndbox>
  </object>
  <object>
    <name>bird</name>
    <bndbox>
      <xmin>1863</xmin>
      <ymin>723</ymin>
      <xmax>2140</xmax>
      <ymax>1001</ymax>
    </bndbox>
  </object>
</annotation>
