<?xml version='1.0' encoding='UTF-8'?>
<annotation>
  <folder>images</folder>
  <filename>frame_293.jpg</filename>
  <object>
    <name>bird</name>
    <bndbox>
      <xmin>3055</xmin>
      <ymin>1020</ymin>
      <xmax>3434</xmax>
      <ymax>1335</ymax>
    </bndbox>
  </object>
  <object>
    <name>bird</name>
    <bndbox>
      <xmin>944</xmin>
      <ymin>1551</ymin>
      <xmax>1456</xmax>
      <ymax>1945</ymax>
    </bndbox>
  </object>
  <object>
    <name>bird</name>
    <bndbox>
      <xmin>1134</xmin>
      <ymin>1050</ymin>
      <xmax>1506</xmax>
      <ymax>1271</ymax>
    </bndbox>
  </object>
  <object>
    <name>bird</name>
    <bndbox>
      <xmin>1935</xmin>
      <ymin>1227</ymin>
      <xmax>2310</xmax>
      <ymax>1574</ymax>
    </bndbox>
  </object>
  <object>
    <name>bird</name>
    <bndbox>
      <xmin>435</xmin>
      <ymin>1802</ymin>
      <xmax>765</xmax>
      <ymax>2086</ymax>
    </bndbox>
  </object>
  <object>
    <name>bird</name>
    <bndbox>
      <xmin>1999</xmin>
      <ymin>915</ymin>
      <xmax>2188</xmax>
      <ymax>1130</ymax>
    </bndbox>
  </object>
  <object>
    <name>bird</name>
    <bndbox>
      <xmin>2500</xmin>
      <ymin>792</ymin>
      <xmax>2886</xmax>
      <ymax>1018</ymax>
    </bndbox>
  </object>
  <object>
    <name>bird</name>
    <bndbox>
      <xmin>49</xmin>
      <ymin>1836</ymin>
      <xmax>501</xmax>
      <ymax>2158</ymax>
    </bndbox>
  </object>
  <object>
    <name>bird</name>
    <bndbox>
      <xmin>2132</xmin>
      <ymin>682</ymin>
      <xmax>2495</xmax>
      <ymax>882</ymax>
    </bndbox>
  </object>
  <object>
    <name>bird</name>
    <bndbox>
      <xmin>1889</xmin>
      <ymin>661</ymin>
      <xmax>2088</xmax>
      <ymax>849</ymax>
    </bndbox>
  </object>
</annotation>
