<?xml version='1.0' encoding='UTF-8'?>
<annotation>
  <folder>images</folder>
  <filename>frame_216.jpg</filename>
  <object>
    <name>bird</name>
    <bndbox>
      <xmin>2088</xmin>
      <ymin>1022</ymin>
      <xmax>2519</xmax>
      <ymax>1380</ymax>
    </bndbox>
  </object>
  <object>
    <name>bird</name>
    <bndbox>
      <xmin>1933</xmin>
      <ymin>628</ymin>
      <xmax>2216</xmax>
      <ymax>916</ymax>
    </bndbox>
  </object>
  <object>
    <name>bird</name>
    <bndbox>
      <xmin>3482</xmin>
      <ymin>1123</ymin>
      <xmax>3840</xmax>
      <ymax>1564</ymax>
    </bndbox>
  </object>
  <object>
    <name>bird</name>
    <bndbox>
      <xmin>528</xmin>
      <ymin>1192</ymin>
      <xmax>794</xmax>
      <ymax>1476</ymax>
    </bndbox>
  </object>
  <object>
    <name>bird</name>
    <bndbox>
      <xmin>125</xmin>
      <ymin>1968</ymin>
      <xmax>265</xmax>
      <ymax>2158</ymax>
    </bndbox>
  </object>
  <object>
    <name>bird</name>
    <bndbox>
      <xmin>1737</xmin>
      <ymin>1035</ymin>
      <xmax>2235</xmax>
      <ymax>1254</ymax>
    </bndbox>
  </object>
  <object>
    <name>bird</name>
    <bndbox>
      <xmin>1164</xmin>
      <ymin>937</ymin>
      <xmax>1795</xmax>
      <ymax>1277</ymax>
    </bndbox>
  </object>
  <object>
    <name>bird</name>
    <bndbox>
      <xmin>1179</xmin>
      <ymin>745</ymin>
      <xmax>1574</xmax>
      <ymax>935</ymax>
    </bndbox>
  </object>
</annotation>
