<?xml version='1.0' encoding='UTF-8'?>
<annotation>
  <folder>images</folder>
  <filename>frame_142.jpg</filename>
  <object>
    <name>bird</name>
    <bndbox>
      <xmin>1969</xmin>
      <ymin>1414</ymin>
      <xmax>2350</xmax>
      <ymax>1671</ymax>
    </bndbox>
  </object>
  <object>
    <name>bird</name>
    <bndbox>
      <xmin>1120</xmin>
      <ymin>1254</ymin>
      <xmax>1792</xmax>
      <ymax>1557</ymax>
    </bndbox>
  </object>
  <object>
    <name>bird</name>
    <bndbox>
      <xmin>1417</xmin>
      <ymin>939</ymin>
      <xmax>1664</xmax>
      <ymax>1341</ymax>
    </bndbox>
  </object>
  <object>
    <name>bird</name>
    <bndbox>
      <xmin>1698</xmin>
      <ymin>1141</ymin>
      <xmax>2222</xmax>
      <ymax>1415</ymax>
    </bndbox>
  </object>
  <object>
    <name>bird</name>
    <bndbox>
      <xmin>980</xmin>
      <ymin>756</ymin>
      <xmax>1407</xmax>
      <ymax>1016</ymax>
    </bndbox>
  </object>
  <object>
    <name>bird</name>
    <bndbox>
      <xmin>101</xmin>
      <ymin>1359</ymin>
      <xmax>520</xmax>
      <ymax>1668</ymax>
    </bndbox>
  </object>
  <object>
    <name>bird</name>
    <bndbox>
      <xmin>1668</xmin>
      <ymin>870</ymin>
      <xmax>1899</xmax>
      <ymax>1241</ymax>
    </bndbox>
  </object>
  <object>
    <name>bird</name>
    <bndbox>
      <xmin>2077</xmin>
      <ymin>1233</ymin>
      <xmax>2370</xmax>
      <ymax>1445</ymax>
    </bndbox>
  </object>
  <object>
    <name>bird</name>
    <bndbox>
      <xmin>1946</xmin>
      <ymin>1038</ymin>
      <xmax>2423</xmax>
      <ymax>1241</ymax>
    </bndbox>
  </object>
  <object>
    <name>bird</name>
    <bndbox>
      <xmin>786</xmin>
      <ymin>1145</ymin>
      <xmax>1224</xmax>
      <ymax>1400</ymax>
    </bndbox>
  </object>
  <object>
    <name>bird</name>
    <bndbox>
      <xmin>1734</xmin>
      <ymin>726</ymin>
      <xmax>1966</xmax>
      <ymax>1093</ymax>
    </bndbox>
  </object>
  <object>
    <name>bird</name>
    <bndbox>
      <xmin>1962</xmin>
      <ymin>782</ymin>
      <xmax>2213</xmax>
      <ymax>1065</ymax>
    </bndbox>
  </object>
  <object>
    <name>bird</name>
    <bndbox>
      <xmin>2320</xmin>
      <ymin>1106</ymin>
      <xmax>2760</xmax>
      <ymax>1533</ymax>
    </bndbox>
  </object>
</annotation>
