<?xml version='1.0' encoding='UTF-8'?>
<annotation>
  <folder>images</folder>
  <filename>frame_104.jpg</filename>
  <object>
    <name>bird</name>
    <bndbox>
      <xmin>128</xmin>
      <ymin>764</ymin>
      <xmax>370</xmax>
      <ymax>1099</ymax>
    </bndbox>
  </object>
  <object>
    <name>bird</name>
    <bndbox>
      <xmin>1333</xmin>
      <ymin>1100</ymin>
      <xmax>1988</xmax>
      <ymax>1447</ymax>
    </bndbox>
  </object>
  <object>
    <name>bird</name>
    <bndbox>
      <xmin>1152</xmin>
      <ymin>977</ymin>
      <xmax>1777</xmax>
      <ymax>1253</ymax>
    </bndbox>
  </object>
  <object>
    <name>bird</name>
    <bndbox>
      <xmin>613</xmin>
      <ymin>737</ymin>
      <xmax>1236</xmax>
      <ymax>1139</ymax>
    </bndbox>
  </object>
  <object>
    <name>bird</name>
    <bndbox>
      <xmin>1687</xmin>
      <ymin>619</ymin>
      <xmax>1880</xmax>
      <ymax>1049</ymax>
    </bndbox>
  </object>
  <object>
    <name>bird</name>
    <bndbox>
      <xmin>2781</xmin>
      <ymin>950</ymin>
      <xmax>3022</xmax>
      <ymax>1299</ymax>
    </bndbox>
  </object>
  <object>
    <name>bird</name>
    <bndbox>
      <xmin>2029</xmin>
      <ymin>771</ymin>
      <xmax>2391</xmax>
      <ymax>933</ymax>
    </bndbox>
  </object>
  <object>
    <name>bird</name>
    <bndbox>
      <xmin>2302</xmin>
      <ymin>540</ymin>
      <xmax>2577</xmax>
      <ymax>854</ymax>
    </bndbox>
  </object>
  <object>
    <name>bird</name>
    <bndbox>
      <xmin>1975</xmin>
      <ymin>434</ymin>
      <xmax>2509</xmax>
      <ymax>811</ymax>
    </bndbox>
  </object>
  <object>
    <name>bird</name>
    <bndbox>
      <xmin>1005</xmin>
      <ymin>654</ymin>
      <xmax>1376</xmax>
      <ymax>984</ymax>
    </bndbox>
  </object>
  <object>
    <name>bird</name>
    <bndbox>
      <xmin>2499</xmin>
      <ymin>743</ymin>
      <xmax>2892</xmax>
      <ymax>1010</ymax>
    </bndbox>
  </object>
</annotation>
