<?xml version='1.0' encoding='UTF-8'?>
<annotation>
  <folder>images</folder>
  <filename>frame_150.jpg</filename>
  <object>
    <name>bird</name>
    <bndbox>
      <xmin>1129</xmin>
      <ymin>1269</ymin>
      <xmax>1800</xmax>
      <ymax>1565</ymax>
    </bndbox>
  </object>
  <object>
    <name>bird</name>
    <bndbox>
      <xmin>1440</xmin>
      <ymin>973</ymin>
      <xmax>1681</xmax>
      <ymax>1365</ymax>
    </bndbox>
  </object>
  <object>
    <name>bird</name>
    <bndbox>
      <xmin>49</xmin>
      <ymin>1358</ymin>
      <xmax>603</xmax>
      <ymax>1680</ymax>
    </bndbox>
  </object>
  <object>
    <name>bird</name>
    <bndbox>
      <xmin>1690</xmin>
      <ymin>879</ymin>
      <xmax>1903</xmax>
      <ymax>1205</ymax>
    </bndbox>
  </object>
  <object>
    <name>bird</name>
    <bndbox>
      <xmin>826</xmin>
      <ymin>1160</ymin>
      <xmax>1237</xmax>
      <ymax>1404</ymax>
    </bndbox>
  </object>
  <object>
    <name>bird</name>
    <bndbox>
      <xmin>1761</xmin>
      <ymin>755</ymin>
      <xmax>1983</xmax>
      <ymax>1115</ymax>
    </bndbox>
  </object>
  <object>
    <name>bird</name>
    <bndbox>
      <xmin>1710</xmin>
      <ymin>1147</ymin>
      <xmax>2152</xmax>
      <ymax>1399</ymax>
    </bndbox>
  </object>
  <object>
    <name>bird</name>
    <bndbox>
      <xmin>1995</xmin>
      <ymin>1423</ymin>
      <xmax>2336</xmax>
      <ymax>1673</ymax>
    </bndbox>
  </object>
  <object>
    <name>bird</name>
    <bndbox>
      <xmin>919</xmin>
      <ymin>773</ymin>
      <xmax>1488</xmax>
      <ymax>1133</ymax>
    </bndbox>
  </object>
</annotation>
