<?xml version='1.0' encoding='UTF-8'?>
<annotation>
  <folder>images</folder>
  <filename>frame_141.jpg</filename>
  <object>
    <name>bird</name>
    <bndbox>
      <xmin>1960</xmin>
      <ymin>1414</ymin>
      <xmax>2347</xmax>
      <ymax>1670</ymax>
    </bndbox>
  </object>
  <object>
    <name>bird</name>
    <bndbox>
      <xmin>1112</xmin>
      <ymin>1239</ymin>
      <xmax>1788</xmax>
      <ymax>1547</ymax>
    </bndbox>
  </object>
  <object>
    <name>bird</name>
    <bndbox>
      <xmin>1410</xmin>
      <ymin>936</ymin>
      <xmax>1657</xmax>
      <ymax>1337</ymax>
    </bndbox>
  </object>
  <object>
    <name>bird</name>
    <bndbox>
      <xmin>1690</xmin>
      <ymin>1130</ymin>
      <xmax>2224</xmax>
      <ymax>1405</ymax>
    </bndbox>
  </object>
  <object>
    <name>bird</name>
    <bndbox>
      <xmin>978</xmin>
      <ymin>746</ymin>
      <xmax>1418</xmax>
      <ymax>1018</ymax>
    </bndbox>
  </object>
  <object>
    <name>bird</name>
    <bndbox>
      <xmin>118</xmin>
      <ymin>1354</ymin>
      <xmax>515</xmax>
      <ymax>1659</ymax>
    </bndbox>
  </object>
  <object>
    <name>bird</name>
    <bndbox>
      <xmin>1658</xmin>
      <ymin>862</ymin>
      <xmax>1897</xmax>
      <ymax>1244</ymax>
    </bndbox>
  </object>
  <object>
    <name>bird</name>
    <bndbox>
      <xmin>2069</xmin>
      <ymin>1229</ymin>
      <xmax>2366</xmax>
      <ymax>1440</ymax>
    </bndbox>
  </object>
  <object>
    <name>bird</name>
    <bndbox>
      <xmin>1928</xmin>
      <ymin>1038</ymin>
      <xmax>2393</xmax>
      <ymax>1236</ymax>
    </bndbox>
  </object>
  <object>
    <name>bird</name>
    <bndbox>
      <xmin>798</xmin>
      <ymin>1141</ymin>
      <xmax>1234</xmax>
      <ymax>1391</ymax>
    </bndbox>
  </object>
  <object>
    <name>bird</name>
    <bndbox>
      <xmin>1731</xmin>
      <ymin>724</ymin>
      <xmax>1964</xmax>
      <ymax>1091</ymax>
    </bndbox>
  </object>
  <object>
    <name>bird</name>
    <bndbox>
      <xmin>1950</xmin>
      <ymin>774</ymin>
      <xmax>2210</xmax>
      <ymax>1066</ymax>
    </bndbox>
  </object>
  <object>
    <name>bird</name>
    <bndbox>
      <xmin>1070</xmin>
      <ymin>941</ymin>
      <xmax>1554</xmax>
      <ymax>1183</ymax>
    </bndbox>
  </object>
  <object>
    <name>bird</name>
    <bndbox>
      <xmin>2358</xmin>
      <ymin>1101</ymin>
      <xmax>2705</xmax>
      <ymax>1417</ymax>
    </bndbox>
  </object>
</annotation>
