<?xml version='1.0' encoding='UTF-8'?>
<annotation>
  <folder>images</folder>
  <filename>frame_327.jpg</filename>
  <object>
    <name>bird</name>
    <bndbox>
      <xmin>1564</xmin>
      <ymin>1692</ymin>
      <xmax>2099</xmax>
      <ymax>1960</ymax>
    </bndbox>
  </object>
  <object>
    <name>bird</name>
    <bndbox>
      <xmin>608</xmin>
      <ymin>1185</ymin>
      <xmax>1103</xmax>
      <ymax>1482</ymax>
    </bndbox>
  </object>
  <object>
    <name>bird</name>
    <bndbox>
      <xmin>551</xmin>
      <ymin>1704</ymin>
      <xmax>1110</xmax>
      <ymax>2121</ymax>
    </bndbox>
  </object>
  <object>
    <name>bird</name>
    <bndbox>
      <xmin>1772</xmin>
      <ymin>1069</ymin>
      <xmax>1995</xmax>
      <ymax>1302</ymax>
    </bndbox>
  </object>
  <object>
    <name>bird</name>
    <bndbox>
      <xmin>2743</xmin>
      <ymin>904</ymin>
      <xmax>3140</xmax>
      <ymax>1143</ymax>
    </bndbox>
  </object>
  <object>
    <name>bird</name>
    <bndbox>
      <xmin>873</xmin>
      <ymin>933</ymin>
      <xmax>1273</xmax>
      <ymax>1136</ymax>
    </bndbox>
  </object>
  <object>
    <name>bird</name>
    <bndbox>
      <xmin>1097</xmin>
      <ymin>1160</ymin>
      <xmax>1512</xmax>
      <ymax>1380</ymax>
    </bndbox>
  </object>
  <object>
    <name>bird</name>
    <bndbox>
      <xmin>1448</xmin>
      <ymin>1049</ymin>
      <xmax>1773</xmax>
      <ymax>1253</ymax>
    </bndbox>
  </object>
  <object>
    <name>bird</name>
    <bndbox>
      <xmin>532</xmin>
      <ymin>851</ymin>
      <xmax>761</xmax>
      <ymax>1094</ymax>
    </bndbox>
  </object>
  <object>
    <name>bird</name>
    <bndbox>
      <xmin>1328</xmin>
      <ymin>1955</ymin>
      <xmax>1728</xmax>
      <ymax>2159</ymax>
    </bndbox>
  </object>
</annotation>
