<?xml version='1.0' encoding='UTF-8'?>
<annotation>
  <folder>images</folder>
  <filename>frame_2.jpg</filename>
  <object>
    <name>bird</name>
    <bndbox>
      <xmin>501</xmin>
      <ymin>326</ymin>
      <xmax>1084</xmax>
      <ymax>626</ymax>
    </bndbox>
  </object>
  <object>
    <name>bird</name>
    <bndbox>
      <xmin>2705</xmin>
      <ymin>285</ymin>
      <xmax>3259</xmax>
      <ymax>621</ymax>
    </bndbox>
  </object>
  <object>
    <name>bird</name>
    <bndbox>
      <xmin>547</xmin>
      <ymin>642</ymin>
      <xmax>1114</xmax>
      <ymax>990</ymax>
    </bndbox>
  </object>
  <object>
    <name>bird</name>
    <bndbox>
      <xmin>2168</xmin>
      <ymin>612</ymin>
      <xmax>2435</xmax>
      <ymax>919</ymax>
    </bndbox>
  </object>
  <object>
    <name>bird</name>
    <bndbox>
      <xmin>1556</xmin>
      <ymin>0</ymin>
      <xmax>1878</xmax>
      <ymax>204</ymax>
    </bndbox>
  </object>
  <object>
    <name>bird</name>
    <bndbox>
      <xmin>1591</xmin>
      <ymin>1139</ymin>
      <xmax>1925</xmax>
      <ymax>1458</ymax>
    </bndbox>
  </object>
  <object>
    <name>bird</name>
    <bndbox>
      <xmin>1520</xmin>
      <ymin>538</ymin>
      <xmax>2055</xmax>
      <ymax>1035</ymax>
    </bndbox>
  </object>
  <object>
    <name>bird</name>
    <bndbox>
      <xmin>1310</xmin>
      <ymin>568</ymin>
      <xmax>1556</xmax>
      <ymax>994</ymax>
    </bndbox>
  </object>
  <object>
    <name>bird</name>
    <bndbox>
      <xmin>1120</xmin>
      <ymin>449</ymin>
      <xmax>1381</xmax>
      <ymax>912</ymax>
    </bndbox>
  </object>
  <object>
    <name>bird</name>
    <bndbox>
      <xmin>1746</xmin>
      <ymin>1018</ymin>
      <xmax>2156</xmax>
      <ymax>1354</ymax>
    </bndbox>
  </object>
  <object>
    <name>bird</name>
    <bndbox>
      <xmin>892</xmin>
      <ymin>955</ymin>
      <xmax>1440</xmax>
      <ymax>1176</ymax>
    </bndbox>
  </object>
  <object>
    <name>bird</name>
    <bndbox>
      <xmin>2058</xmin>
      <ymin>1013</ymin>
      <xmax>2628</xmax>
      <ymax>1264</ymax>
    </bndbox>
  </object>
</annotation>
