<?xml version='1.0' encoding='UTF-8'?>
<annotation>
  <folder>images</folder>
  <filename>frame_265.jpg</filename>
  <object>
    <name>bird</name>
    <bndbox>
      <xmin>2438</xmin>
      <ymin>879</ymin>
      <xmax>2621</xmax>
      <ymax>1047</ymax>
    </bndbox>
  </object>
  <object>
    <name>bird</name>
    <bndbox>
      <xmin>2002</xmin>
      <ymin>1494</ymin>
      <xmax>2609</xmax>
      <ymax>1800</ymax>
    </bndbox>
  </object>
  <object>
    <name>bird</name>
    <bndbox>
      <xmin>2429</xmin>
      <ymin>1198</ymin>
      <xmax>2807</xmax>
      <ymax>1460</ymax>
    </bndbox>
  </object>
  <object>
    <name>bird</name>
    <bndbox>
      <xmin>521</xmin>
      <ymin>1133</ymin>
      <xmax>1070</xmax>
      <ymax>1362</ymax>
    </bndbox>
  </object>
  <object>
    <name>bird</name>
    <bndbox>
      <xmin>1801</xmin>
      <ymin>1144</ymin>
      <xmax>2046</xmax>
      <ymax>1381</ymax>
    </bndbox>
  </object>
  <object>
    <name>bird</name>
    <bndbox>
      <xmin>1875</xmin>
      <ymin>810</ymin>
      <xmax>2351</xmax>
      <ymax>1027</ymax>
    </bndbox>
  </object>
  <object>
    <name>bird</name>
    <bndbox>
      <xmin>952</xmin>
      <ymin>999</ymin>
      <xmax>1318</xmax>
      <ymax>1155</ymax>
    </bndbox>
  </object>
  <object>
    <name>bird</name>
    <bndbox>
      <xmin>1700</xmin>
      <ymin>775</ymin>
      <xmax>1884</xmax>
      <ymax>1069</ymax>
    </bndbox>
  </object>
</annotation>
