<?xml version='1.0' encoding='UTF-8'?>
<annotation>
  <folder>images</folder>
  <filename>frame_337.jpg</filename>
  <object>
    <name>bird</name>
    <bndbox>
      <xmin>1430</xmin>
      <ymin>1708</ymin>
      <xmax>2047</xmax>
      <ymax>1976</ymax>
    </bndbox>
  </object>
  <object>
    <name>bird</name>
    <bndbox>
      <xmin>408</xmin>
      <ymin>1234</ymin>
      <xmax>877</xmax>
      <ymax>1473</ymax>
    </bndbox>
  </object>
  <object>
    <name>bird</name>
    <bndbox>
      <xmin>543</xmin>
      <ymin>1771</ymin>
      <xmax>923</xmax>
      <ymax>2159</ymax>
    </bndbox>
  </object>
  <object>
    <name>bird</name>
    <bndbox>
      <xmin>2934</xmin>
      <ymin>1020</ymin>
      <xmax>3253</xmax>
      <ymax>1299</ymax>
    </bndbox>
  </object>
  <object>
    <name>bird</name>
    <bndbox>
      <xmin>1097</xmin>
      <ymin>1177</ymin>
      <xmax>1425</xmax>
      <ymax>1403</ymax>
    </bndbox>
  </object>
  <object>
    <name>bird</name>
    <bndbox>
      <xmin>1423</xmin>
      <ymin>1075</ymin>
      <xmax>1738</xmax>
      <ymax>1293</ymax>
    </bndbox>
  </object>
  <object>
    <name>bird</name>
    <bndbox>
      <xmin>2817</xmin>
      <ymin>1632</ymin>
      <xmax>3099</xmax>
      <ymax>1979</ymax>
    </bndbox>
  </object>
  <object>
    <name>bird</name>
    <bndbox>
      <xmin>1883</xmin>
      <ymin>811</ymin>
      <xmax>2234</xmax>
      <ymax>983</ymax>
    </bndbox>
  </object>
  <object>
    <name>bird</name>
    <bndbox>
      <xmin>897</xmin>
      <ymin>947</ymin>
      <xmax>1286</xmax>
      <ymax>1142</ymax>
    </bndbox>
  </object>
  <object>
    <name>bird</name>
    <bndbox>
      <xmin>1711</xmin>
      <ymin>1097</ymin>
      <xmax>1971</xmax>
      <ymax>1334</ymax>
    </bndbox>
  </object>
  <object>
    <name>bird</name>
    <bndbox>
      <xmin>1330</xmin>
      <ymin>1999</ymin>
      <xmax>1752</xmax>
      <ymax>2160</ymax>
    </bndbox>
  </object>
</annotation>
