<?xml version='1.0' encoding='UTF-8'?>
<annotation>
  <folder>images</folder>
  <filename>frame_220.jpg</filename>
  <object>
    <name>bird</name>
    <bndbox>
      <xmin>1948</xmin>
      <ymin>658</ymin>
      <xmax>2223</xmax>
      <ymax>940</ymax>
    </bndbox>
  </object>
  <object>
    <name>bird</name>
    <bndbox>
      <xmin>3465</xmin>
      <ymin>1065</ymin>
      <xmax>3840</xmax>
      <ymax>1443</ymax>
    </bndbox>
  </object>
  <object>
    <name>bird</name>
    <bndbox>
      <xmin>693</xmin>
      <ymin>1205</ymin>
      <xmax>1063</xmax>
      <ymax>1511</ymax>
    </bndbox>
  </object>
  <object>
    <name>bird</name>
    <bndbox>
      <xmin>1149</xmin>
      <ymin>793</ymin>
      <xmax>1547</xmax>
      <ymax>982</ymax>
    </bndbox>
  </object>
  <object>
    <name>bird</name>
    <bndbox>
      <xmin>2211</xmin>
      <ymin>1134</ymin>
      <xmax>2527</xmax>
      <ymax>1381</ymax>
    </bndbox>
  </object>
  <object>
    <name>bird</name>
    <bndbox>
      <xmin>2255</xmin>
      <ymin>1024</ymin>
      <xmax>2633</xmax>
      <ymax>1180</ymax>
    </bndbox>
  </object>
</annotation>
