<?xml version='1.0' encoding='UTF-8'?>
<annotation>
  <folder>images</folder>
  <filename>frame_11.jpg</filename>
  <object>
    <name>bird</name>
    <bndbox>
      <xmin>484</xmin>
      <ymin>271</ymin>
      <xmax>1089</xmax>
      <ymax>706</ymax>
    </bndbox>
  </object>
  <object>
    <name>bird</name>
    <bndbox>
      <xmin>2404</xmin>
      <ymin>357</ymin>
      <xmax>2939</xmax>
      <ymax>670</ymax>
    </bndbox>
  </object>
  <object>
    <name>bird</name>
    <bndbox>
      <xmin>515</xmin>
      <ymin>661</ymin>
      <xmax>1059</xmax>
      <ymax>1002</ymax>
    </bndbox>
  </object>
  <object>
    <name>bird</name>
    <bndbox>
      <xmin>1452</xmin>
      <ymin>32</ymin>
      <xmax>1804</xmax>
      <ymax>293</ymax>
    </bndbox>
  </object>
  <object>
    <name>bird</name>
    <bndbox>
      <xmin>1531</xmin>
      <ymin>595</ymin>
      <xmax>2002</xmax>
      <ymax>1026</ymax>
    </bndbox>
  </object>
  <object>
    <name>bird</name>
    <bndbox>
      <xmin>1274</xmin>
      <ymin>626</ymin>
      <xmax>1517</xmax>
      <ymax>1006</ymax>
    </bndbox>
  </object>
  <object>
    <name>bird</name>
    <bndbox>
      <xmin>1095</xmin>
      <ymin>462</ymin>
      <xmax>1368</xmax>
      <ymax>921</ymax>
    </bndbox>
  </object>
  <object>
    <name>bird</name>
    <bndbox>
      <xmin>1570</xmin>
      <ymin>1148</ymin>
      <xmax>1882</xmax>
      <ymax>1444</ymax>
    </bndbox>
  </object>
  <object>
    <name>bird</name>
    <bndbox>
      <xmin>1573</xmin>
      <ymin>843</ymin>
      <xmax>2126</xmax>
      <ymax>1093</ymax>
    </bndbox>
  </object>
  <object>
    <name>bird</name>
    <bndbox>
      <xmin>2097</xmin>
      <ymin>647</ymin>
      <xmax>2477</xmax>
      <ymax>997</ymax>
    </bndbox>
  </object>
</annotation>
