<?xml version='1.0' encoding='UTF-8'?>
<annotation>
  <folder>images</folder>
  <filename>frame_162.jpg</filename>
  <object>
    <name>bird</name>
    <bndbox>
      <xmin>17</xmin>
      <ymin>1364</ymin>
      <xmax>633</xmax>
      <ymax>1690</ymax>
    </bndbox>
  </object>
  <object>
    <name>bird</name>
    <bndbox>
      <xmin>1619</xmin>
      <ymin>768</ymin>
      <xmax>1843</xmax>
      <ymax>1129</ymax>
    </bndbox>
  </object>
  <object>
    <name>bird</name>
    <bndbox>
      <xmin>1849</xmin>
      <ymin>798</ymin>
      <xmax>2118</xmax>
      <ymax>1104</ymax>
    </bndbox>
  </object>
  <object>
    <name>bird</name>
    <bndbox>
      <xmin>953</xmin>
      <ymin>853</ymin>
      <xmax>1395</xmax>
      <ymax>1049</ymax>
    </bndbox>
  </object>
  <object>
    <name>bird</name>
    <bndbox>
      <xmin>1873</xmin>
      <ymin>1422</ymin>
      <xmax>2228</xmax>
      <ymax>1690</ymax>
    </bndbox>
  </object>
  <object>
    <name>bird</name>
    <bndbox>
      <xmin>5</xmin>
      <ymin>1072</ymin>
      <xmax>217</xmax>
      <ymax>1366</ymax>
    </bndbox>
  </object>
  <object>
    <name>bird</name>
    <bndbox>
      <xmin>1898</xmin>
      <ymin>984</ymin>
      <xmax>2274</xmax>
      <ymax>1117</ymax>
    </bndbox>
  </object>
  <object>
    <name>bird</name>
    <bndbox>
      <xmin>2347</xmin>
      <ymin>1112</ymin>
      <xmax>2530</xmax>
      <ymax>1349</ymax>
    </bndbox>
  </object>
  <object>
    <name>bird</name>
    <bndbox>
      <xmin>1271</xmin>
      <ymin>1107</ymin>
      <xmax>1548</xmax>
      <ymax>1423</ymax>
    </bndbox>
  </object>
  <object>
    <name>bird</name>
    <bndbox>
      <xmin>1500</xmin>
      <ymin>1161</ymin>
      <xmax>1952</xmax>
      <ymax>1418</ymax>
    </bndbox>
  </object>
</annotation>
