<?xml version='1.0' encoding='UTF-8'?>
<annotation>
  <folder>images</folder>
  <filename>frame_101.jpg</filename>
  <object>
    <name>bird</name>
    <bndbox>
      <xmin>276</xmin>
      <ymin>796</ymin>
      <xmax>487</xmax>
      <ymax>1131</ymax>
    </bndbox>
  </object>
  <object>
    <name>bird</name>
    <bndbox>
      <xmin>1308</xmin>
      <ymin>703</ymin>
      <xmax>1640</xmax>
      <ymax>1084</ymax>
    </bndbox>
  </object>
  <object>
    <name>bird</name>
    <bndbox>
      <xmin>1485</xmin>
      <ymin>1292</ymin>
      <xmax>2021</xmax>
      <ymax>1571</ymax>
    </bndbox>
  </object>
  <object>
    <name>bird</name>
    <bndbox>
      <xmin>1231</xmin>
      <ymin>1076</ymin>
      <xmax>1903</xmax>
      <ymax>1384</ymax>
    </bndbox>
  </object>
  <object>
    <name>bird</name>
    <bndbox>
      <xmin>1899</xmin>
      <ymin>1170</ymin>
      <xmax>2335</xmax>
      <ymax>1464</ymax>
    </bndbox>
  </object>
  <object>
    <name>bird</name>
    <bndbox>
      <xmin>2613</xmin>
      <ymin>875</ymin>
      <xmax>3072</xmax>
      <ymax>1151</ymax>
    </bndbox>
  </object>
  <object>
    <name>bird</name>
    <bndbox>
      <xmin>730</xmin>
      <ymin>875</ymin>
      <xmax>1290</xmax>
      <ymax>1234</ymax>
    </bndbox>
  </object>
  <object>
    <name>bird</name>
    <bndbox>
      <xmin>1798</xmin>
      <ymin>638</ymin>
      <xmax>2033</xmax>
      <ymax>1182</ymax>
    </bndbox>
  </object>
  <object>
    <name>bird</name>
    <bndbox>
      <xmin>2424</xmin>
      <ymin>674</ymin>
      <xmax>2802</xmax>
      <ymax>985</ymax>
    </bndbox>
  </object>
  <object>
    <name>bird</name>
    <bndbox>
      <xmin>2857</xmin>
      <ymin>1124</ymin>
      <xmax>3141</xmax>
      <ymax>1551</ymax>
    </bndbox>
  </object>
</annotation>
