<?xml version='1.0' encoding='UTF-8'?>
<annotation>
  <folder>images</folder>
  <filename>frame_43.jpg</filename>
  <object>
    <name>bird</name>
    <bndbox>
      <xmin>278</xmin>
      <ymin>548</ymin>
      <xmax>695</xmax>
      <ymax>925</ymax>
    </bndbox>
  </object>
  <object>
    <name>bird</name>
    <bndbox>
      <xmin>1552</xmin>
      <ymin>573</ymin>
      <xmax>2115</xmax>
      <ymax>1068</ymax>
    </bndbox>
  </object>
  <object>
    <name>bird</name>
    <bndbox>
      <xmin>1209</xmin>
      <ymin>667</ymin>
      <xmax>1570</xmax>
      <ymax>1093</ymax>
    </bndbox>
  </object>
  <object>
    <name>bird</name>
    <bndbox>
      <xmin>1655</xmin>
      <ymin>1258</ymin>
      <xmax>2195</xmax>
      <ymax>1567</ymax>
    </bndbox>
  </object>
  <object>
    <name>bird</name>
    <bndbox>
      <xmin>2081</xmin>
      <ymin>695</ymin>
      <xmax>2635</xmax>
      <ymax>953</ymax>
    </bndbox>
  </object>
  <object>
    <name>bird</name>
    <bndbox>
      <xmin>2067</xmin>
      <ymin>180</ymin>
      <xmax>2567</xmax>
      <ymax>518</ymax>
    </bndbox>
  </object>
  <object>
    <name>bird</name>
    <bndbox>
      <xmin>2097</xmin>
      <ymin>1142</ymin>
      <xmax>2584</xmax>
      <ymax>1443</ymax>
    </bndbox>
  </object>
  <object>
    <name>bird</name>
    <bndbox>
      <xmin>1328</xmin>
      <ymin>0</ymin>
      <xmax>1678</xmax>
      <ymax>110</ymax>
    </bndbox>
  </object>
  <object>
    <name>bird</name>
    <bndbox>
      <xmin>1021</xmin>
      <ymin>627</ymin>
      <xmax>1274</xmax>
      <ymax>1093</ymax>
    </bndbox>
  </object>
  <object>
    <name>bird</name>
    <bndbox>
      <xmin>903</xmin>
      <ymin>1047</ymin>
      <xmax>1474</xmax>
      <ymax>1326</ymax>
    </bndbox>
  </object>
  <object>
    <name>bird</name>
    <bndbox>
      <xmin>569</xmin>
      <ymin>0</ymin>
      <xmax>868</xmax>
      <ymax>173</ymax>
    </bndbox>
  </object>
  <object>
    <name>bird</name>
    <bndbox>
      <xmin>1835</xmin>
      <ymin>891</ymin>
      <xmax>2326</xmax>
      <ymax>1153</ymax>
    </bndbox>
  </object>
  <object>
    <name>bird</name>
    <bndbox>
      <xmin>418</xmin>
      <ymin>899</ymin>
      <xmax>1095</xmax>
      <ymax>1180</ymax>
    </bndbox>
  </object>
</annotation>
