<?xml version='1.0' encoding='UTF-8'?>
<annotation>
  <folder>images</folder>
  <filename>frame_15.jpg</filename>
  <object>
    <name>bird</name>
    <bndbox>
      <xmin>560</xmin>
      <ymin>283</ymin>
      <xmax>1031</xmax>
      <ymax>699</ymax>
    </bndbox>
  </object>
  <object>
    <name>bird</name>
    <bndbox>
      <xmin>2301</xmin>
      <ymin>376</ymin>
      <xmax>2820</xmax>
      <ymax>668</ymax>
    </bndbox>
  </object>
  <object>
    <name>bird</name>
    <bndbox>
      <xmin>500</xmin>
      <ymin>662</ymin>
      <xmax>1076</xmax>
      <ymax>1032</ymax>
    </bndbox>
  </object>
  <object>
    <name>bird</name>
    <bndbox>
      <xmin>1349</xmin>
      <ymin>71</ymin>
      <xmax>1781</xmax>
      <ymax>359</ymax>
    </bndbox>
  </object>
  <object>
    <name>bird</name>
    <bndbox>
      <xmin>1517</xmin>
      <ymin>587</ymin>
      <xmax>2010</xmax>
      <ymax>1027</ymax>
    </bndbox>
  </object>
  <object>
    <name>bird</name>
    <bndbox>
      <xmin>1241</xmin>
      <ymin>570</ymin>
      <xmax>1524</xmax>
      <ymax>1006</ymax>
    </bndbox>
  </object>
  <object>
    <name>bird</name>
    <bndbox>
      <xmin>1084</xmin>
      <ymin>465</ymin>
      <xmax>1365</xmax>
      <ymax>927</ymax>
    </bndbox>
  </object>
  <object>
    <name>bird</name>
    <bndbox>
      <xmin>1597</xmin>
      <ymin>1171</ymin>
      <xmax>1959</xmax>
      <ymax>1481</ymax>
    </bndbox>
  </object>
  <object>
    <name>bird</name>
    <bndbox>
      <xmin>1626</xmin>
      <ymin>839</ymin>
      <xmax>2161</xmax>
      <ymax>1098</ymax>
    </bndbox>
  </object>
  <object>
    <name>bird</name>
    <bndbox>
      <xmin>2072</xmin>
      <ymin>687</ymin>
      <xmax>2484</xmax>
      <ymax>995</ymax>
    </bndbox>
  </object>
  <object>
    <name>bird</name>
    <bndbox>
      <xmin>1050</xmin>
      <ymin>0</ymin>
      <xmax>1234</xmax>
      <ymax>105</ymax>
    </bndbox>
  </object>
  <object>
    <name>bird</name>
    <bndbox>
      <xmin>2054</xmin>
      <ymin>1044</ymin>
      <xmax>2590</xmax>
      <ymax>1292</ymax>
    </bndbox>
  </object>
  <object>
    <name>bird</name>
    <bndbox>
      <xmin>1137</xmin>
      <ymin>986</ymin>
      <xmax>1687</xmax>
      <ymax>1287</ymax>
    </bndbox>
  </object>
  <object>
    <name>bird</name>
    <bndbox>
      <xmin>2177</xmin>
      <ymin>919</ymin>
      <xmax>2571</xmax>
      <ymax>1085</ymax>
    </bndbox>
  </object>
  <object>
    <name>bird</name>
    <bndbox>
      <xmin>744</xmin>
      <ymin>923</ymin>
      <xmax>1389</xmax>
      <ymax>1186</ymax>
    </bndbox>
  </object>
  <object>
    <name>bird</name>
    <bndbox>
      <xmin>1756</xmin>
      <ymin>1080</ymin>
      <xmax>2031</xmax>
      <ymax>1315</ymax>
    </bndbox>
  </object>
</annotation>
