<?xml version='1.0' encoding='UTF-8'?>
<annotation>
  <folder>images</folder>
  <filename>frame_333.jpg</filename>
  <object>
    <name>bird</name>
    <bndbox>
      <xmin>1487</xmin>
      <ymin>1704</ymin>
      <xmax>2055</xmax>
      <ymax>1959</ymax>
    </bndbox>
  </object>
  <object>
    <name>bird</name>
    <bndbox>
      <xmin>435</xmin>
      <ymin>1231</ymin>
      <xmax>873</xmax>
      <ymax>1472</ymax>
    </bndbox>
  </object>
  <object>
    <name>bird</name>
    <bndbox>
      <xmin>519</xmin>
      <ymin>1719</ymin>
      <xmax>966</xmax>
      <ymax>2156</ymax>
    </bndbox>
  </object>
  <object>
    <name>bird</name>
    <bndbox>
      <xmin>2904</xmin>
      <ymin>1012</ymin>
      <xmax>3215</xmax>
      <ymax>1248</ymax>
    </bndbox>
  </object>
  <object>
    <name>bird</name>
    <bndbox>
      <xmin>1076</xmin>
      <ymin>1160</ymin>
      <xmax>1437</xmax>
      <ymax>1391</ymax>
    </bndbox>
  </object>
  <object>
    <name>bird</name>
    <bndbox>
      <xmin>1442</xmin>
      <ymin>1059</ymin>
      <xmax>1759</xmax>
      <ymax>1274</ymax>
    </bndbox>
  </object>
  <object>
    <name>bird</name>
    <bndbox>
      <xmin>740</xmin>
      <ymin>747</ymin>
      <xmax>1071</xmax>
      <ymax>1035</ymax>
    </bndbox>
  </object>
  <object>
    <name>bird</name>
    <bndbox>
      <xmin>2715</xmin>
      <ymin>1458</ymin>
      <xmax>2953</xmax>
      <ymax>1746</ymax>
    </bndbox>
  </object>
  <object>
    <name>bird</name>
    <bndbox>
      <xmin>1892</xmin>
      <ymin>791</ymin>
      <xmax>2204</xmax>
      <ymax>953</ymax>
    </bndbox>
  </object>
  <object>
    <name>bird</name>
    <bndbox>
      <xmin>1953</xmin>
      <ymin>907</ymin>
      <xmax>2330</xmax>
      <ymax>1059</ymax>
    </bndbox>
  </object>
  <object>
    <name>bird</name>
    <bndbox>
      <xmin>1350</xmin>
      <ymin>1980</ymin>
      <xmax>1759</xmax>
      <ymax>2160</ymax>
    </bndbox>
  </object>
  <object>
    <name>bird</name>
    <bndbox>
      <xmin>2000</xmin>
      <ymin>1029</ymin>
      <xmax>2313</xmax>
      <ymax>1220</ymax>
    </bndbox>
  </object>
</annotation>
