<?xml version='1.0' encoding='UTF-8'?>
<annotation>
  <folder>images</folder>
  <filename>frame_0.jpg</filename>
  <object>
    <name>bird</name>
    <bndbox>
      <xmin>500</xmin>
      <ymin>334</ymin>
      <xmax>1062</xmax>
      <ymax>622</ymax>
    </bndbox>
  </object>
  <object>
    <name>bird</name>
    <bndbox>
      <xmin>2724</xmin>
      <ymin>283</ymin>
      <xmax>3274</xmax>
      <ymax>615</ymax>
    </bndbox>
  </object>
  <object>
    <name>bird</name>
    <bndbox>
      <xmin>559</xmin>
      <ymin>639</ymin>
      <xmax>1118</xmax>
      <ymax>982</ymax>
    </bndbox>
  </object>
  <object>
    <name>bird</name>
    <bndbox>
      <xmin>2184</xmin>
      <ymin>608</ymin>
      <xmax>2442</xmax>
      <ymax>906</ymax>
    </bndbox>
  </object>
  <object>
    <name>bird</name>
    <bndbox>
      <xmin>1587</xmin>
      <ymin>0</ymin>
      <xmax>1906</xmax>
      <ymax>201</ymax>
    </bndbox>
  </object>
  <object>
    <name>bird</name>
    <bndbox>
      <xmin>1608</xmin>
      <ymin>1140</ymin>
      <xmax>1954</xmax>
      <ymax>1471</ymax>
    </bndbox>
  </object>
  <object>
    <name>bird</name>
    <bndbox>
      <xmin>1548</xmin>
      <ymin>539</ymin>
      <xmax>2063</xmax>
      <ymax>1018</ymax>
    </bndbox>
  </object>
  <object>
    <name>bird</name>
    <bndbox>
      <xmin>1310</xmin>
      <ymin>567</ymin>
      <xmax>1550</xmax>
      <ymax>982</ymax>
    </bndbox>
  </object>
  <object>
    <name>bird</name>
    <bndbox>
      <xmin>1130</xmin>
      <ymin>448</ymin>
      <xmax>1390</xmax>
      <ymax>909</ymax>
    </bndbox>
  </object>
  <object>
    <name>bird</name>
    <bndbox>
      <xmin>1770</xmin>
      <ymin>1038</ymin>
      <xmax>2155</xmax>
      <ymax>1353</ymax>
    </bndbox>
  </object>
  <object>
    <name>bird</name>
    <bndbox>
      <xmin>1679</xmin>
      <ymin>819</ymin>
      <xmax>2203</xmax>
      <ymax>1054</ymax>
    </bndbox>
  </object>
</annotation>
