<?xml version='1.0' encoding='UTF-8'?>
<annotation>
  <folder>images</folder>
  <filename>frame_117.jpg</filename>
  <object>
    <name>bird</name>
    <bndbox>
      <xmin>1807</xmin>
      <ymin>1313</ymin>
      <xmax>2275</xmax>
      <ymax>1564</ymax>
    </bndbox>
  </object>
  <object>
    <name>bird</name>
    <bndbox>
      <xmin>923</xmin>
      <ymin>1075</ymin>
      <xmax>1709</xmax>
      <ymax>1471</ymax>
    </bndbox>
  </object>
  <object>
    <name>bird</name>
    <bndbox>
      <xmin>1380</xmin>
      <ymin>755</ymin>
      <xmax>1643</xmax>
      <ymax>1201</ymax>
    </bndbox>
  </object>
  <object>
    <name>bird</name>
    <bndbox>
      <xmin>0</xmin>
      <ymin>603</ymin>
      <xmax>409</xmax>
      <ymax>1063</ymax>
    </bndbox>
  </object>
  <object>
    <name>bird</name>
    <bndbox>
      <xmin>2366</xmin>
      <ymin>1015</ymin>
      <xmax>2990</xmax>
      <ymax>1335</ymax>
    </bndbox>
  </object>
  <object>
    <name>bird</name>
    <bndbox>
      <xmin>1647</xmin>
      <ymin>963</ymin>
      <xmax>2377</xmax>
      <ymax>1230</ymax>
    </bndbox>
  </object>
  <object>
    <name>bird</name>
    <bndbox>
      <xmin>1732</xmin>
      <ymin>1133</ymin>
      <xmax>2202</xmax>
      <ymax>1358</ymax>
    </bndbox>
  </object>
  <object>
    <name>bird</name>
    <bndbox>
      <xmin>1739</xmin>
      <ymin>569</ymin>
      <xmax>1947</xmax>
      <ymax>910</ymax>
    </bndbox>
  </object>
  <object>
    <name>bird</name>
    <bndbox>
      <xmin>1634</xmin>
      <ymin>712</ymin>
      <xmax>1866</xmax>
      <ymax>1125</ymax>
    </bndbox>
  </object>
  <object>
    <name>bird</name>
    <bndbox>
      <xmin>1902</xmin>
      <ymin>671</ymin>
      <xmax>2183</xmax>
      <ymax>931</ymax>
    </bndbox>
  </object>
  <object>
    <name>bird</name>
    <bndbox>
      <xmin>2114</xmin>
      <ymin>831</ymin>
      <xmax>2489</xmax>
      <ymax>1022</ymax>
    </bndbox>
  </object>
  <object>
    <name>bird</name>
    <bndbox>
      <xmin>770</xmin>
      <ymin>997</ymin>
      <xmax>1233</xmax>
      <ymax>1241</ymax>
    </bndbox>
  </object>
</annotation>
