<?xml version='1.0' encoding='UTF-8'?>
<annotation>
  <folder>images</folder>
  <filename>frame_59.jpg</filename>
  <object>
    <name>bird</name>
    <bndbox>
      <xmin>667</xmin>
      <ymin>630</ymin>
      <xmax>1252</xmax>
      <ymax>970</ymax>
    </bndbox>
  </object>
  <object>
    <name>bird</name>
    <bndbox>
      <xmin>2134</xmin>
      <ymin>1210</ymin>
      <xmax>2749</xmax>
      <ymax>1549</ymax>
    </bndbox>
  </object>
  <object>
    <name>bird</name>
    <bndbox>
      <xmin>2206</xmin>
      <ymin>669</ymin>
      <xmax>2847</xmax>
      <ymax>935</ymax>
    </bndbox>
  </object>
  <object>
    <name>bird</name>
    <bndbox>
      <xmin>2011</xmin>
      <ymin>80</ymin>
      <xmax>2414</xmax>
      <ymax>370</ymax>
    </bndbox>
  </object>
  <object>
    <name>bird</name>
    <bndbox>
      <xmin>1185</xmin>
      <ymin>675</ymin>
      <xmax>1459</xmax>
      <ymax>1184</ymax>
    </bndbox>
  </object>
  <object>
    <name>bird</name>
    <bndbox>
      <xmin>1312</xmin>
      <ymin>1127</ymin>
      <xmax>1844</xmax>
      <ymax>1439</ymax>
    </bndbox>
  </object>
  <object>
    <name>bird</name>
    <bndbox>
      <xmin>341</xmin>
      <ymin>952</ymin>
      <xmax>1171</xmax>
      <ymax>1506</ymax>
    </bndbox>
  </object>
  <object>
    <name>bird</name>
    <bndbox>
      <xmin>1478</xmin>
      <ymin>609</ymin>
      <xmax>1883</xmax>
      <ymax>1147</ymax>
    </bndbox>
  </object>
  <object>
    <name>bird</name>
    <bndbox>
      <xmin>585</xmin>
      <ymin>0</ymin>
      <xmax>1092</xmax>
      <ymax>171</ymax>
    </bndbox>
  </object>
  <object>
    <name>bird</name>
    <bndbox>
      <xmin>1814</xmin>
      <ymin>565</ymin>
      <xmax>2283</xmax>
      <ymax>1107</ymax>
    </bndbox>
  </object>
  <object>
    <name>bird</name>
    <bndbox>
      <xmin>1964</xmin>
      <ymin>1075</ymin>
      <xmax>2262</xmax>
      <ymax>1368</ymax>
    </bndbox>
  </object>
</annotation>
