<?xml version='1.0' encoding='UTF-8'?>
<annotation>
  <folder>images</folder>
  <filename>frame_122.jpg</filename>
  <object>
    <name>bird</name>
    <bndbox>
      <xmin>1744</xmin>
      <ymin>1365</ymin>
      <xmax>2162</xmax>
      <ymax>1611</ymax>
    </bndbox>
  </object>
  <object>
    <name>bird</name>
    <bndbox>
      <xmin>869</xmin>
      <ymin>1136</ymin>
      <xmax>1593</xmax>
      <ymax>1520</ymax>
    </bndbox>
  </object>
  <object>
    <name>bird</name>
    <bndbox>
      <xmin>1308</xmin>
      <ymin>801</ymin>
      <xmax>1591</xmax>
      <ymax>1286</ymax>
    </bndbox>
  </object>
  <object>
    <name>bird</name>
    <bndbox>
      <xmin>2159</xmin>
      <ymin>1046</ymin>
      <xmax>2949</xmax>
      <ymax>1480</ymax>
    </bndbox>
  </object>
  <object>
    <name>bird</name>
    <bndbox>
      <xmin>1546</xmin>
      <ymin>1037</ymin>
      <xmax>2199</xmax>
      <ymax>1288</ymax>
    </bndbox>
  </object>
  <object>
    <name>bird</name>
    <bndbox>
      <xmin>1645</xmin>
      <ymin>623</ymin>
      <xmax>1850</xmax>
      <ymax>952</ymax>
    </bndbox>
  </object>
  <object>
    <name>bird</name>
    <bndbox>
      <xmin>1552</xmin>
      <ymin>769</ymin>
      <xmax>1783</xmax>
      <ymax>1154</ymax>
    </bndbox>
  </object>
  <object>
    <name>bird</name>
    <bndbox>
      <xmin>103</xmin>
      <ymin>577</ymin>
      <xmax>237</xmax>
      <ymax>943</ymax>
    </bndbox>
  </object>
  <object>
    <name>bird</name>
    <bndbox>
      <xmin>950</xmin>
      <ymin>836</ymin>
      <xmax>1374</xmax>
      <ymax>1101</ymax>
    </bndbox>
  </object>
  <object>
    <name>bird</name>
    <bndbox>
      <xmin>657</xmin>
      <ymin>1050</ymin>
      <xmax>1124</xmax>
      <ymax>1290</ymax>
    </bndbox>
  </object>
  <object>
    <name>bird</name>
    <bndbox>
      <xmin>1655</xmin>
      <ymin>1171</ymin>
      <xmax>2110</xmax>
      <ymax>1383</ymax>
    </bndbox>
  </object>
</annotation>
