<?xml version='1.0' encoding='UTF-8'?>
<annotation>
  <folder>images</folder>
  <filename>frame_229.jpg</filename>
  <object>
    <name>bird</name>
    <bndbox>
      <xmin>3035</xmin>
      <ymin>1156</ymin>
      <xmax>3459</xmax>
      <ymax>1410</ymax>
    </bndbox>
  </object>
  <object>
    <name>bird</name>
    <bndbox>
      <xmin>1150</xmin>
      <ymin>1343</ymin>
      <xmax>1619</xmax>
      <ymax>1670</ymax>
    </bndbox>
  </object>
  <object>
    <name>bird</name>
    <bndbox>
      <xmin>2169</xmin>
      <ymin>1120</ymin>
      <xmax>2519</xmax>
      <ymax>1418</ymax>
    </bndbox>
  </object>
  <object>
    <name>bird</name>
    <bndbox>
      <xmin>1679</xmin>
      <ymin>1141</ymin>
      <xmax>2088</xmax>
      <ymax>1355</ymax>
    </bndbox>
  </object>
  <object>
    <name>bird</name>
    <bndbox>
      <xmin>2129</xmin>
      <ymin>1087</ymin>
      <xmax>2556</xmax>
      <ymax>1256</ymax>
    </bndbox>
  </object>
  <object>
    <name>bird</name>
    <bndbox>
      <xmin>1856</xmin>
      <ymin>751</ymin>
      <xmax>2086</xmax>
      <ymax>1021</ymax>
    </bndbox>
  </object>
  <object>
    <name>bird</name>
    <bndbox>
      <xmin>1036</xmin>
      <ymin>840</ymin>
      <xmax>1442</xmax>
      <ymax>1033</ymax>
    </bndbox>
  </object>
</annotation>
