<?xml version='1.0' encoding='UTF-8'?>
<annotation>
  <folder>images</folder>
  <filename>frame_139.jpg</filename>
  <object>
    <name>bird</name>
    <bndbox>
      <xmin>1892</xmin>
      <ymin>1414</ymin>
      <xmax>2299</xmax>
      <ymax>1672</ymax>
    </bndbox>
  </object>
  <object>
    <name>bird</name>
    <bndbox>
      <xmin>1111</xmin>
      <ymin>1249</ymin>
      <xmax>1740</xmax>
      <ymax>1537</ymax>
    </bndbox>
  </object>
  <object>
    <name>bird</name>
    <bndbox>
      <xmin>1392</xmin>
      <ymin>917</ymin>
      <xmax>1641</xmax>
      <ymax>1320</ymax>
    </bndbox>
  </object>
  <object>
    <name>bird</name>
    <bndbox>
      <xmin>1670</xmin>
      <ymin>1113</ymin>
      <xmax>2243</xmax>
      <ymax>1400</ymax>
    </bndbox>
  </object>
  <object>
    <name>bird</name>
    <bndbox>
      <xmin>977</xmin>
      <ymin>738</ymin>
      <xmax>1408</xmax>
      <ymax>1008</ymax>
    </bndbox>
  </object>
  <object>
    <name>bird</name>
    <bndbox>
      <xmin>140</xmin>
      <ymin>1344</ymin>
      <xmax>480</xmax>
      <ymax>1637</ymax>
    </bndbox>
  </object>
  <object>
    <name>bird</name>
    <bndbox>
      <xmin>1647</xmin>
      <ymin>851</ymin>
      <xmax>1881</xmax>
      <ymax>1226</ymax>
    </bndbox>
  </object>
  <object>
    <name>bird</name>
    <bndbox>
      <xmin>2045</xmin>
      <ymin>1224</ymin>
      <xmax>2365</xmax>
      <ymax>1443</ymax>
    </bndbox>
  </object>
  <object>
    <name>bird</name>
    <bndbox>
      <xmin>1911</xmin>
      <ymin>1028</ymin>
      <xmax>2392</xmax>
      <ymax>1233</ymax>
    </bndbox>
  </object>
  <object>
    <name>bird</name>
    <bndbox>
      <xmin>777</xmin>
      <ymin>1135</ymin>
      <xmax>1213</xmax>
      <ymax>1383</ymax>
    </bndbox>
  </object>
  <object>
    <name>bird</name>
    <bndbox>
      <xmin>1722</xmin>
      <ymin>724</ymin>
      <xmax>1950</xmax>
      <ymax>1080</ymax>
    </bndbox>
  </object>
</annotation>
