<?xml version='1.0' encoding='UTF-8'?>
<annotation>
  <folder>images</folder>
  <filename>frame_338.jpg</filename>
  <object>
    <name>bird</name>
    <bndbox>
      <xmin>1428</xmin>
      <ymin>1715</ymin>
      <xmax>2046</xmax>
      <ymax>1983</ymax>
    </bndbox>
  </object>
  <object>
    <name>bird</name>
    <bndbox>
      <xmin>411</xmin>
      <ymin>1234</ymin>
      <xmax>871</xmax>
      <ymax>1463</ymax>
    </bndbox>
  </object>
  <object>
    <name>bird</name>
    <bndbox>
      <xmin>543</xmin>
      <ymin>1762</ymin>
      <xmax>928</xmax>
      <ymax>2160</ymax>
    </bndbox>
  </object>
  <object>
    <name>bird</name>
    <bndbox>
      <xmin>2928</xmin>
      <ymin>1052</ymin>
      <xmax>3240</xmax>
      <ymax>1331</ymax>
    </bndbox>
  </object>
  <object>
    <name>bird</name>
    <bndbox>
      <xmin>1094</xmin>
      <ymin>1176</ymin>
      <xmax>1420</xmax>
      <ymax>1404</ymax>
    </bndbox>
  </object>
  <object>
    <name>bird</name>
    <bndbox>
      <xmin>1417</xmin>
      <ymin>1078</ymin>
      <xmax>1731</xmax>
      <ymax>1295</ymax>
    </bndbox>
  </object>
  <object>
    <name>bird</name>
    <bndbox>
      <xmin>2822</xmin>
      <ymin>1687</ymin>
      <xmax>3124</xmax>
      <ymax>2058</ymax>
    </bndbox>
  </object>
  <object>
    <name>bird</name>
    <bndbox>
      <xmin>1892</xmin>
      <ymin>818</ymin>
      <xmax>2232</xmax>
      <ymax>981</ymax>
    </bndbox>
  </object>
  <object>
    <name>bird</name>
    <bndbox>
      <xmin>898</xmin>
      <ymin>958</ymin>
      <xmax>1271</xmax>
      <ymax>1145</ymax>
    </bndbox>
  </object>
  <object>
    <name>bird</name>
    <bndbox>
      <xmin>1120</xmin>
      <ymin>832</ymin>
      <xmax>1467</xmax>
      <ymax>1006</ymax>
    </bndbox>
  </object>
  <object>
    <name>bird</name>
    <bndbox>
      <xmin>950</xmin>
      <ymin>727</ymin>
      <xmax>1277</xmax>
      <ymax>955</ymax>
    </bndbox>
  </object>
</annotation>
