<?xml version='1.0' encoding='UTF-8'?>
<annotation>
  <folder>images</folder>
  <filename>frame_208.jpg</filename>
  <object>
    <name>bird</name>
    <bndbox>
      <xmin>2008</xmin>
      <ymin>1145</ymin>
      <xmax>2428</xmax>
      <ymax>1405</ymax>
    </bndbox>
  </object>
  <object>
    <name>bird</name>
    <bndbox>
      <xmin>1955</xmin>
      <ymin>621</ymin>
      <xmax>2259</xmax>
      <ymax>932</ymax>
    </bndbox>
  </object>
  <object>
    <name>bird</name>
    <bndbox>
      <xmin>3099</xmin>
      <ymin>1380</ymin>
      <xmax>3840</xmax>
      <ymax>1805</ymax>
    </bndbox>
  </object>
  <object>
    <name>bird</name>
    <bndbox>
      <xmin>2180</xmin>
      <ymin>817</ymin>
      <xmax>2608</xmax>
      <ymax>979</ymax>
    </bndbox>
  </object>
  <object>
    <name>bird</name>
    <bndbox>
      <xmin>850</xmin>
      <ymin>1027</ymin>
      <xmax>1335</xmax>
      <ymax>1245</ymax>
    </bndbox>
  </object>
  <object>
    <name>bird</name>
    <bndbox>
      <xmin>86</xmin>
      <ymin>1091</ymin>
      <xmax>249</xmax>
      <ymax>1436</ymax>
    </bndbox>
  </object>
  <object>
    <name>bird</name>
    <bndbox>
      <xmin>1129</xmin>
      <ymin>1019</ymin>
      <xmax>1693</xmax>
      <ymax>1278</ymax>
    </bndbox>
  </object>
  <object>
    <name>bird</name>
    <bndbox>
      <xmin>2105</xmin>
      <ymin>937</ymin>
      <xmax>2660</xmax>
      <ymax>1198</ymax>
    </bndbox>
  </object>
  <object>
    <name>bird</name>
    <bndbox>
      <xmin>1658</xmin>
      <ymin>1045</ymin>
      <xmax>2228</xmax>
      <ymax>1273</ymax>
    </bndbox>
  </object>
</annotation>
