<?xml version='1.0' encoding='UTF-8'?>
<annotation>
  <folder>images</folder>
  <filename>frame_359.jpg</filename>
  <object>
    <name>bird</name>
    <bndbox>
      <xmin>1546</xmin>
      <ymin>1616</ymin>
      <xmax>2266</xmax>
      <ymax>1991</ymax>
    </bndbox>
  </object>
  <object>
    <name>bird</name>
    <bndbox>
      <xmin>427</xmin>
      <ymin>939</ymin>
      <xmax>734</xmax>
      <ymax>1227</ymax>
    </bndbox>
  </object>
  <object>
    <name>bird</name>
    <bndbox>
      <xmin>607</xmin>
      <ymin>1787</ymin>
      <xmax>1060</xmax>
      <ymax>2157</ymax>
    </bndbox>
  </object>
  <object>
    <name>bird</name>
    <bndbox>
      <xmin>3032</xmin>
      <ymin>1421</ymin>
      <xmax>3299</xmax>
      <ymax>1734</ymax>
    </bndbox>
  </object>
  <object>
    <name>bird</name>
    <bndbox>
      <xmin>1038</xmin>
      <ymin>1162</ymin>
      <xmax>1486</xmax>
      <ymax>1403</ymax>
    </bndbox>
  </object>
  <object>
    <name>bird</name>
    <bndbox>
      <xmin>859</xmin>
      <ymin>1649</ymin>
      <xmax>1354</xmax>
      <ymax>2002</ymax>
    </bndbox>
  </object>
  <object>
    <name>bird</name>
    <bndbox>
      <xmin>927</xmin>
      <ymin>956</ymin>
      <xmax>1375</xmax>
      <ymax>1176</ymax>
    </bndbox>
  </object>
  <object>
    <name>bird</name>
    <bndbox>
      <xmin>1254</xmin>
      <ymin>1970</ymin>
      <xmax>1868</xmax>
      <ymax>2157</ymax>
    </bndbox>
  </object>
  <object>
    <name>bird</name>
    <bndbox>
      <xmin>1809</xmin>
      <ymin>1097</ymin>
      <xmax>1997</xmax>
      <ymax>1309</ymax>
    </bndbox>
  </object>
  <object>
    <name>bird</name>
    <bndbox>
      <xmin>1261</xmin>
      <ymin>840</ymin>
      <xmax>1556</xmax>
      <ymax>1018</ymax>
    </bndbox>
  </object>
  <object>
    <name>bird</name>
    <bndbox>
      <xmin>1660</xmin>
      <ymin>819</ymin>
      <xmax>2014</xmax>
      <ymax>991</ymax>
    </bndbox>
  </object>
</annotation>
