<?xml version='1.0' encoding='UTF-8'?>
<annotation>
  <folder>images</folder>
  <filename>frame_287.jpg</filename>
  <object>
    <name>bird</name>
    <bndbox>
      <xmin>3047</xmin>
      <ymin>1095</ymin>
      <xmax>3429</xmax>
      <ymax>1385</ymax>
    </bndbox>
  </object>
  <object>
    <name>bird</name>
    <bndbox>
      <xmin>709</xmin>
      <ymin>1649</ymin>
      <xmax>1125</xmax>
      <ymax>1962</ymax>
    </bndbox>
  </object>
  <object>
    <name>bird</name>
    <bndbox>
      <xmin>1080</xmin>
      <ymin>1031</ymin>
      <xmax>1484</xmax>
      <ymax>1267</ymax>
    </bndbox>
  </object>
  <object>
    <name>bird</name>
    <bndbox>
      <xmin>2174</xmin>
      <ymin>1317</ymin>
      <xmax>2525</xmax>
      <ymax>1745</ymax>
    </bndbox>
  </object>
  <object>
    <name>bird</name>
    <bndbox>
      <xmin>2301</xmin>
      <ymin>773</ymin>
      <xmax>2649</xmax>
      <ymax>1184</ymax>
    </bndbox>
  </object>
  <object>
    <name>bird</name>
    <bndbox>
      <xmin>118</xmin>
      <ymin>1771</ymin>
      <xmax>454</xmax>
      <ymax>2080</ymax>
    </bndbox>
  </object>
  <object>
    <name>bird</name>
    <bndbox>
      <xmin>2151</xmin>
      <ymin>657</ymin>
      <xmax>2519</xmax>
      <ymax>865</ymax>
    </bndbox>
  </object>
  <object>
    <name>bird</name>
    <bndbox>
      <xmin>1536</xmin>
      <ymin>964</ymin>
      <xmax>1752</xmax>
      <ymax>1172</ymax>
    </bndbox>
  </object>
  <object>
    <name>bird</name>
    <bndbox>
      <xmin>1705</xmin>
      <ymin>854</ymin>
      <xmax>2024</xmax>
      <ymax>1086</ymax>
    </bndbox>
  </object>
  <object>
    <name>bird</name>
    <bndbox>
      <xmin>1970</xmin>
      <ymin>908</ymin>
      <xmax>2173</xmax>
      <ymax>1137</ymax>
    </bndbox>
  </object>
</annotation>
