<?xml version='1.0' encoding='UTF-8'?>
<annotation>
  <folder>images</folder>
  <filename>frame_250.jpg</filename>
  <object>
    <name>bird</name>
    <bndbox>
      <xmin>2553</xmin>
      <ymin>933</ymin>
      <xmax>2984</xmax>
      <ymax>1240</ymax>
    </bndbox>
  </object>
  <object>
    <name>bird</name>
    <bndbox>
      <xmin>2284</xmin>
      <ymin>1563</ymin>
      <xmax>2776</xmax>
      <ymax>1844</ymax>
    </bndbox>
  </object>
  <object>
    <name>bird</name>
    <bndbox>
      <xmin>2499</xmin>
      <ymin>1216</ymin>
      <xmax>2859</xmax>
      <ymax>1482</ymax>
    </bndbox>
  </object>
  <object>
    <name>bird</name>
    <bndbox>
      <xmin>813</xmin>
      <ymin>1109</ymin>
      <xmax>1314</xmax>
      <ymax>1359</ymax>
    </bndbox>
  </object>
  <object>
    <name>bird</name>
    <bndbox>
      <xmin>1925</xmin>
      <ymin>790</ymin>
      <xmax>2120</xmax>
      <ymax>1057</ymax>
    </bndbox>
  </object>
  <object>
    <name>bird</name>
    <bndbox>
      <xmin>1828</xmin>
      <ymin>1006</ymin>
      <xmax>2449</xmax>
      <ymax>1395</ymax>
    </bndbox>
  </object>
  <object>
    <name>bird</name>
    <bndbox>
      <xmin>2144</xmin>
      <ymin>877</ymin>
      <xmax>2647</xmax>
      <ymax>1107</ymax>
    </bndbox>
  </object>
  <object>
    <name>bird</name>
    <bndbox>
      <xmin>1593</xmin>
      <ymin>809</ymin>
      <xmax>1824</xmax>
      <ymax>1011</ymax>
    </bndbox>
  </object>
  <object>
    <name>bird</name>
    <bndbox>
      <xmin>1193</xmin>
      <ymin>895</ymin>
      <xmax>1653</xmax>
      <ymax>1172</ymax>
    </bndbox>
  </object>
  <object>
    <name>bird</name>
    <bndbox>
      <xmin>1593</xmin>
      <ymin>993</ymin>
      <xmax>2039</xmax>
      <ymax>1252</ymax>
    </bndbox>
  </object>
  <object>
    <name>bird</name>
    <bndbox>
      <xmin>1787</xmin>
      <ymin>1167</ymin>
      <xmax>2124</xmax>
      <ymax>1384</ymax>
    </bndbox>
  </object>
</annotation>
