<?xml version='1.0' encoding='UTF-8'?>
<annotation>
  <folder>images</folder>
  <filename>frame_10.jpg</filename>
  <object>
    <name>bird</name>
    <bndbox>
      <xmin>483</xmin>
      <ymin>273</ymin>
      <xmax>1095</xmax>
      <ymax>690</ymax>
    </bndbox>
  </object>
  <object>
    <name>bird</name>
    <bndbox>
      <xmin>2429</xmin>
      <ymin>349</ymin>
      <xmax>2962</xmax>
      <ymax>664</ymax>
    </bndbox>
  </object>
  <object>
    <name>bird</name>
    <bndbox>
      <xmin>505</xmin>
      <ymin>650</ymin>
      <xmax>1075</xmax>
      <ymax>1008</ymax>
    </bndbox>
  </object>
  <object>
    <name>bird</name>
    <bndbox>
      <xmin>1467</xmin>
      <ymin>20</ymin>
      <xmax>1823</xmax>
      <ymax>289</ymax>
    </bndbox>
  </object>
  <object>
    <name>bird</name>
    <bndbox>
      <xmin>1537</xmin>
      <ymin>588</ymin>
      <xmax>2014</xmax>
      <ymax>1028</ymax>
    </bndbox>
  </object>
  <object>
    <name>bird</name>
    <bndbox>
      <xmin>1262</xmin>
      <ymin>584</ymin>
      <xmax>1526</xmax>
      <ymax>1006</ymax>
    </bndbox>
  </object>
  <object>
    <name>bird</name>
    <bndbox>
      <xmin>1097</xmin>
      <ymin>457</ymin>
      <xmax>1369</xmax>
      <ymax>919</ymax>
    </bndbox>
  </object>
  <object>
    <name>bird</name>
    <bndbox>
      <xmin>1563</xmin>
      <ymin>1135</ymin>
      <xmax>1885</xmax>
      <ymax>1442</ymax>
    </bndbox>
  </object>
  <object>
    <name>bird</name>
    <bndbox>
      <xmin>2055</xmin>
      <ymin>916</ymin>
      <xmax>2738</xmax>
      <ymax>1229</ymax>
    </bndbox>
  </object>
  <object>
    <name>bird</name>
    <bndbox>
      <xmin>1608</xmin>
      <ymin>835</ymin>
      <xmax>2173</xmax>
      <ymax>1088</ymax>
    </bndbox>
  </object>
  <object>
    <name>bird</name>
    <bndbox>
      <xmin>773</xmin>
      <ymin>910</ymin>
      <xmax>1536</xmax>
      <ymax>1215</ymax>
    </bndbox>
  </object>
  <object>
    <name>bird</name>
    <bndbox>
      <xmin>2200</xmin>
      <ymin>641</ymin>
      <xmax>2514</xmax>
      <ymax>947</ymax>
    </bndbox>
  </object>
  <object>
    <name>bird</name>
    <bndbox>
      <xmin>1715</xmin>
      <ymin>1055</ymin>
      <xmax>2093</xmax>
      <ymax>1378</ymax>
    </bndbox>
  </object>
</annotation>
