<?xml version='1.0' encoding='UTF-8'?>
<annotation>
  <folder>images</folder>
  <filename>frame_13.jpg</filename>
  <object>
    <name>bird</name>
    <bndbox>
      <xmin>528</xmin>
      <ymin>274</ymin>
      <xmax>1050</xmax>
      <ymax>690</ymax>
    </bndbox>
  </object>
  <object>
    <name>bird</name>
    <bndbox>
      <xmin>2354</xmin>
      <ymin>367</ymin>
      <xmax>2890</xmax>
      <ymax>676</ymax>
    </bndbox>
  </object>
  <object>
    <name>bird</name>
    <bndbox>
      <xmin>502</xmin>
      <ymin>662</ymin>
      <xmax>1082</xmax>
      <ymax>1031</ymax>
    </bndbox>
  </object>
  <object>
    <name>bird</name>
    <bndbox>
      <xmin>1422</xmin>
      <ymin>49</ymin>
      <xmax>1804</xmax>
      <ymax>314</ymax>
    </bndbox>
  </object>
  <object>
    <name>bird</name>
    <bndbox>
      <xmin>1538</xmin>
      <ymin>597</ymin>
      <xmax>2008</xmax>
      <ymax>1023</ymax>
    </bndbox>
  </object>
  <object>
    <name>bird</name>
    <bndbox>
      <xmin>1250</xmin>
      <ymin>573</ymin>
      <xmax>1529</xmax>
      <ymax>1009</ymax>
    </bndbox>
  </object>
  <object>
    <name>bird</name>
    <bndbox>
      <xmin>1089</xmin>
      <ymin>469</ymin>
      <xmax>1363</xmax>
      <ymax>924</ymax>
    </bndbox>
  </object>
  <object>
    <name>bird</name>
    <bndbox>
      <xmin>1585</xmin>
      <ymin>1163</ymin>
      <xmax>1913</xmax>
      <ymax>1462</ymax>
    </bndbox>
  </object>
  <object>
    <name>bird</name>
    <bndbox>
      <xmin>1547</xmin>
      <ymin>851</ymin>
      <xmax>2083</xmax>
      <ymax>1102</ymax>
    </bndbox>
  </object>
  <object>
    <name>bird</name>
    <bndbox>
      <xmin>2046</xmin>
      <ymin>660</ymin>
      <xmax>2469</xmax>
      <ymax>1009</ymax>
    </bndbox>
  </object>
  <object>
    <name>bird</name>
    <bndbox>
      <xmin>1045</xmin>
      <ymin>0</ymin>
      <xmax>1220</xmax>
      <ymax>102</ymax>
    </bndbox>
  </object>
  <object>
    <name>bird</name>
    <bndbox>
      <xmin>1230</xmin>
      <ymin>1029</ymin>
      <xmax>1707</xmax>
      <ymax>1289</ymax>
    </bndbox>
  </object>
</annotation>
