<?xml version='1.0' encoding='UTF-8'?>
<annotation>
  <folder>images</folder>
  <filename>frame_222.jpg</filename>
  <object>
    <name>bird</name>
    <bndbox>
      <xmin>1900</xmin>
      <ymin>685</ymin>
      <xmax>2192</xmax>
      <ymax>991</ymax>
    </bndbox>
  </object>
  <object>
    <name>bird</name>
    <bndbox>
      <xmin>3371</xmin>
      <ymin>1057</ymin>
      <xmax>3788</xmax>
      <ymax>1423</ymax>
    </bndbox>
  </object>
  <object>
    <name>bird</name>
    <bndbox>
      <xmin>788</xmin>
      <ymin>1218</ymin>
      <xmax>1182</xmax>
      <ymax>1522</ymax>
    </bndbox>
  </object>
  <object>
    <name>bird</name>
    <bndbox>
      <xmin>2176</xmin>
      <ymin>1086</ymin>
      <xmax>2570</xmax>
      <ymax>1380</ymax>
    </bndbox>
  </object>
  <object>
    <name>bird</name>
    <bndbox>
      <xmin>1194</xmin>
      <ymin>955</ymin>
      <xmax>1615</xmax>
      <ymax>1094</ymax>
    </bndbox>
  </object>
  <object>
    <name>bird</name>
    <bndbox>
      <xmin>1760</xmin>
      <ymin>1091</ymin>
      <xmax>2221</xmax>
      <ymax>1309</ymax>
    </bndbox>
  </object>
  <object>
    <name>bird</name>
    <bndbox>
      <xmin>1114</xmin>
      <ymin>1067</ymin>
      <xmax>1579</xmax>
      <ymax>1288</ymax>
    </bndbox>
  </object>
  <object>
    <name>bird</name>
    <bndbox>
      <xmin>1097</xmin>
      <ymin>806</ymin>
      <xmax>1519</xmax>
      <ymax>1008</ymax>
    </bndbox>
  </object>
</annotation>
