<?xml version='1.0' encoding='UTF-8'?>
<annotation>
  <folder>images</folder>
  <filename>frame_242.jpg</filename>
  <object>
    <name>bird</name>
    <bndbox>
      <xmin>2551</xmin>
      <ymin>1053</ymin>
      <xmax>3094</xmax>
      <ymax>1354</ymax>
    </bndbox>
  </object>
  <object>
    <name>bird</name>
    <bndbox>
      <xmin>1970</xmin>
      <ymin>1387</ymin>
      <xmax>2526</xmax>
      <ymax>1753</ymax>
    </bndbox>
  </object>
  <object>
    <name>bird</name>
    <bndbox>
      <xmin>2234</xmin>
      <ymin>1179</ymin>
      <xmax>2469</xmax>
      <ymax>1406</ymax>
    </bndbox>
  </object>
  <object>
    <name>bird</name>
    <bndbox>
      <xmin>1731</xmin>
      <ymin>1156</ymin>
      <xmax>2108</xmax>
      <ymax>1367</ymax>
    </bndbox>
  </object>
  <object>
    <name>bird</name>
    <bndbox>
      <xmin>1175</xmin>
      <ymin>832</ymin>
      <xmax>1723</xmax>
      <ymax>1161</ymax>
    </bndbox>
  </object>
  <object>
    <name>bird</name>
    <bndbox>
      <xmin>914</xmin>
      <ymin>1118</ymin>
      <xmax>1397</xmax>
      <ymax>1355</ymax>
    </bndbox>
  </object>
  <object>
    <name>bird</name>
    <bndbox>
      <xmin>1908</xmin>
      <ymin>780</ymin>
      <xmax>2098</xmax>
      <ymax>1033</ymax>
    </bndbox>
  </object>
</annotation>
