<?xml version='1.0' encoding='UTF-8'?>
<annotation>
  <folder>images</folder>
  <filename>frame_297.jpg</filename>
  <object>
    <name>bird</name>
    <bndbox>
      <xmin>3023</xmin>
      <ymin>1024</ymin>
      <xmax>3328</xmax>
      <ymax>1322</ymax>
    </bndbox>
  </object>
  <object>
    <name>bird</name>
    <bndbox>
      <xmin>1107</xmin>
      <ymin>1598</ymin>
      <xmax>1507</xmax>
      <ymax>1889</ymax>
    </bndbox>
  </object>
  <object>
    <name>bird</name>
    <bndbox>
      <xmin>1045</xmin>
      <ymin>1017</ymin>
      <xmax>1467</xmax>
      <ymax>1281</ymax>
    </bndbox>
  </object>
  <object>
    <name>bird</name>
    <bndbox>
      <xmin>1572</xmin>
      <ymin>1183</ymin>
      <xmax>1992</xmax>
      <ymax>1530</ymax>
    </bndbox>
  </object>
  <object>
    <name>bird</name>
    <bndbox>
      <xmin>573</xmin>
      <ymin>1813</ymin>
      <xmax>923</xmax>
      <ymax>2086</ymax>
    </bndbox>
  </object>
  <object>
    <name>bird</name>
    <bndbox>
      <xmin>1958</xmin>
      <ymin>909</ymin>
      <xmax>2158</xmax>
      <ymax>1144</ymax>
    </bndbox>
  </object>
  <object>
    <name>bird</name>
    <bndbox>
      <xmin>2407</xmin>
      <ymin>819</ymin>
      <xmax>2806</xmax>
      <ymax>1037</ymax>
    </bndbox>
  </object>
  <object>
    <name>bird</name>
    <bndbox>
      <xmin>235</xmin>
      <ymin>1850</ymin>
      <xmax>689</xmax>
      <ymax>2159</ymax>
    </bndbox>
  </object>
  <object>
    <name>bird</name>
    <bndbox>
      <xmin>0</xmin>
      <ymin>1683</ymin>
      <xmax>215</xmax>
      <ymax>1990</ymax>
    </bndbox>
  </object>
  <object>
    <name>bird</name>
    <bndbox>
      <xmin>2229</xmin>
      <ymin>876</ymin>
      <xmax>2612</xmax>
      <ymax>1243</ymax>
    </bndbox>
  </object>
  <object>
    <name>bird</name>
    <bndbox>
      <xmin>821</xmin>
      <ymin>2037</ymin>
      <xmax>1416</xmax>
      <ymax>2160</ymax>
    </bndbox>
  </object>
  <object>
    <name>bird</name>
    <bndbox>
      <xmin>1529</xmin>
      <ymin>895</ymin>
      <xmax>1838</xmax>
      <ymax>1212</ymax>
    </bndbox>
  </object>
  <object>
    <name>bird</name>
    <bndbox>
      <xmin>1113</xmin>
      <ymin>825</ymin>
      <xmax>1730</xmax>
      <ymax>1134</ymax>
    </bndbox>
  </object>
</annotation>
