<?xml version='1.0' encoding='UTF-8'?>
<annotation>
  <folder>images</folder>
  <filename>frame_363.jpg</filename>
  <object>
    <name>bird</name>
    <bndbox>
      <xmin>1610</xmin>
      <ymin>1502</ymin>
      <xmax>2242</xmax>
      <ymax>1912</ymax>
    </bndbox>
  </object>
  <object>
    <name>bird</name>
    <bndbox>
      <xmin>506</xmin>
      <ymin>903</ymin>
      <xmax>761</xmax>
      <ymax>1146</ymax>
    </bndbox>
  </object>
  <object>
    <name>bird</name>
    <bndbox>
      <xmin>653</xmin>
      <ymin>1764</ymin>
      <xmax>1101</xmax>
      <ymax>2157</ymax>
    </bndbox>
  </object>
  <object>
    <name>bird</name>
    <bndbox>
      <xmin>3032</xmin>
      <ymin>1535</ymin>
      <xmax>3285</xmax>
      <ymax>1845</ymax>
    </bndbox>
  </object>
  <object>
    <name>bird</name>
    <bndbox>
      <xmin>989</xmin>
      <ymin>1156</ymin>
      <xmax>1451</xmax>
      <ymax>1382</ymax>
    </bndbox>
  </object>
  <object>
    <name>bird</name>
    <bndbox>
      <xmin>923</xmin>
      <ymin>1661</ymin>
      <xmax>1433</xmax>
      <ymax>2016</ymax>
    </bndbox>
  </object>
  <object>
    <name>bird</name>
    <bndbox>
      <xmin>952</xmin>
      <ymin>942</ymin>
      <xmax>1398</xmax>
      <ymax>1165</ymax>
    </bndbox>
  </object>
  <object>
    <name>bird</name>
    <bndbox>
      <xmin>1462</xmin>
      <ymin>665</ymin>
      <xmax>1754</xmax>
      <ymax>862</ymax>
    </bndbox>
  </object>
  <object>
    <name>bird</name>
    <bndbox>
      <xmin>2120</xmin>
      <ymin>1034</ymin>
      <xmax>2381</xmax>
      <ymax>1245</ymax>
    </bndbox>
  </object>
  <object>
    <name>bird</name>
    <bndbox>
      <xmin>1635</xmin>
      <ymin>1054</ymin>
      <xmax>1884</xmax>
      <ymax>1241</ymax>
    </bndbox>
  </object>
  <object>
    <name>bird</name>
    <bndbox>
      <xmin>1266</xmin>
      <ymin>1967</ymin>
      <xmax>1866</xmax>
      <ymax>2155</ymax>
    </bndbox>
  </object>
  <object>
    <name>bird</name>
    <bndbox>
      <xmin>1842</xmin>
      <ymin>1100</ymin>
      <xmax>2020</xmax>
      <ymax>1300</ymax>
    </bndbox>
  </object>
</annotation>
