<?xml version='1.0' encoding='UTF-8'?>
<annotation>
  <folder>images</folder>
  <filename>frame_261.jpg</filename>
  <object>
    <name>bird</name>
    <bndbox>
      <xmin>2498</xmin>
      <ymin>851</ymin>
      <xmax>2775</xmax>
      <ymax>1147</ymax>
    </bndbox>
  </object>
  <object>
    <name>bird</name>
    <bndbox>
      <xmin>2076</xmin>
      <ymin>1545</ymin>
      <xmax>2688</xmax>
      <ymax>1855</ymax>
    </bndbox>
  </object>
  <object>
    <name>bird</name>
    <bndbox>
      <xmin>2549</xmin>
      <ymin>1222</ymin>
      <xmax>2894</xmax>
      <ymax>1488</ymax>
    </bndbox>
  </object>
  <object>
    <name>bird</name>
    <bndbox>
      <xmin>663</xmin>
      <ymin>1150</ymin>
      <xmax>1187</xmax>
      <ymax>1371</ymax>
    </bndbox>
  </object>
  <object>
    <name>bird</name>
    <bndbox>
      <xmin>1914</xmin>
      <ymin>1149</ymin>
      <xmax>2184</xmax>
      <ymax>1392</ymax>
    </bndbox>
  </object>
  <object>
    <name>bird</name>
    <bndbox>
      <xmin>1709</xmin>
      <ymin>1164</ymin>
      <xmax>1966</xmax>
      <ymax>1373</ymax>
    </bndbox>
  </object>
  <object>
    <name>bird</name>
    <bndbox>
      <xmin>1790</xmin>
      <ymin>789</ymin>
      <xmax>1985</xmax>
      <ymax>1095</ymax>
    </bndbox>
  </object>
  <object>
    <name>bird</name>
    <bndbox>
      <xmin>1087</xmin>
      <ymin>1006</ymin>
      <xmax>1438</xmax>
      <ymax>1169</ymax>
    </bndbox>
  </object>
  <object>
    <name>bird</name>
    <bndbox>
      <xmin>1172</xmin>
      <ymin>1137</ymin>
      <xmax>1607</xmax>
      <ymax>1348</ymax>
    </bndbox>
  </object>
  <object>
    <name>bird</name>
    <bndbox>
      <xmin>1530</xmin>
      <ymin>1055</ymin>
      <xmax>1893</xmax>
      <ymax>1279</ymax>
    </bndbox>
  </object>
</annotation>
