<?xml version='1.0' encoding='UTF-8'?>
<annotation>
  <folder>images</folder>
  <filename>frame_262.jpg</filename>
  <object>
    <name>bird</name>
    <bndbox>
      <xmin>2494</xmin>
      <ymin>859</ymin>
      <xmax>2757</xmax>
      <ymax>1144</ymax>
    </bndbox>
  </object>
  <object>
    <name>bird</name>
    <bndbox>
      <xmin>2057</xmin>
      <ymin>1553</ymin>
      <xmax>2655</xmax>
      <ymax>1854</ymax>
    </bndbox>
  </object>
  <object>
    <name>bird</name>
    <bndbox>
      <xmin>2532</xmin>
      <ymin>1224</ymin>
      <xmax>2883</xmax>
      <ymax>1488</ymax>
    </bndbox>
  </object>
  <object>
    <name>bird</name>
    <bndbox>
      <xmin>633</xmin>
      <ymin>1154</ymin>
      <xmax>1160</xmax>
      <ymax>1375</ymax>
    </bndbox>
  </object>
  <object>
    <name>bird</name>
    <bndbox>
      <xmin>1896</xmin>
      <ymin>1162</ymin>
      <xmax>2150</xmax>
      <ymax>1394</ymax>
    </bndbox>
  </object>
  <object>
    <name>bird</name>
    <bndbox>
      <xmin>1677</xmin>
      <ymin>1164</ymin>
      <xmax>1936</xmax>
      <ymax>1379</ymax>
    </bndbox>
  </object>
  <object>
    <name>bird</name>
    <bndbox>
      <xmin>1762</xmin>
      <ymin>788</ymin>
      <xmax>1956</xmax>
      <ymax>1096</ymax>
    </bndbox>
  </object>
  <object>
    <name>bird</name>
    <bndbox>
      <xmin>1495</xmin>
      <ymin>1064</ymin>
      <xmax>1840</xmax>
      <ymax>1282</ymax>
    </bndbox>
  </object>
  <object>
    <name>bird</name>
    <bndbox>
      <xmin>2011</xmin>
      <ymin>855</ymin>
      <xmax>2449</xmax>
      <ymax>1042</ymax>
    </bndbox>
  </object>
</annotation>
