<?xml version='1.0' encoding='UTF-8'?>
<annotation>
  <folder>images</folder>
  <filename>frame_300.jpg</filename>
  <object>
    <name>bird</name>
    <bndbox>
      <xmin>2990</xmin>
      <ymin>1019</ymin>
      <xmax>3231</xmax>
      <ymax>1272</ymax>
    </bndbox>
  </object>
  <object>
    <name>bird</name>
    <bndbox>
      <xmin>1158</xmin>
      <ymin>1589</ymin>
      <xmax>1574</xmax>
      <ymax>1859</ymax>
    </bndbox>
  </object>
  <object>
    <name>bird</name>
    <bndbox>
      <xmin>975</xmin>
      <ymin>1021</ymin>
      <xmax>1339</xmax>
      <ymax>1254</ymax>
    </bndbox>
  </object>
  <object>
    <name>bird</name>
    <bndbox>
      <xmin>1367</xmin>
      <ymin>1160</ymin>
      <xmax>1772</xmax>
      <ymax>1462</ymax>
    </bndbox>
  </object>
  <object>
    <name>bird</name>
    <bndbox>
      <xmin>652</xmin>
      <ymin>1792</ymin>
      <xmax>1007</xmax>
      <ymax>2046</ymax>
    </bndbox>
  </object>
  <object>
    <name>bird</name>
    <bndbox>
      <xmin>1904</xmin>
      <ymin>905</ymin>
      <xmax>2078</xmax>
      <ymax>1110</ymax>
    </bndbox>
  </object>
  <object>
    <name>bird</name>
    <bndbox>
      <xmin>298</xmin>
      <ymin>1796</ymin>
      <xmax>820</xmax>
      <ymax>2158</ymax>
    </bndbox>
  </object>
  <object>
    <name>bird</name>
    <bndbox>
      <xmin>14</xmin>
      <ymin>1599</ymin>
      <xmax>252</xmax>
      <ymax>1934</ymax>
    </bndbox>
  </object>
  <object>
    <name>bird</name>
    <bndbox>
      <xmin>2119</xmin>
      <ymin>792</ymin>
      <xmax>2490</xmax>
      <ymax>1190</ymax>
    </bndbox>
  </object>
  <object>
    <name>bird</name>
    <bndbox>
      <xmin>729</xmin>
      <ymin>1970</ymin>
      <xmax>1624</xmax>
      <ymax>2159</ymax>
    </bndbox>
  </object>
  <object>
    <name>bird</name>
    <bndbox>
      <xmin>1497</xmin>
      <ymin>889</ymin>
      <xmax>1797</xmax>
      <ymax>1200</ymax>
    </bndbox>
  </object>
  <object>
    <name>bird</name>
    <bndbox>
      <xmin>1084</xmin>
      <ymin>863</ymin>
      <xmax>1619</xmax>
      <ymax>1140</ymax>
    </bndbox>
  </object>
</annotation>
