<?xml version='1.0' encoding='UTF-8'?>
<annotation>
  <folder>images</folder>
  <filename>frame_316.jpg</filename>
  <object>
    <name>bird</name>
    <bndbox>
      <xmin>3344</xmin>
      <ymin>999</ymin>
      <xmax>3762</xmax>
      <ymax>1292</ymax>
    </bndbox>
  </object>
  <object>
    <name>bird</name>
    <bndbox>
      <xmin>1374</xmin>
      <ymin>1643</ymin>
      <xmax>1950</xmax>
      <ymax>1961</ymax>
    </bndbox>
  </object>
  <object>
    <name>bird</name>
    <bndbox>
      <xmin>640</xmin>
      <ymin>1207</ymin>
      <xmax>1090</xmax>
      <ymax>1489</ymax>
    </bndbox>
  </object>
  <object>
    <name>bird</name>
    <bndbox>
      <xmin>246</xmin>
      <ymin>1719</ymin>
      <xmax>809</xmax>
      <ymax>2090</ymax>
    </bndbox>
  </object>
  <object>
    <name>bird</name>
    <bndbox>
      <xmin>2345</xmin>
      <ymin>950</ymin>
      <xmax>2649</xmax>
      <ymax>1248</ymax>
    </bndbox>
  </object>
  <object>
    <name>bird</name>
    <bndbox>
      <xmin>1491</xmin>
      <ymin>1022</ymin>
      <xmax>1716</xmax>
      <ymax>1269</ymax>
    </bndbox>
  </object>
  <object>
    <name>bird</name>
    <bndbox>
      <xmin>2190</xmin>
      <ymin>778</ymin>
      <xmax>2582</xmax>
      <ymax>960</ymax>
    </bndbox>
  </object>
  <object>
    <name>bird</name>
    <bndbox>
      <xmin>1726</xmin>
      <ymin>744</ymin>
      <xmax>2089</xmax>
      <ymax>919</ymax>
    </bndbox>
  </object>
  <object>
    <name>bird</name>
    <bndbox>
      <xmin>647</xmin>
      <ymin>918</ymin>
      <xmax>1039</xmax>
      <ymax>1116</ymax>
    </bndbox>
  </object>
  <object>
    <name>bird</name>
    <bndbox>
      <xmin>887</xmin>
      <ymin>1124</ymin>
      <xmax>1249</xmax>
      <ymax>1329</ymax>
    </bndbox>
  </object>
  <object>
    <name>bird</name>
    <bndbox>
      <xmin>1066</xmin>
      <ymin>1013</ymin>
      <xmax>1507</xmax>
      <ymax>1246</ymax>
    </bndbox>
  </object>
  <object>
    <name>bird</name>
    <bndbox>
      <xmin>1763</xmin>
      <ymin>967</ymin>
      <xmax>2023</xmax>
      <ymax>1191</ymax>
    </bndbox>
  </object>
</annotation>
