<?xml version='1.0' encoding='UTF-8'?>
<annotation>
  <folder>images</folder>
  <filename>frame_304.jpg</filename>
  <object>
    <name>bird</name>
    <bndbox>
      <xmin>2975</xmin>
      <ymin>981</ymin>
      <xmax>3214</xmax>
      <ymax>1245</ymax>
    </bndbox>
  </object>
  <object>
    <name>bird</name>
    <bndbox>
      <xmin>1162</xmin>
      <ymin>1564</ymin>
      <xmax>1688</xmax>
      <ymax>1874</ymax>
    </bndbox>
  </object>
  <object>
    <name>bird</name>
    <bndbox>
      <xmin>953</xmin>
      <ymin>1029</ymin>
      <xmax>1249</xmax>
      <ymax>1220</ymax>
    </bndbox>
  </object>
  <object>
    <name>bird</name>
    <bndbox>
      <xmin>1103</xmin>
      <ymin>1157</ymin>
      <xmax>1580</xmax>
      <ymax>1480</ymax>
    </bndbox>
  </object>
  <object>
    <name>bird</name>
    <bndbox>
      <xmin>736</xmin>
      <ymin>1808</ymin>
      <xmax>1125</xmax>
      <ymax>2064</ymax>
    </bndbox>
  </object>
  <object>
    <name>bird</name>
    <bndbox>
      <xmin>443</xmin>
      <ymin>1832</ymin>
      <xmax>901</xmax>
      <ymax>2158</ymax>
    </bndbox>
  </object>
  <object>
    <name>bird</name>
    <bndbox>
      <xmin>84</xmin>
      <ymin>1588</ymin>
      <xmax>377</xmax>
      <ymax>1935</ymax>
    </bndbox>
  </object>
  <object>
    <name>bird</name>
    <bndbox>
      <xmin>2071</xmin>
      <ymin>753</ymin>
      <xmax>2437</xmax>
      <ymax>1132</ymax>
    </bndbox>
  </object>
  <object>
    <name>bird</name>
    <bndbox>
      <xmin>944</xmin>
      <ymin>1986</ymin>
      <xmax>1722</xmax>
      <ymax>2159</ymax>
    </bndbox>
  </object>
  <object>
    <name>bird</name>
    <bndbox>
      <xmin>1521</xmin>
      <ymin>976</ymin>
      <xmax>1741</xmax>
      <ymax>1207</ymax>
    </bndbox>
  </object>
  <object>
    <name>bird</name>
    <bndbox>
      <xmin>1079</xmin>
      <ymin>934</ymin>
      <xmax>1534</xmax>
      <ymax>1163</ymax>
    </bndbox>
  </object>
  <object>
    <name>bird</name>
    <bndbox>
      <xmin>1892</xmin>
      <ymin>690</ymin>
      <xmax>2206</xmax>
      <ymax>836</ymax>
    </bndbox>
  </object>
</annotation>
