<?xml version='1.0' encoding='UTF-8'?>
<annotation>
  <folder>images</folder>
  <filename>frame_228.jpg</filename>
  <object>
    <name>bird</name>
    <bndbox>
      <xmin>3083</xmin>
      <ymin>1157</ymin>
      <xmax>3462</xmax>
      <ymax>1394</ymax>
    </bndbox>
  </object>
  <object>
    <name>bird</name>
    <bndbox>
      <xmin>1097</xmin>
      <ymin>1338</ymin>
      <xmax>1549</xmax>
      <ymax>1659</ymax>
    </bndbox>
  </object>
  <object>
    <name>bird</name>
    <bndbox>
      <xmin>2189</xmin>
      <ymin>1169</ymin>
      <xmax>2485</xmax>
      <ymax>1411</ymax>
    </bndbox>
  </object>
  <object>
    <name>bird</name>
    <bndbox>
      <xmin>1678</xmin>
      <ymin>1142</ymin>
      <xmax>2085</xmax>
      <ymax>1352</ymax>
    </bndbox>
  </object>
  <object>
    <name>bird</name>
    <bndbox>
      <xmin>965</xmin>
      <ymin>1085</ymin>
      <xmax>1458</xmax>
      <ymax>1309</ymax>
    </bndbox>
  </object>
  <object>
    <name>bird</name>
    <bndbox>
      <xmin>1115</xmin>
      <ymin>987</ymin>
      <xmax>1542</xmax>
      <ymax>1129</ymax>
    </bndbox>
  </object>
  <object>
    <name>bird</name>
    <bndbox>
      <xmin>2147</xmin>
      <ymin>1085</ymin>
      <xmax>2560</xmax>
      <ymax>1248</ymax>
    </bndbox>
  </object>
  <object>
    <name>bird</name>
    <bndbox>
      <xmin>1854</xmin>
      <ymin>750</ymin>
      <xmax>2093</xmax>
      <ymax>1026</ymax>
    </bndbox>
  </object>
</annotation>
