<?xml version='1.0' encoding='UTF-8'?>
<annotation>
  <folder>images</folder>
  <filename>frame_159.jpg</filename>
  <object>
    <name>bird</name>
    <bndbox>
      <xmin>1031</xmin>
      <ymin>1299</ymin>
      <xmax>1668</xmax>
      <ymax>1580</ymax>
    </bndbox>
  </object>
  <object>
    <name>bird</name>
    <bndbox>
      <xmin>0</xmin>
      <ymin>1334</ymin>
      <xmax>613</xmax>
      <ymax>1678</ymax>
    </bndbox>
  </object>
  <object>
    <name>bird</name>
    <bndbox>
      <xmin>1583</xmin>
      <ymin>905</ymin>
      <xmax>1821</xmax>
      <ymax>1211</ymax>
    </bndbox>
  </object>
  <object>
    <name>bird</name>
    <bndbox>
      <xmin>750</xmin>
      <ymin>1175</ymin>
      <xmax>1206</xmax>
      <ymax>1426</ymax>
    </bndbox>
  </object>
  <object>
    <name>bird</name>
    <bndbox>
      <xmin>1686</xmin>
      <ymin>779</ymin>
      <xmax>1909</xmax>
      <ymax>1142</ymax>
    </bndbox>
  </object>
  <object>
    <name>bird</name>
    <bndbox>
      <xmin>1591</xmin>
      <ymin>1152</ymin>
      <xmax>2041</xmax>
      <ymax>1407</ymax>
    </bndbox>
  </object>
  <object>
    <name>bird</name>
    <bndbox>
      <xmin>1999</xmin>
      <ymin>1229</ymin>
      <xmax>2337</xmax>
      <ymax>1455</ymax>
    </bndbox>
  </object>
  <object>
    <name>bird</name>
    <bndbox>
      <xmin>1919</xmin>
      <ymin>790</ymin>
      <xmax>2195</xmax>
      <ymax>1107</ymax>
    </bndbox>
  </object>
  <object>
    <name>bird</name>
    <bndbox>
      <xmin>971</xmin>
      <ymin>833</ymin>
      <xmax>1354</xmax>
      <ymax>1032</ymax>
    </bndbox>
  </object>
  <object>
    <name>bird</name>
    <bndbox>
      <xmin>1923</xmin>
      <ymin>1428</ymin>
      <xmax>2249</xmax>
      <ymax>1675</ymax>
    </bndbox>
  </object>
  <object>
    <name>bird</name>
    <bndbox>
      <xmin>1246</xmin>
      <ymin>1002</ymin>
      <xmax>1561</xmax>
      <ymax>1400</ymax>
    </bndbox>
  </object>
  <object>
    <name>bird</name>
    <bndbox>
      <xmin>2316</xmin>
      <ymin>1111</ymin>
      <xmax>2689</xmax>
      <ymax>1575</ymax>
    </bndbox>
  </object>
  <object>
    <name>bird</name>
    <bndbox>
      <xmin>1117</xmin>
      <ymin>977</ymin>
      <xmax>1603</xmax>
      <ymax>1197</ymax>
    </bndbox>
  </object>
</annotation>
