<?xml version='1.0' encoding='UTF-8'?>
<annotation>
  <folder>images</folder>
  <filename>frame_273.jpg</filename>
  <object>
    <name>bird</name>
    <bndbox>
      <xmin>2493</xmin>
      <ymin>1341</ymin>
      <xmax>3177</xmax>
      <ymax>1738</ymax>
    </bndbox>
  </object>
  <object>
    <name>bird</name>
    <bndbox>
      <xmin>2536</xmin>
      <ymin>1096</ymin>
      <xmax>2977</xmax>
      <ymax>1344</ymax>
    </bndbox>
  </object>
  <object>
    <name>bird</name>
    <bndbox>
      <xmin>2090</xmin>
      <ymin>1050</ymin>
      <xmax>2317</xmax>
      <ymax>1299</ymax>
    </bndbox>
  </object>
  <object>
    <name>bird</name>
    <bndbox>
      <xmin>2017</xmin>
      <ymin>760</ymin>
      <xmax>2453</xmax>
      <ymax>1007</ymax>
    </bndbox>
  </object>
  <object>
    <name>bird</name>
    <bndbox>
      <xmin>2620</xmin>
      <ymin>771</ymin>
      <xmax>2858</xmax>
      <ymax>1010</ymax>
    </bndbox>
  </object>
  <object>
    <name>bird</name>
    <bndbox>
      <xmin>1090</xmin>
      <ymin>935</ymin>
      <xmax>1566</xmax>
      <ymax>1143</ymax>
    </bndbox>
  </object>
  <object>
    <name>bird</name>
    <bndbox>
      <xmin>1741</xmin>
      <ymin>938</ymin>
      <xmax>2130</xmax>
      <ymax>1263</ymax>
    </bndbox>
  </object>
  <object>
    <name>bird</name>
    <bndbox>
      <xmin>0</xmin>
      <ymin>1915</ymin>
      <xmax>386</xmax>
      <ymax>2152</ymax>
    </bndbox>
  </object>
  <object>
    <name>bird</name>
    <bndbox>
      <xmin>837</xmin>
      <ymin>1005</ymin>
      <xmax>1327</xmax>
      <ymax>1340</ymax>
    </bndbox>
  </object>
</annotation>
