<?xml version='1.0' encoding='UTF-8'?>
<annotation>
  <folder>images</folder>
  <filename>frame_176.jpg</filename>
  <object>
    <name>bird</name>
    <bndbox>
      <xmin>916</xmin>
      <ymin>1198</ymin>
      <xmax>1520</xmax>
      <ymax>1504</ymax>
    </bndbox>
  </object>
  <object>
    <name>bird</name>
    <bndbox>
      <xmin>1431</xmin>
      <ymin>1177</ymin>
      <xmax>2028</xmax>
      <ymax>1436</ymax>
    </bndbox>
  </object>
  <object>
    <name>bird</name>
    <bndbox>
      <xmin>1</xmin>
      <ymin>537</ymin>
      <xmax>352</xmax>
      <ymax>858</ymax>
    </bndbox>
  </object>
  <object>
    <name>bird</name>
    <bndbox>
      <xmin>2257</xmin>
      <ymin>1213</ymin>
      <xmax>2683</xmax>
      <ymax>1460</ymax>
    </bndbox>
  </object>
  <object>
    <name>bird</name>
    <bndbox>
      <xmin>2496</xmin>
      <ymin>639</ymin>
      <xmax>2880</xmax>
      <ymax>936</ymax>
    </bndbox>
  </object>
  <object>
    <name>bird</name>
    <bndbox>
      <xmin>2057</xmin>
      <ymin>694</ymin>
      <xmax>2273</xmax>
      <ymax>1016</ymax>
    </bndbox>
  </object>
  <object>
    <name>bird</name>
    <bndbox>
      <xmin>1807</xmin>
      <ymin>752</ymin>
      <xmax>2060</xmax>
      <ymax>1019</ymax>
    </bndbox>
  </object>
  <object>
    <name>bird</name>
    <bndbox>
      <xmin>1685</xmin>
      <ymin>1033</ymin>
      <xmax>2151</xmax>
      <ymax>1331</ymax>
    </bndbox>
  </object>
  <object>
    <name>bird</name>
    <bndbox>
      <xmin>2250</xmin>
      <ymin>1036</ymin>
      <xmax>2620</xmax>
      <ymax>1248</ymax>
    </bndbox>
  </object>
  <object>
    <name>bird</name>
    <bndbox>
      <xmin>406</xmin>
      <ymin>1844</ymin>
      <xmax>1214</xmax>
      <ymax>2159</ymax>
    </bndbox>
  </object>
  <object>
    <name>bird</name>
    <bndbox>
      <xmin>2561</xmin>
      <ymin>920</ymin>
      <xmax>2920</xmax>
      <ymax>1190</ymax>
    </bndbox>
  </object>
  <object>
    <name>bird</name>
    <bndbox>
      <xmin>982</xmin>
      <ymin>960</ymin>
      <xmax>1348</xmax>
      <ymax>1211</ymax>
    </bndbox>
  </object>
  <object>
    <name>bird</name>
    <bndbox>
      <xmin>1253</xmin>
      <ymin>710</ymin>
      <xmax>1758</xmax>
      <ymax>915</ymax>
    </bndbox>
  </object>
</annotation>
