<?xml version='1.0' encoding='UTF-8'?>
<annotation>
  <folder>images</folder>
  <filename>frame_183.jpg</filename>
  <object>
    <name>bird</name>
    <bndbox>
      <xmin>1186</xmin>
      <ymin>1131</ymin>
      <xmax>1756</xmax>
      <ymax>1434</ymax>
    </bndbox>
  </object>
  <object>
    <name>bird</name>
    <bndbox>
      <xmin>1701</xmin>
      <ymin>1107</ymin>
      <xmax>2274</xmax>
      <ymax>1356</ymax>
    </bndbox>
  </object>
  <object>
    <name>bird</name>
    <bndbox>
      <xmin>2402</xmin>
      <ymin>1124</ymin>
      <xmax>2854</xmax>
      <ymax>1355</ymax>
    </bndbox>
  </object>
  <object>
    <name>bird</name>
    <bndbox>
      <xmin>2478</xmin>
      <ymin>612</ymin>
      <xmax>2927</xmax>
      <ymax>934</ymax>
    </bndbox>
  </object>
  <object>
    <name>bird</name>
    <bndbox>
      <xmin>1338</xmin>
      <ymin>1762</ymin>
      <xmax>2295</xmax>
      <ymax>2154</ymax>
    </bndbox>
  </object>
  <object>
    <name>bird</name>
    <bndbox>
      <xmin>1026</xmin>
      <ymin>959</ymin>
      <xmax>1547</xmax>
      <ymax>1187</ymax>
    </bndbox>
  </object>
  <object>
    <name>bird</name>
    <bndbox>
      <xmin>1831</xmin>
      <ymin>640</ymin>
      <xmax>2139</xmax>
      <ymax>885</ymax>
    </bndbox>
  </object>
  <object>
    <name>bird</name>
    <bndbox>
      <xmin>1882</xmin>
      <ymin>752</ymin>
      <xmax>2149</xmax>
      <ymax>984</ymax>
    </bndbox>
  </object>
  <object>
    <name>bird</name>
    <bndbox>
      <xmin>1534</xmin>
      <ymin>846</ymin>
      <xmax>1844</xmax>
      <ymax>1062</ymax>
    </bndbox>
  </object>
  <object>
    <name>bird</name>
    <bndbox>
      <xmin>1768</xmin>
      <ymin>953</ymin>
      <xmax>2220</xmax>
      <ymax>1227</ymax>
    </bndbox>
  </object>
  <object>
    <name>bird</name>
    <bndbox>
      <xmin>1413</xmin>
      <ymin>673</ymin>
      <xmax>2046</xmax>
      <ymax>961</ymax>
    </bndbox>
  </object>
</annotation>
