<?xml version='1.0' encoding='UTF-8'?>
<annotation>
  <folder>images</folder>
  <filename>frame_86.jpg</filename>
  <object>
    <name>bird</name>
    <bndbox>
      <xmin>2759</xmin>
      <ymin>1062</ymin>
      <xmax>3257</xmax>
      <ymax>1428</ymax>
    </bndbox>
  </object>
  <object>
    <name>bird</name>
    <bndbox>
      <xmin>487</xmin>
      <ymin>340</ymin>
      <xmax>969</xmax>
      <ymax>676</ymax>
    </bndbox>
  </object>
  <object>
    <name>bird</name>
    <bndbox>
      <xmin>1352</xmin>
      <ymin>875</ymin>
      <xmax>1869</xmax>
      <ymax>1204</ymax>
    </bndbox>
  </object>
  <object>
    <name>bird</name>
    <bndbox>
      <xmin>2137</xmin>
      <ymin>1071</ymin>
      <xmax>2512</xmax>
      <ymax>1401</ymax>
    </bndbox>
  </object>
  <object>
    <name>bird</name>
    <bndbox>
      <xmin>1263</xmin>
      <ymin>1158</ymin>
      <xmax>1921</xmax>
      <ymax>1498</ymax>
    </bndbox>
  </object>
  <object>
    <name>bird</name>
    <bndbox>
      <xmin>1533</xmin>
      <ymin>690</ymin>
      <xmax>1967</xmax>
      <ymax>1076</ymax>
    </bndbox>
  </object>
  <object>
    <name>bird</name>
    <bndbox>
      <xmin>2059</xmin>
      <ymin>675</ymin>
      <xmax>2299</xmax>
      <ymax>1094</ymax>
    </bndbox>
  </object>
  <object>
    <name>bird</name>
    <bndbox>
      <xmin>2713</xmin>
      <ymin>625</ymin>
      <xmax>3339</xmax>
      <ymax>999</ymax>
    </bndbox>
  </object>
  <object>
    <name>bird</name>
    <bndbox>
      <xmin>2530</xmin>
      <ymin>444</ymin>
      <xmax>3227</xmax>
      <ymax>861</ymax>
    </bndbox>
  </object>
  <object>
    <name>bird</name>
    <bndbox>
      <xmin>2832</xmin>
      <ymin>865</ymin>
      <xmax>3490</xmax>
      <ymax>1093</ymax>
    </bndbox>
  </object>
  <object>
    <name>bird</name>
    <bndbox>
      <xmin>998</xmin>
      <ymin>726</ymin>
      <xmax>1491</xmax>
      <ymax>949</ymax>
    </bndbox>
  </object>
</annotation>
