<?xml version='1.0' encoding='UTF-8'?>
<annotation>
  <folder>images</folder>
  <filename>frame_323.jpg</filename>
  <object>
    <name>bird</name>
    <bndbox>
      <xmin>1566</xmin>
      <ymin>1626</ymin>
      <xmax>2218</xmax>
      <ymax>1979</ymax>
    </bndbox>
  </object>
  <object>
    <name>bird</name>
    <bndbox>
      <xmin>758</xmin>
      <ymin>1225</ymin>
      <xmax>1247</xmax>
      <ymax>1516</ymax>
    </bndbox>
  </object>
  <object>
    <name>bird</name>
    <bndbox>
      <xmin>566</xmin>
      <ymin>1689</ymin>
      <xmax>1090</xmax>
      <ymax>2101</ymax>
    </bndbox>
  </object>
  <object>
    <name>bird</name>
    <bndbox>
      <xmin>2588</xmin>
      <ymin>1076</ymin>
      <xmax>2832</xmax>
      <ymax>1367</ymax>
    </bndbox>
  </object>
  <object>
    <name>bird</name>
    <bndbox>
      <xmin>1742</xmin>
      <ymin>1057</ymin>
      <xmax>1962</xmax>
      <ymax>1292</ymax>
    </bndbox>
  </object>
  <object>
    <name>bird</name>
    <bndbox>
      <xmin>2565</xmin>
      <ymin>845</ymin>
      <xmax>2987</xmax>
      <ymax>1062</ymax>
    </bndbox>
  </object>
  <object>
    <name>bird</name>
    <bndbox>
      <xmin>851</xmin>
      <ymin>930</ymin>
      <xmax>1256</xmax>
      <ymax>1133</ymax>
    </bndbox>
  </object>
  <object>
    <name>bird</name>
    <bndbox>
      <xmin>1073</xmin>
      <ymin>1150</ymin>
      <xmax>1499</xmax>
      <ymax>1375</ymax>
    </bndbox>
  </object>
  <object>
    <name>bird</name>
    <bndbox>
      <xmin>1342</xmin>
      <ymin>1041</ymin>
      <xmax>1719</xmax>
      <ymax>1268</ymax>
    </bndbox>
  </object>
  <object>
    <name>bird</name>
    <bndbox>
      <xmin>402</xmin>
      <ymin>839</ymin>
      <xmax>575</xmax>
      <ymax>1100</ymax>
    </bndbox>
  </object>
  <object>
    <name>bird</name>
    <bndbox>
      <xmin>1935</xmin>
      <ymin>1001</ymin>
      <xmax>2288</xmax>
      <ymax>1215</ymax>
    </bndbox>
  </object>
  <object>
    <name>bird</name>
    <bndbox>
      <xmin>1825</xmin>
      <ymin>745</ymin>
      <xmax>2272</xmax>
      <ymax>975</ymax>
    </bndbox>
  </object>
</annotation>
