<?xml version='1.0' encoding='UTF-8'?>
<annotation>
  <folder>images</folder>
  <filename>frame_113.jpg</filename>
  <object>
    <name>bird</name>
    <bndbox>
      <xmin>1921</xmin>
      <ymin>1288</ymin>
      <xmax>2420</xmax>
      <ymax>1559</ymax>
    </bndbox>
  </object>
  <object>
    <name>bird</name>
    <bndbox>
      <xmin>1033</xmin>
      <ymin>1073</ymin>
      <xmax>1815</xmax>
      <ymax>1449</ymax>
    </bndbox>
  </object>
  <object>
    <name>bird</name>
    <bndbox>
      <xmin>1554</xmin>
      <ymin>747</ymin>
      <xmax>1789</xmax>
      <ymax>1173</ymax>
    </bndbox>
  </object>
  <object>
    <name>bird</name>
    <bndbox>
      <xmin>165</xmin>
      <ymin>697</ymin>
      <xmax>831</xmax>
      <ymax>1120</ymax>
    </bndbox>
  </object>
  <object>
    <name>bird</name>
    <bndbox>
      <xmin>2249</xmin>
      <ymin>802</ymin>
      <xmax>2717</xmax>
      <ymax>1065</ymax>
    </bndbox>
  </object>
  <object>
    <name>bird</name>
    <bndbox>
      <xmin>2426</xmin>
      <ymin>999</ymin>
      <xmax>3216</xmax>
      <ymax>1393</ymax>
    </bndbox>
  </object>
  <object>
    <name>bird</name>
    <bndbox>
      <xmin>1808</xmin>
      <ymin>934</ymin>
      <xmax>2550</xmax>
      <ymax>1193</ymax>
    </bndbox>
  </object>
  <object>
    <name>bird</name>
    <bndbox>
      <xmin>1862</xmin>
      <ymin>1102</ymin>
      <xmax>2331</xmax>
      <ymax>1326</ymax>
    </bndbox>
  </object>
  <object>
    <name>bird</name>
    <bndbox>
      <xmin>1888</xmin>
      <ymin>535</ymin>
      <xmax>2100</xmax>
      <ymax>886</ymax>
    </bndbox>
  </object>
  <object>
    <name>bird</name>
    <bndbox>
      <xmin>1124</xmin>
      <ymin>713</ymin>
      <xmax>1578</xmax>
      <ymax>1036</ymax>
    </bndbox>
  </object>
  <object>
    <name>bird</name>
    <bndbox>
      <xmin>2037</xmin>
      <ymin>620</ymin>
      <xmax>2356</xmax>
      <ymax>901</ymax>
    </bndbox>
  </object>
  <object>
    <name>bird</name>
    <bndbox>
      <xmin>902</xmin>
      <ymin>961</ymin>
      <xmax>1362</xmax>
      <ymax>1213</ymax>
    </bndbox>
  </object>
</annotation>
