<?xml version='1.0' encoding='UTF-8'?>
<annotation>
  <folder>images</folder>
  <filename>frame_253.jpg</filename>
  <object>
    <name>bird</name>
    <bndbox>
      <xmin>2474</xmin>
      <ymin>884</ymin>
      <xmax>2888</xmax>
      <ymax>1218</ymax>
    </bndbox>
  </object>
  <object>
    <name>bird</name>
    <bndbox>
      <xmin>2253</xmin>
      <ymin>1559</ymin>
      <xmax>2778</xmax>
      <ymax>1837</ymax>
    </bndbox>
  </object>
  <object>
    <name>bird</name>
    <bndbox>
      <xmin>2513</xmin>
      <ymin>1224</ymin>
      <xmax>2887</xmax>
      <ymax>1495</ymax>
    </bndbox>
  </object>
  <object>
    <name>bird</name>
    <bndbox>
      <xmin>817</xmin>
      <ymin>1127</ymin>
      <xmax>1295</xmax>
      <ymax>1353</ymax>
    </bndbox>
  </object>
  <object>
    <name>bird</name>
    <bndbox>
      <xmin>1907</xmin>
      <ymin>1078</ymin>
      <xmax>2360</xmax>
      <ymax>1397</ymax>
    </bndbox>
  </object>
  <object>
    <name>bird</name>
    <bndbox>
      <xmin>1812</xmin>
      <ymin>1158</ymin>
      <xmax>2109</xmax>
      <ymax>1371</ymax>
    </bndbox>
  </object>
</annotation>
