<?xml version='1.0' encoding='UTF-8'?>
<annotation>
  <folder>images</folder>
  <filename>frame_147.jpg</filename>
  <object>
    <name>bird</name>
    <bndbox>
      <xmin>1131</xmin>
      <ymin>1258</ymin>
      <xmax>1825</xmax>
      <ymax>1565</ymax>
    </bndbox>
  </object>
  <object>
    <name>bird</name>
    <bndbox>
      <xmin>1445</xmin>
      <ymin>964</ymin>
      <xmax>1693</xmax>
      <ymax>1371</ymax>
    </bndbox>
  </object>
  <object>
    <name>bird</name>
    <bndbox>
      <xmin>78</xmin>
      <ymin>1372</ymin>
      <xmax>537</xmax>
      <ymax>1653</ymax>
    </bndbox>
  </object>
  <object>
    <name>bird</name>
    <bndbox>
      <xmin>1674</xmin>
      <ymin>868</ymin>
      <xmax>1919</xmax>
      <ymax>1261</ymax>
    </bndbox>
  </object>
  <object>
    <name>bird</name>
    <bndbox>
      <xmin>811</xmin>
      <ymin>1154</ymin>
      <xmax>1252</xmax>
      <ymax>1414</ymax>
    </bndbox>
  </object>
  <object>
    <name>bird</name>
    <bndbox>
      <xmin>1754</xmin>
      <ymin>745</ymin>
      <xmax>1976</xmax>
      <ymax>1107</ymax>
    </bndbox>
  </object>
  <object>
    <name>bird</name>
    <bndbox>
      <xmin>1980</xmin>
      <ymin>775</ymin>
      <xmax>2247</xmax>
      <ymax>1085</ymax>
    </bndbox>
  </object>
  <object>
    <name>bird</name>
    <bndbox>
      <xmin>1682</xmin>
      <ymin>1125</ymin>
      <xmax>2236</xmax>
      <ymax>1437</ymax>
    </bndbox>
  </object>
</annotation>
