<?xml version='1.0' encoding='UTF-8'?>
<annotation>
  <folder>images</folder>
  <filename>frame_202.jpg</filename>
  <object>
    <name>bird</name>
    <bndbox>
      <xmin>1712</xmin>
      <ymin>1160</ymin>
      <xmax>2240</xmax>
      <ymax>1449</ymax>
    </bndbox>
  </object>
  <object>
    <name>bird</name>
    <bndbox>
      <xmin>2053</xmin>
      <ymin>596</ymin>
      <xmax>2373</xmax>
      <ymax>901</ymax>
    </bndbox>
  </object>
  <object>
    <name>bird</name>
    <bndbox>
      <xmin>2804</xmin>
      <ymin>1524</ymin>
      <xmax>3603</xmax>
      <ymax>1868</ymax>
    </bndbox>
  </object>
  <object>
    <name>bird</name>
    <bndbox>
      <xmin>2271</xmin>
      <ymin>785</ymin>
      <xmax>2693</xmax>
      <ymax>952</ymax>
    </bndbox>
  </object>
  <object>
    <name>bird</name>
    <bndbox>
      <xmin>2224</xmin>
      <ymin>942</ymin>
      <xmax>2754</xmax>
      <ymax>1191</ymax>
    </bndbox>
  </object>
  <object>
    <name>bird</name>
    <bndbox>
      <xmin>836</xmin>
      <ymin>966</ymin>
      <xmax>1386</xmax>
      <ymax>1194</ymax>
    </bndbox>
  </object>
</annotation>
