<?xml version='1.0' encoding='UTF-8'?>
<annotation>
  <folder>images</folder>
  <filename>frame_42.jpg</filename>
  <object>
    <name>bird</name>
    <bndbox>
      <xmin>318</xmin>
      <ymin>565</ymin>
      <xmax>692</xmax>
      <ymax>921</ymax>
    </bndbox>
  </object>
  <object>
    <name>bird</name>
    <bndbox>
      <xmin>1548</xmin>
      <ymin>572</ymin>
      <xmax>2114</xmax>
      <ymax>1057</ymax>
    </bndbox>
  </object>
  <object>
    <name>bird</name>
    <bndbox>
      <xmin>1208</xmin>
      <ymin>660</ymin>
      <xmax>1561</xmax>
      <ymax>1080</ymax>
    </bndbox>
  </object>
  <object>
    <name>bird</name>
    <bndbox>
      <xmin>1618</xmin>
      <ymin>1256</ymin>
      <xmax>2168</xmax>
      <ymax>1568</ymax>
    </bndbox>
  </object>
  <object>
    <name>bird</name>
    <bndbox>
      <xmin>2073</xmin>
      <ymin>702</ymin>
      <xmax>2651</xmax>
      <ymax>971</ymax>
    </bndbox>
  </object>
  <object>
    <name>bird</name>
    <bndbox>
      <xmin>2069</xmin>
      <ymin>187</ymin>
      <xmax>2561</xmax>
      <ymax>525</ymax>
    </bndbox>
  </object>
  <object>
    <name>bird</name>
    <bndbox>
      <xmin>488</xmin>
      <ymin>895</ymin>
      <xmax>973</xmax>
      <ymax>1169</ymax>
    </bndbox>
  </object>
  <object>
    <name>bird</name>
    <bndbox>
      <xmin>2027</xmin>
      <ymin>1114</ymin>
      <xmax>2571</xmax>
      <ymax>1458</ymax>
    </bndbox>
  </object>
  <object>
    <name>bird</name>
    <bndbox>
      <xmin>1403</xmin>
      <ymin>1</ymin>
      <xmax>1718</xmax>
      <ymax>99</ymax>
    </bndbox>
  </object>
  <object>
    <name>bird</name>
    <bndbox>
      <xmin>1005</xmin>
      <ymin>597</ymin>
      <xmax>1272</xmax>
      <ymax>1089</ymax>
    </bndbox>
  </object>
  <object>
    <name>bird</name>
    <bndbox>
      <xmin>901</xmin>
      <ymin>1036</ymin>
      <xmax>1474</xmax>
      <ymax>1315</ymax>
    </bndbox>
  </object>
  <object>
    <name>bird</name>
    <bndbox>
      <xmin>625</xmin>
      <ymin>0</ymin>
      <xmax>907</xmax>
      <ymax>167</ymax>
    </bndbox>
  </object>
  <object>
    <name>bird</name>
    <bndbox>
      <xmin>1835</xmin>
      <ymin>894</ymin>
      <xmax>2315</xmax>
      <ymax>1151</ymax>
    </bndbox>
  </object>
</annotation>
