<?xml version='1.0' encoding='UTF-8'?>
<annotation>
  <folder>images</folder>
  <filename>frame_97.jpg</filename>
  <object>
    <name>bird</name>
    <bndbox>
      <xmin>487</xmin>
      <ymin>517</ymin>
      <xmax>742</xmax>
      <ymax>936</ymax>
    </bndbox>
  </object>
  <object>
    <name>bird</name>
    <bndbox>
      <xmin>3048</xmin>
      <ymin>1013</ymin>
      <xmax>3371</xmax>
      <ymax>1303</ymax>
    </bndbox>
  </object>
  <object>
    <name>bird</name>
    <bndbox>
      <xmin>1616</xmin>
      <ymin>554</ymin>
      <xmax>1867</xmax>
      <ymax>921</ymax>
    </bndbox>
  </object>
  <object>
    <name>bird</name>
    <bndbox>
      <xmin>1593</xmin>
      <ymin>1143</ymin>
      <xmax>2138</xmax>
      <ymax>1425</ymax>
    </bndbox>
  </object>
  <object>
    <name>bird</name>
    <bndbox>
      <xmin>2823</xmin>
      <ymin>776</ymin>
      <xmax>3400</xmax>
      <ymax>1047</ymax>
    </bndbox>
  </object>
  <object>
    <name>bird</name>
    <bndbox>
      <xmin>1365</xmin>
      <ymin>857</ymin>
      <xmax>2044</xmax>
      <ymax>1180</ymax>
    </bndbox>
  </object>
  <object>
    <name>bird</name>
    <bndbox>
      <xmin>2407</xmin>
      <ymin>422</ymin>
      <xmax>2980</xmax>
      <ymax>765</ymax>
    </bndbox>
  </object>
</annotation>
