<?xml version='1.0' encoding='UTF-8'?>
<annotation>
  <folder>images</folder>
  <filename>frame_205.jpg</filename>
  <object>
    <name>bird</name>
    <bndbox>
      <xmin>1774</xmin>
      <ymin>1162</ymin>
      <xmax>2334</xmax>
      <ymax>1484</ymax>
    </bndbox>
  </object>
  <object>
    <name>bird</name>
    <bndbox>
      <xmin>1983</xmin>
      <ymin>635</ymin>
      <xmax>2286</xmax>
      <ymax>938</ymax>
    </bndbox>
  </object>
  <object>
    <name>bird</name>
    <bndbox>
      <xmin>2922</xmin>
      <ymin>1466</ymin>
      <xmax>3718</xmax>
      <ymax>1828</ymax>
    </bndbox>
  </object>
  <object>
    <name>bird</name>
    <bndbox>
      <xmin>2203</xmin>
      <ymin>837</ymin>
      <xmax>2609</xmax>
      <ymax>995</ymax>
    </bndbox>
  </object>
  <object>
    <name>bird</name>
    <bndbox>
      <xmin>778</xmin>
      <ymin>1017</ymin>
      <xmax>1356</xmax>
      <ymax>1272</ymax>
    </bndbox>
  </object>
  <object>
    <name>bird</name>
    <bndbox>
      <xmin>12</xmin>
      <ymin>1078</ymin>
      <xmax>164</xmax>
      <ymax>1435</ymax>
    </bndbox>
  </object>
</annotation>
