<?xml version='1.0' encoding='UTF-8'?>
<annotation>
  <folder>images</folder>
  <filename>frame_306.jpg</filename>
  <object>
    <name>bird</name>
    <bndbox>
      <xmin>2986</xmin>
      <ymin>988</ymin>
      <xmax>3251</xmax>
      <ymax>1253</ymax>
    </bndbox>
  </object>
  <object>
    <name>bird</name>
    <bndbox>
      <xmin>1217</xmin>
      <ymin>1577</ymin>
      <xmax>1777</xmax>
      <ymax>1904</ymax>
    </bndbox>
  </object>
  <object>
    <name>bird</name>
    <bndbox>
      <xmin>968</xmin>
      <ymin>1053</ymin>
      <xmax>1241</xmax>
      <ymax>1226</ymax>
    </bndbox>
  </object>
  <object>
    <name>bird</name>
    <bndbox>
      <xmin>1022</xmin>
      <ymin>1174</ymin>
      <xmax>1513</xmax>
      <ymax>1501</ymax>
    </bndbox>
  </object>
  <object>
    <name>bird</name>
    <bndbox>
      <xmin>823</xmin>
      <ymin>1853</ymin>
      <xmax>1208</xmax>
      <ymax>2095</ymax>
    </bndbox>
  </object>
  <object>
    <name>bird</name>
    <bndbox>
      <xmin>560</xmin>
      <ymin>1872</ymin>
      <xmax>973</xmax>
      <ymax>2158</ymax>
    </bndbox>
  </object>
  <object>
    <name>bird</name>
    <bndbox>
      <xmin>126</xmin>
      <ymin>1662</ymin>
      <xmax>443</xmax>
      <ymax>1979</ymax>
    </bndbox>
  </object>
  <object>
    <name>bird</name>
    <bndbox>
      <xmin>2169</xmin>
      <ymin>777</ymin>
      <xmax>2558</xmax>
      <ymax>1170</ymax>
    </bndbox>
  </object>
  <object>
    <name>bird</name>
    <bndbox>
      <xmin>1142</xmin>
      <ymin>2031</ymin>
      <xmax>1730</xmax>
      <ymax>2159</ymax>
    </bndbox>
  </object>
  <object>
    <name>bird</name>
    <bndbox>
      <xmin>1532</xmin>
      <ymin>996</ymin>
      <xmax>1746</xmax>
      <ymax>1226</ymax>
    </bndbox>
  </object>
  <object>
    <name>bird</name>
    <bndbox>
      <xmin>1100</xmin>
      <ymin>957</ymin>
      <xmax>1519</xmax>
      <ymax>1163</ymax>
    </bndbox>
  </object>
  <object>
    <name>bird</name>
    <bndbox>
      <xmin>1831</xmin>
      <ymin>684</ymin>
      <xmax>2221</xmax>
      <ymax>862</ymax>
    </bndbox>
  </object>
  <object>
    <name>bird</name>
    <bndbox>
      <xmin>1610</xmin>
      <ymin>683</ymin>
      <xmax>1801</xmax>
      <ymax>862</ymax>
    </bndbox>
  </object>
  <object>
    <name>bird</name>
    <bndbox>
      <xmin>1881</xmin>
      <ymin>928</ymin>
      <xmax>2056</xmax>
      <ymax>1120</ymax>
    </bndbox>
  </object>
</annotation>
