<?xml version='1.0' encoding='UTF-8'?>
<annotation>
  <folder>images</folder>
  <filename>frame_219.jpg</filename>
  <object>
    <name>bird</name>
    <bndbox>
      <xmin>1952</xmin>
      <ymin>641</ymin>
      <xmax>2230</xmax>
      <ymax>928</ymax>
    </bndbox>
  </object>
  <object>
    <name>bird</name>
    <bndbox>
      <xmin>3524</xmin>
      <ymin>1079</ymin>
      <xmax>3840</xmax>
      <ymax>1451</ymax>
    </bndbox>
  </object>
  <object>
    <name>bird</name>
    <bndbox>
      <xmin>652</xmin>
      <ymin>1191</ymin>
      <xmax>1002</xmax>
      <ymax>1490</ymax>
    </bndbox>
  </object>
  <object>
    <name>bird</name>
    <bndbox>
      <xmin>1685</xmin>
      <ymin>989</ymin>
      <xmax>2289</xmax>
      <ymax>1268</ymax>
    </bndbox>
  </object>
  <object>
    <name>bird</name>
    <bndbox>
      <xmin>1169</xmin>
      <ymin>791</ymin>
      <xmax>1545</xmax>
      <ymax>969</ymax>
    </bndbox>
  </object>
  <object>
    <name>bird</name>
    <bndbox>
      <xmin>2206</xmin>
      <ymin>1114</ymin>
      <xmax>2540</xmax>
      <ymax>1381</ymax>
    </bndbox>
  </object>
</annotation>
