<?xml version='1.0' encoding='UTF-8'?>
<annotation>
  <folder>images</folder>
  <filename>frame_350.jpg</filename>
  <object>
    <name>bird</name>
    <bndbox>
      <xmin>1445</xmin>
      <ymin>1693</ymin>
      <xmax>2145</xmax>
      <ymax>2009</ymax>
    </bndbox>
  </object>
  <object>
    <name>bird</name>
    <bndbox>
      <xmin>203</xmin>
      <ymin>1093</ymin>
      <xmax>721</xmax>
      <ymax>1428</ymax>
    </bndbox>
  </object>
  <object>
    <name>bird</name>
    <bndbox>
      <xmin>584</xmin>
      <ymin>1796</ymin>
      <xmax>957</xmax>
      <ymax>2157</ymax>
    </bndbox>
  </object>
  <object>
    <name>bird</name>
    <bndbox>
      <xmin>2852</xmin>
      <ymin>1236</ymin>
      <xmax>3117</xmax>
      <ymax>1527</ymax>
    </bndbox>
  </object>
  <object>
    <name>bird</name>
    <bndbox>
      <xmin>1101</xmin>
      <ymin>1153</ymin>
      <xmax>1439</xmax>
      <ymax>1420</ymax>
    </bndbox>
  </object>
  <object>
    <name>bird</name>
    <bndbox>
      <xmin>1441</xmin>
      <ymin>1092</ymin>
      <xmax>1763</xmax>
      <ymax>1310</ymax>
    </bndbox>
  </object>
  <object>
    <name>bird</name>
    <bndbox>
      <xmin>557</xmin>
      <ymin>1599</ymin>
      <xmax>901</xmax>
      <ymax>1898</ymax>
    </bndbox>
  </object>
  <object>
    <name>bird</name>
    <bndbox>
      <xmin>1750</xmin>
      <ymin>1117</ymin>
      <xmax>1946</xmax>
      <ymax>1331</ymax>
    </bndbox>
  </object>
  <object>
    <name>bird</name>
    <bndbox>
      <xmin>2031</xmin>
      <ymin>1061</ymin>
      <xmax>2302</xmax>
      <ymax>1253</ymax>
    </bndbox>
  </object>
  <object>
    <name>bird</name>
    <bndbox>
      <xmin>877</xmin>
      <ymin>984</ymin>
      <xmax>1301</xmax>
      <ymax>1184</ymax>
    </bndbox>
  </object>
  <object>
    <name>bird</name>
    <bndbox>
      <xmin>1186</xmin>
      <ymin>676</ymin>
      <xmax>1635</xmax>
      <ymax>940</ymax>
    </bndbox>
  </object>
</annotation>
