<?xml version='1.0' encoding='UTF-8'?>
<annotation>
  <folder>images</folder>
  <filename>frame_24.jpg</filename>
  <object>
    <name>bird</name>
    <bndbox>
      <xmin>474</xmin>
      <ymin>359</ymin>
      <xmax>798</xmax>
      <ymax>744</ymax>
    </bndbox>
  </object>
  <object>
    <name>bird</name>
    <bndbox>
      <xmin>2119</xmin>
      <ymin>383</ymin>
      <xmax>2730</xmax>
      <ymax>710</ymax>
    </bndbox>
  </object>
  <object>
    <name>bird</name>
    <bndbox>
      <xmin>386</xmin>
      <ymin>677</ymin>
      <xmax>958</xmax>
      <ymax>1052</ymax>
    </bndbox>
  </object>
  <object>
    <name>bird</name>
    <bndbox>
      <xmin>1071</xmin>
      <ymin>86</ymin>
      <xmax>1574</xmax>
      <ymax>378</ymax>
    </bndbox>
  </object>
  <object>
    <name>bird</name>
    <bndbox>
      <xmin>1459</xmin>
      <ymin>638</ymin>
      <xmax>1995</xmax>
      <ymax>963</ymax>
    </bndbox>
  </object>
  <object>
    <name>bird</name>
    <bndbox>
      <xmin>1132</xmin>
      <ymin>596</ymin>
      <xmax>1417</xmax>
      <ymax>1025</ymax>
    </bndbox>
  </object>
  <object>
    <name>bird</name>
    <bndbox>
      <xmin>968</xmin>
      <ymin>488</ymin>
      <xmax>1262</xmax>
      <ymax>944</ymax>
    </bndbox>
  </object>
  <object>
    <name>bird</name>
    <bndbox>
      <xmin>1334</xmin>
      <ymin>1214</ymin>
      <xmax>1832</xmax>
      <ymax>1521</ymax>
    </bndbox>
  </object>
  <object>
    <name>bird</name>
    <bndbox>
      <xmin>1575</xmin>
      <ymin>884</ymin>
      <xmax>2038</xmax>
      <ymax>1122</ymax>
    </bndbox>
  </object>
  <object>
    <name>bird</name>
    <bndbox>
      <xmin>2000</xmin>
      <ymin>749</ymin>
      <xmax>2438</xmax>
      <ymax>978</ymax>
    </bndbox>
  </object>
  <object>
    <name>bird</name>
    <bndbox>
      <xmin>1522</xmin>
      <ymin>0</ymin>
      <xmax>1910</xmax>
      <ymax>135</ymax>
    </bndbox>
  </object>
  <object>
    <name>bird</name>
    <bndbox>
      <xmin>1946</xmin>
      <ymin>1056</ymin>
      <xmax>2489</xmax>
      <ymax>1310</ymax>
    </bndbox>
  </object>
  <object>
    <name>bird</name>
    <bndbox>
      <xmin>966</xmin>
      <ymin>970</ymin>
      <xmax>1615</xmax>
      <ymax>1273</ymax>
    </bndbox>
  </object>
</annotation>
