<?xml version='1.0' encoding='UTF-8'?>
<annotation>
  <folder>images</folder>
  <filename>frame_45.jpg</filename>
  <object>
    <name>bird</name>
    <bndbox>
      <xmin>235</xmin>
      <ymin>531</ymin>
      <xmax>723</xmax>
      <ymax>942</ymax>
    </bndbox>
  </object>
  <object>
    <name>bird</name>
    <bndbox>
      <xmin>1553</xmin>
      <ymin>577</ymin>
      <xmax>2096</xmax>
      <ymax>1075</ymax>
    </bndbox>
  </object>
  <object>
    <name>bird</name>
    <bndbox>
      <xmin>1212</xmin>
      <ymin>677</ymin>
      <xmax>1578</xmax>
      <ymax>1097</ymax>
    </bndbox>
  </object>
  <object>
    <name>bird</name>
    <bndbox>
      <xmin>1701</xmin>
      <ymin>1268</ymin>
      <xmax>2243</xmax>
      <ymax>1585</ymax>
    </bndbox>
  </object>
  <object>
    <name>bird</name>
    <bndbox>
      <xmin>2055</xmin>
      <ymin>681</ymin>
      <xmax>2624</xmax>
      <ymax>951</ymax>
    </bndbox>
  </object>
  <object>
    <name>bird</name>
    <bndbox>
      <xmin>2051</xmin>
      <ymin>158</ymin>
      <xmax>2586</xmax>
      <ymax>520</ymax>
    </bndbox>
  </object>
  <object>
    <name>bird</name>
    <bndbox>
      <xmin>2121</xmin>
      <ymin>1154</ymin>
      <xmax>2620</xmax>
      <ymax>1447</ymax>
    </bndbox>
  </object>
  <object>
    <name>bird</name>
    <bndbox>
      <xmin>1218</xmin>
      <ymin>0</ymin>
      <xmax>1597</xmax>
      <ymax>120</ymax>
    </bndbox>
  </object>
  <object>
    <name>bird</name>
    <bndbox>
      <xmin>1028</xmin>
      <ymin>663</ymin>
      <xmax>1267</xmax>
      <ymax>1098</ymax>
    </bndbox>
  </object>
  <object>
    <name>bird</name>
    <bndbox>
      <xmin>921</xmin>
      <ymin>1067</ymin>
      <xmax>1494</xmax>
      <ymax>1347</ymax>
    </bndbox>
  </object>
  <object>
    <name>bird</name>
    <bndbox>
      <xmin>1871</xmin>
      <ymin>893</ymin>
      <xmax>2373</xmax>
      <ymax>1157</ymax>
    </bndbox>
  </object>
  <object>
    <name>bird</name>
    <bndbox>
      <xmin>387</xmin>
      <ymin>920</ymin>
      <xmax>1089</xmax>
      <ymax>1207</ymax>
    </bndbox>
  </object>
  <object>
    <name>bird</name>
    <bndbox>
      <xmin>1586</xmin>
      <ymin>1020</ymin>
      <xmax>1924</xmax>
      <ymax>1315</ymax>
    </bndbox>
  </object>
</annotation>
