<?xml version='1.0' encoding='UTF-8'?>
<annotation>
  <folder>images</folder>
  <filename>frame_80.jpg</filename>
  <object>
    <name>bird</name>
    <bndbox>
      <xmin>2722</xmin>
      <ymin>953</ymin>
      <xmax>3498</xmax>
      <ymax>1529</ymax>
    </bndbox>
  </object>
  <object>
    <name>bird</name>
    <bndbox>
      <xmin>765</xmin>
      <ymin>286</ymin>
      <xmax>1309</xmax>
      <ymax>605</ymax>
    </bndbox>
  </object>
  <object>
    <name>bird</name>
    <bndbox>
      <xmin>1421</xmin>
      <ymin>921</ymin>
      <xmax>1892</xmax>
      <ymax>1289</ymax>
    </bndbox>
  </object>
  <object>
    <name>bird</name>
    <bndbox>
      <xmin>2060</xmin>
      <ymin>1166</ymin>
      <xmax>2400</xmax>
      <ymax>1503</ymax>
    </bndbox>
  </object>
  <object>
    <name>bird</name>
    <bndbox>
      <xmin>1164</xmin>
      <ymin>1214</ymin>
      <xmax>1724</xmax>
      <ymax>1513</ymax>
    </bndbox>
  </object>
  <object>
    <name>bird</name>
    <bndbox>
      <xmin>1634</xmin>
      <ymin>722</ymin>
      <xmax>2021</xmax>
      <ymax>1196</ymax>
    </bndbox>
  </object>
  <object>
    <name>bird</name>
    <bndbox>
      <xmin>2058</xmin>
      <ymin>658</ymin>
      <xmax>2347</xmax>
      <ymax>1181</ymax>
    </bndbox>
  </object>
  <object>
    <name>bird</name>
    <bndbox>
      <xmin>2348</xmin>
      <ymin>1079</ymin>
      <xmax>2876</xmax>
      <ymax>1382</ymax>
    </bndbox>
  </object>
  <object>
    <name>bird</name>
    <bndbox>
      <xmin>2831</xmin>
      <ymin>716</ymin>
      <xmax>3498</xmax>
      <ymax>1064</ymax>
    </bndbox>
  </object>
  <object>
    <name>bird</name>
    <bndbox>
      <xmin>2481</xmin>
      <ymin>486</ymin>
      <xmax>3467</xmax>
      <ymax>959</ymax>
    </bndbox>
  </object>
  <object>
    <name>bird</name>
    <bndbox>
      <xmin>2311</xmin>
      <ymin>741</ymin>
      <xmax>2803</xmax>
      <ymax>1117</ymax>
    </bndbox>
  </object>
  <object>
    <name>bird</name>
    <bndbox>
      <xmin>0</xmin>
      <ymin>196</ymin>
      <xmax>57</xmax>
      <ymax>362</ymax>
    </bndbox>
  </object>
  <object>
    <name>bird</name>
    <bndbox>
      <xmin>2938</xmin>
      <ymin>957</ymin>
      <xmax>3631</xmax>
      <ymax>1211</ymax>
    </bndbox>
  </object>
</annotation>
