<?xml version='1.0' encoding='UTF-8'?>
<annotation>
  <folder>images</folder>
  <filename>frame_233.jpg</filename>
  <object>
    <name>bird</name>
    <bndbox>
      <xmin>2824</xmin>
      <ymin>1120</ymin>
      <xmax>3364</xmax>
      <ymax>1410</ymax>
    </bndbox>
  </object>
  <object>
    <name>bird</name>
    <bndbox>
      <xmin>1508</xmin>
      <ymin>1354</ymin>
      <xmax>2019</xmax>
      <ymax>1690</ymax>
    </bndbox>
  </object>
  <object>
    <name>bird</name>
    <bndbox>
      <xmin>2171</xmin>
      <ymin>1094</ymin>
      <xmax>2510</xmax>
      <ymax>1422</ymax>
    </bndbox>
  </object>
  <object>
    <name>bird</name>
    <bndbox>
      <xmin>1697</xmin>
      <ymin>1148</ymin>
      <xmax>2080</xmax>
      <ymax>1350</ymax>
    </bndbox>
  </object>
</annotation>
