<?xml version='1.0' encoding='UTF-8'?>
<annotation>
  <folder>images</folder>
  <filename>frame_194.jpg</filename>
  <object>
    <name>bird</name>
    <bndbox>
      <xmin>1371</xmin>
      <ymin>1093</ymin>
      <xmax>1946</xmax>
      <ymax>1406</ymax>
    </bndbox>
  </object>
  <object>
    <name>bird</name>
    <bndbox>
      <xmin>2361</xmin>
      <ymin>985</ymin>
      <xmax>2780</xmax>
      <ymax>1190</ymax>
    </bndbox>
  </object>
  <object>
    <name>bird</name>
    <bndbox>
      <xmin>2221</xmin>
      <ymin>548</ymin>
      <xmax>2623</xmax>
      <ymax>883</ymax>
    </bndbox>
  </object>
  <object>
    <name>bird</name>
    <bndbox>
      <xmin>2302</xmin>
      <ymin>1580</ymin>
      <xmax>3020</xmax>
      <ymax>1887</ymax>
    </bndbox>
  </object>
  <object>
    <name>bird</name>
    <bndbox>
      <xmin>1660</xmin>
      <ymin>588</ymin>
      <xmax>1925</xmax>
      <ymax>778</ymax>
    </bndbox>
  </object>
  <object>
    <name>bird</name>
    <bndbox>
      <xmin>1338</xmin>
      <ymin>724</ymin>
      <xmax>1838</xmax>
      <ymax>998</ymax>
    </bndbox>
  </object>
  <object>
    <name>bird</name>
    <bndbox>
      <xmin>847</xmin>
      <ymin>900</ymin>
      <xmax>1414</xmax>
      <ymax>1124</ymax>
    </bndbox>
  </object>
  <object>
    <name>bird</name>
    <bndbox>
      <xmin>1728</xmin>
      <ymin>982</ymin>
      <xmax>2266</xmax>
      <ymax>1225</ymax>
    </bndbox>
  </object>
  <object>
    <name>bird</name>
    <bndbox>
      <xmin>2428</xmin>
      <ymin>754</ymin>
      <xmax>2867</xmax>
      <ymax>940</ymax>
    </bndbox>
  </object>
</annotation>
