<?xml version='1.0' encoding='UTF-8'?>
<annotation>
  <folder>images</folder>
  <filename>frame_195.jpg</filename>
  <object>
    <name>bird</name>
    <bndbox>
      <xmin>1414</xmin>
      <ymin>1092</ymin>
      <xmax>1965</xmax>
      <ymax>1399</ymax>
    </bndbox>
  </object>
  <object>
    <name>bird</name>
    <bndbox>
      <xmin>2361</xmin>
      <ymin>978</ymin>
      <xmax>2776</xmax>
      <ymax>1179</ymax>
    </bndbox>
  </object>
  <object>
    <name>bird</name>
    <bndbox>
      <xmin>2209</xmin>
      <ymin>546</ymin>
      <xmax>2589</xmax>
      <ymax>866</ymax>
    </bndbox>
  </object>
  <object>
    <name>bird</name>
    <bndbox>
      <xmin>2406</xmin>
      <ymin>1572</ymin>
      <xmax>3081</xmax>
      <ymax>1856</ymax>
    </bndbox>
  </object>
  <object>
    <name>bird</name>
    <bndbox>
      <xmin>841</xmin>
      <ymin>902</ymin>
      <xmax>1393</xmax>
      <ymax>1122</ymax>
    </bndbox>
  </object>
  <object>
    <name>bird</name>
    <bndbox>
      <xmin>1195</xmin>
      <ymin>940</ymin>
      <xmax>1747</xmax>
      <ymax>1160</ymax>
    </bndbox>
  </object>
  <object>
    <name>bird</name>
    <bndbox>
      <xmin>2388</xmin>
      <ymin>747</ymin>
      <xmax>2844</xmax>
      <ymax>937</ymax>
    </bndbox>
  </object>
</annotation>
