<?xml version='1.0' encoding='UTF-8'?>
<annotation>
  <folder>images</folder>
  <filename>frame_217.jpg</filename>
  <object>
    <name>bird</name>
    <bndbox>
      <xmin>2122</xmin>
      <ymin>1073</ymin>
      <xmax>2498</xmax>
      <ymax>1379</ymax>
    </bndbox>
  </object>
  <object>
    <name>bird</name>
    <bndbox>
      <xmin>1946</xmin>
      <ymin>624</ymin>
      <xmax>2232</xmax>
      <ymax>916</ymax>
    </bndbox>
  </object>
  <object>
    <name>bird</name>
    <bndbox>
      <xmin>3501</xmin>
      <ymin>1096</ymin>
      <xmax>3840</xmax>
      <ymax>1525</ymax>
    </bndbox>
  </object>
  <object>
    <name>bird</name>
    <bndbox>
      <xmin>574</xmin>
      <ymin>1190</ymin>
      <xmax>853</xmax>
      <ymax>1462</ymax>
    </bndbox>
  </object>
  <object>
    <name>bird</name>
    <bndbox>
      <xmin>2280</xmin>
      <ymin>996</ymin>
      <xmax>2611</xmax>
      <ymax>1138</ymax>
    </bndbox>
  </object>
</annotation>
