<?xml version='1.0' encoding='UTF-8'?>
<annotation>
  <folder>images</folder>
  <filename>frame_152.jpg</filename>
  <object>
    <name>bird</name>
    <bndbox>
      <xmin>1118</xmin>
      <ymin>1276</ymin>
      <xmax>1776</xmax>
      <ymax>1566</ymax>
    </bndbox>
  </object>
  <object>
    <name>bird</name>
    <bndbox>
      <xmin>1427</xmin>
      <ymin>976</ymin>
      <xmax>1668</xmax>
      <ymax>1362</ymax>
    </bndbox>
  </object>
  <object>
    <name>bird</name>
    <bndbox>
      <xmin>74</xmin>
      <ymin>1355</ymin>
      <xmax>616</xmax>
      <ymax>1655</ymax>
    </bndbox>
  </object>
  <object>
    <name>bird</name>
    <bndbox>
      <xmin>1681</xmin>
      <ymin>881</ymin>
      <xmax>1897</xmax>
      <ymax>1199</ymax>
    </bndbox>
  </object>
  <object>
    <name>bird</name>
    <bndbox>
      <xmin>820</xmin>
      <ymin>1159</ymin>
      <xmax>1235</xmax>
      <ymax>1401</ymax>
    </bndbox>
  </object>
  <object>
    <name>bird</name>
    <bndbox>
      <xmin>1765</xmin>
      <ymin>756</ymin>
      <xmax>1985</xmax>
      <ymax>1112</ymax>
    </bndbox>
  </object>
  <object>
    <name>bird</name>
    <bndbox>
      <xmin>1694</xmin>
      <ymin>1153</ymin>
      <xmax>2116</xmax>
      <ymax>1396</ymax>
    </bndbox>
  </object>
  <object>
    <name>bird</name>
    <bndbox>
      <xmin>1985</xmin>
      <ymin>1422</ymin>
      <xmax>2317</xmax>
      <ymax>1673</ymax>
    </bndbox>
  </object>
  <object>
    <name>bird</name>
    <bndbox>
      <xmin>2115</xmin>
      <ymin>1226</ymin>
      <xmax>2413</xmax>
      <ymax>1446</ymax>
    </bndbox>
  </object>
  <object>
    <name>bird</name>
    <bndbox>
      <xmin>1991</xmin>
      <ymin>769</ymin>
      <xmax>2258</xmax>
      <ymax>1087</ymax>
    </bndbox>
  </object>
  <object>
    <name>bird</name>
    <bndbox>
      <xmin>1934</xmin>
      <ymin>1061</ymin>
      <xmax>2378</xmax>
      <ymax>1253</ymax>
    </bndbox>
  </object>
</annotation>
