<?xml version='1.0' encoding='UTF-8'?>
<annotation>
  <folder>images</folder>
  <filename>frame_328.jpg</filename>
  <object>
    <name>bird</name>
    <bndbox>
      <xmin>1552</xmin>
      <ymin>1695</ymin>
      <xmax>2086</xmax>
      <ymax>1957</ymax>
    </bndbox>
  </object>
  <object>
    <name>bird</name>
    <bndbox>
      <xmin>591</xmin>
      <ymin>1180</ymin>
      <xmax>1082</xmax>
      <ymax>1480</ymax>
    </bndbox>
  </object>
  <object>
    <name>bird</name>
    <bndbox>
      <xmin>505</xmin>
      <ymin>1686</ymin>
      <xmax>1073</xmax>
      <ymax>2123</ymax>
    </bndbox>
  </object>
  <object>
    <name>bird</name>
    <bndbox>
      <xmin>1769</xmin>
      <ymin>1074</ymin>
      <xmax>1996</xmax>
      <ymax>1309</ymax>
    </bndbox>
  </object>
  <object>
    <name>bird</name>
    <bndbox>
      <xmin>2739</xmin>
      <ymin>929</ymin>
      <xmax>3161</xmax>
      <ymax>1193</ymax>
    </bndbox>
  </object>
  <object>
    <name>bird</name>
    <bndbox>
      <xmin>1093</xmin>
      <ymin>1136</ymin>
      <xmax>1547</xmax>
      <ymax>1382</ymax>
    </bndbox>
  </object>
  <object>
    <name>bird</name>
    <bndbox>
      <xmin>1451</xmin>
      <ymin>1049</ymin>
      <xmax>1777</xmax>
      <ymax>1258</ymax>
    </bndbox>
  </object>
  <object>
    <name>bird</name>
    <bndbox>
      <xmin>560</xmin>
      <ymin>845</ymin>
      <xmax>799</xmax>
      <ymax>1082</ymax>
    </bndbox>
  </object>
  <object>
    <name>bird</name>
    <bndbox>
      <xmin>1346</xmin>
      <ymin>1957</ymin>
      <xmax>1758</xmax>
      <ymax>2158</ymax>
    </bndbox>
  </object>
  <object>
    <name>bird</name>
    <bndbox>
      <xmin>2559</xmin>
      <ymin>1252</ymin>
      <xmax>2828</xmax>
      <ymax>1591</ymax>
    </bndbox>
  </object>
</annotation>
