<?xml version='1.0' encoding='UTF-8'?>
<annotation>
  <folder>images</folder>
  <filename>frame_17.jpg</filename>
  <object>
    <name>bird</name>
    <bndbox>
      <xmin>568</xmin>
      <ymin>304</ymin>
      <xmax>1011</xmax>
      <ymax>732</ymax>
    </bndbox>
  </object>
  <object>
    <name>bird</name>
    <bndbox>
      <xmin>2254</xmin>
      <ymin>403</ymin>
      <xmax>2749</xmax>
      <ymax>673</ymax>
    </bndbox>
  </object>
  <object>
    <name>bird</name>
    <bndbox>
      <xmin>500</xmin>
      <ymin>660</ymin>
      <xmax>1078</xmax>
      <ymax>1035</ymax>
    </bndbox>
  </object>
  <object>
    <name>bird</name>
    <bndbox>
      <xmin>1278</xmin>
      <ymin>78</ymin>
      <xmax>1727</xmax>
      <ymax>366</ymax>
    </bndbox>
  </object>
  <object>
    <name>bird</name>
    <bndbox>
      <xmin>1585</xmin>
      <ymin>652</ymin>
      <xmax>2013</xmax>
      <ymax>1001</ymax>
    </bndbox>
  </object>
  <object>
    <name>bird</name>
    <bndbox>
      <xmin>1244</xmin>
      <ymin>568</ymin>
      <xmax>1529</xmax>
      <ymax>1010</ymax>
    </bndbox>
  </object>
  <object>
    <name>bird</name>
    <bndbox>
      <xmin>1079</xmin>
      <ymin>478</ymin>
      <xmax>1360</xmax>
      <ymax>932</ymax>
    </bndbox>
  </object>
  <object>
    <name>bird</name>
    <bndbox>
      <xmin>1573</xmin>
      <ymin>1176</ymin>
      <xmax>1965</xmax>
      <ymax>1491</ymax>
    </bndbox>
  </object>
  <object>
    <name>bird</name>
    <bndbox>
      <xmin>1665</xmin>
      <ymin>855</ymin>
      <xmax>2168</xmax>
      <ymax>1102</ymax>
    </bndbox>
  </object>
  <object>
    <name>bird</name>
    <bndbox>
      <xmin>2104</xmin>
      <ymin>712</ymin>
      <xmax>2492</xmax>
      <ymax>975</ymax>
    </bndbox>
  </object>
  <object>
    <name>bird</name>
    <bndbox>
      <xmin>1044</xmin>
      <ymin>0</ymin>
      <xmax>1235</xmax>
      <ymax>109</ymax>
    </bndbox>
  </object>
  <object>
    <name>bird</name>
    <bndbox>
      <xmin>2035</xmin>
      <ymin>1041</ymin>
      <xmax>2582</xmax>
      <ymax>1294</ymax>
    </bndbox>
  </object>
  <object>
    <name>bird</name>
    <bndbox>
      <xmin>1555</xmin>
      <ymin>0</ymin>
      <xmax>1830</xmax>
      <ymax>97</ymax>
    </bndbox>
  </object>
</annotation>
