<?xml version='1.0' encoding='UTF-8'?>
<annotation>
  <folder>images</folder>
  <filename>frame_165.jpg</filename>
  <object>
    <name>bird</name>
    <bndbox>
      <xmin>72</xmin>
      <ymin>1356</ymin>
      <xmax>688</xmax>
      <ymax>1669</ymax>
    </bndbox>
  </object>
  <object>
    <name>bird</name>
    <bndbox>
      <xmin>1533</xmin>
      <ymin>774</ymin>
      <xmax>1747</xmax>
      <ymax>1109</ymax>
    </bndbox>
  </object>
  <object>
    <name>bird</name>
    <bndbox>
      <xmin>1751</xmin>
      <ymin>801</ymin>
      <xmax>2020</xmax>
      <ymax>1101</ymax>
    </bndbox>
  </object>
  <object>
    <name>bird</name>
    <bndbox>
      <xmin>1802</xmin>
      <ymin>1415</ymin>
      <xmax>2149</xmax>
      <ymax>1681</ymax>
    </bndbox>
  </object>
  <object>
    <name>bird</name>
    <bndbox>
      <xmin>49</xmin>
      <ymin>1062</ymin>
      <xmax>297</xmax>
      <ymax>1395</ymax>
    </bndbox>
  </object>
  <object>
    <name>bird</name>
    <bndbox>
      <xmin>864</xmin>
      <ymin>1296</ymin>
      <xmax>1522</xmax>
      <ymax>1582</ymax>
    </bndbox>
  </object>
  <object>
    <name>bird</name>
    <bndbox>
      <xmin>600</xmin>
      <ymin>1167</ymin>
      <xmax>1138</xmax>
      <ymax>1437</ymax>
    </bndbox>
  </object>
  <object>
    <name>bird</name>
    <bndbox>
      <xmin>1850</xmin>
      <ymin>1226</ymin>
      <xmax>2180</xmax>
      <ymax>1440</ymax>
    </bndbox>
  </object>
  <object>
    <name>bird</name>
    <bndbox>
      <xmin>1223</xmin>
      <ymin>1132</ymin>
      <xmax>1482</xmax>
      <ymax>1402</ymax>
    </bndbox>
  </object>
  <object>
    <name>bird</name>
    <bndbox>
      <xmin>1701</xmin>
      <ymin>1004</ymin>
      <xmax>2254</xmax>
      <ymax>1248</ymax>
    </bndbox>
  </object>
  <object>
    <name>bird</name>
    <bndbox>
      <xmin>870</xmin>
      <ymin>836</ymin>
      <xmax>1332</xmax>
      <ymax>1032</ymax>
    </bndbox>
  </object>
  <object>
    <name>bird</name>
    <bndbox>
      <xmin>2260</xmin>
      <ymin>1101</ymin>
      <xmax>2436</xmax>
      <ymax>1311</ymax>
    </bndbox>
  </object>
</annotation>
