<?xml version='1.0' encoding='UTF-8'?>
<annotation>
  <folder>images</folder>
  <filename>frame_51.jpg</filename>
  <object>
    <name>bird</name>
    <bndbox>
      <xmin>379</xmin>
      <ymin>594</ymin>
      <xmax>899</xmax>
      <ymax>935</ymax>
    </bndbox>
  </object>
  <object>
    <name>bird</name>
    <bndbox>
      <xmin>1604</xmin>
      <ymin>622</ymin>
      <xmax>2053</xmax>
      <ymax>1063</ymax>
    </bndbox>
  </object>
  <object>
    <name>bird</name>
    <bndbox>
      <xmin>1881</xmin>
      <ymin>1275</ymin>
      <xmax>2430</xmax>
      <ymax>1600</ymax>
    </bndbox>
  </object>
  <object>
    <name>bird</name>
    <bndbox>
      <xmin>2076</xmin>
      <ymin>709</ymin>
      <xmax>2583</xmax>
      <ymax>944</ymax>
    </bndbox>
  </object>
  <object>
    <name>bird</name>
    <bndbox>
      <xmin>2069</xmin>
      <ymin>96</ymin>
      <xmax>2572</xmax>
      <ymax>485</ymax>
    </bndbox>
  </object>
  <object>
    <name>bird</name>
    <bndbox>
      <xmin>2169</xmin>
      <ymin>1095</ymin>
      <xmax>2895</xmax>
      <ymax>1477</ymax>
    </bndbox>
  </object>
  <object>
    <name>bird</name>
    <bndbox>
      <xmin>945</xmin>
      <ymin>642</ymin>
      <xmax>1236</xmax>
      <ymax>1165</ymax>
    </bndbox>
  </object>
  <object>
    <name>bird</name>
    <bndbox>
      <xmin>957</xmin>
      <ymin>1088</ymin>
      <xmax>1558</xmax>
      <ymax>1391</ymax>
    </bndbox>
  </object>
  <object>
    <name>bird</name>
    <bndbox>
      <xmin>1763</xmin>
      <ymin>978</ymin>
      <xmax>2122</xmax>
      <ymax>1290</ymax>
    </bndbox>
  </object>
  <object>
    <name>bird</name>
    <bndbox>
      <xmin>1532</xmin>
      <ymin>1009</ymin>
      <xmax>1879</xmax>
      <ymax>1380</ymax>
    </bndbox>
  </object>
  <object>
    <name>bird</name>
    <bndbox>
      <xmin>282</xmin>
      <ymin>985</ymin>
      <xmax>861</xmax>
      <ymax>1373</ymax>
    </bndbox>
  </object>
  <object>
    <name>bird</name>
    <bndbox>
      <xmin>7</xmin>
      <ymin>72</ymin>
      <xmax>154</xmax>
      <ymax>252</ymax>
    </bndbox>
  </object>
  <object>
    <name>bird</name>
    <bndbox>
      <xmin>2316</xmin>
      <ymin>960</ymin>
      <xmax>2908</xmax>
      <ymax>1208</ymax>
    </bndbox>
  </object>
  <object>
    <name>bird</name>
    <bndbox>
      <xmin>1202</xmin>
      <ymin>706</ymin>
      <xmax>1625</xmax>
      <ymax>1199</ymax>
    </bndbox>
  </object>
  <object>
    <name>bird</name>
    <bndbox>
      <xmin>798</xmin>
      <ymin>0</ymin>
      <xmax>1245</xmax>
      <ymax>144</ymax>
    </bndbox>
  </object>
</annotation>
