<?xml version='1.0' encoding='UTF-8'?>
<annotation>
  <folder>images</folder>
  <filename>frame_213.jpg</filename>
  <object>
    <name>bird</name>
    <bndbox>
      <xmin>2061</xmin>
      <ymin>1154</ymin>
      <xmax>2402</xmax>
      <ymax>1412</ymax>
    </bndbox>
  </object>
  <object>
    <name>bird</name>
    <bndbox>
      <xmin>1887</xmin>
      <ymin>637</ymin>
      <xmax>2175</xmax>
      <ymax>932</ymax>
    </bndbox>
  </object>
  <object>
    <name>bird</name>
    <bndbox>
      <xmin>3367</xmin>
      <ymin>1237</ymin>
      <xmax>3840</xmax>
      <ymax>1710</ymax>
    </bndbox>
  </object>
  <object>
    <name>bird</name>
    <bndbox>
      <xmin>2111</xmin>
      <ymin>802</ymin>
      <xmax>2590</xmax>
      <ymax>989</ymax>
    </bndbox>
  </object>
  <object>
    <name>bird</name>
    <bndbox>
      <xmin>330</xmin>
      <ymin>1173</ymin>
      <xmax>561</xmax>
      <ymax>1500</ymax>
    </bndbox>
  </object>
  <object>
    <name>bird</name>
    <bndbox>
      <xmin>2170</xmin>
      <ymin>1006</ymin>
      <xmax>2583</xmax>
      <ymax>1197</ymax>
    </bndbox>
  </object>
</annotation>
