<?xml version='1.0' encoding='UTF-8'?>
<annotation>
  <folder>images</folder>
  <filename>frame_138.jpg</filename>
  <object>
    <name>bird</name>
    <bndbox>
      <xmin>1863</xmin>
      <ymin>1413</ymin>
      <xmax>2287</xmax>
      <ymax>1681</ymax>
    </bndbox>
  </object>
  <object>
    <name>bird</name>
    <bndbox>
      <xmin>1104</xmin>
      <ymin>1244</ymin>
      <xmax>1743</xmax>
      <ymax>1539</ymax>
    </bndbox>
  </object>
  <object>
    <name>bird</name>
    <bndbox>
      <xmin>1381</xmin>
      <ymin>911</ymin>
      <xmax>1629</xmax>
      <ymax>1312</ymax>
    </bndbox>
  </object>
  <object>
    <name>bird</name>
    <bndbox>
      <xmin>1658</xmin>
      <ymin>1093</ymin>
      <xmax>2275</xmax>
      <ymax>1396</ymax>
    </bndbox>
  </object>
  <object>
    <name>bird</name>
    <bndbox>
      <xmin>976</xmin>
      <ymin>741</ymin>
      <xmax>1381</xmax>
      <ymax>997</ymax>
    </bndbox>
  </object>
  <object>
    <name>bird</name>
    <bndbox>
      <xmin>149</xmin>
      <ymin>1339</ymin>
      <xmax>464</xmax>
      <ymax>1631</ymax>
    </bndbox>
  </object>
  <object>
    <name>bird</name>
    <bndbox>
      <xmin>1937</xmin>
      <ymin>759</ymin>
      <xmax>2201</xmax>
      <ymax>1050</ymax>
    </bndbox>
  </object>
  <object>
    <name>bird</name>
    <bndbox>
      <xmin>1643</xmin>
      <ymin>844</ymin>
      <xmax>1872</xmax>
      <ymax>1212</ymax>
    </bndbox>
  </object>
  <object>
    <name>bird</name>
    <bndbox>
      <xmin>2031</xmin>
      <ymin>1218</ymin>
      <xmax>2367</xmax>
      <ymax>1442</ymax>
    </bndbox>
  </object>
  <object>
    <name>bird</name>
    <bndbox>
      <xmin>1058</xmin>
      <ymin>930</ymin>
      <xmax>1534</xmax>
      <ymax>1165</ymax>
    </bndbox>
  </object>
  <object>
    <name>bird</name>
    <bndbox>
      <xmin>2232</xmin>
      <ymin>1082</ymin>
      <xmax>2791</xmax>
      <ymax>1546</ymax>
    </bndbox>
  </object>
  <object>
    <name>bird</name>
    <bndbox>
      <xmin>764</xmin>
      <ymin>1128</ymin>
      <xmax>1219</xmax>
      <ymax>1387</ymax>
    </bndbox>
  </object>
  <object>
    <name>bird</name>
    <bndbox>
      <xmin>1716</xmin>
      <ymin>723</ymin>
      <xmax>1943</xmax>
      <ymax>1077</ymax>
    </bndbox>
  </object>
</annotation>
