<?xml version='1.0' encoding='UTF-8'?>
<annotation>
  <folder>images</folder>
  <filename>frame_78.jpg</filename>
  <object>
    <name>bird</name>
    <bndbox>
      <xmin>2630</xmin>
      <ymin>1021</ymin>
      <xmax>3378</xmax>
      <ymax>1541</ymax>
    </bndbox>
  </object>
  <object>
    <name>bird</name>
    <bndbox>
      <xmin>778</xmin>
      <ymin>267</ymin>
      <xmax>1346</xmax>
      <ymax>594</ymax>
    </bndbox>
  </object>
  <object>
    <name>bird</name>
    <bndbox>
      <xmin>1276</xmin>
      <ymin>875</ymin>
      <xmax>1780</xmax>
      <ymax>1289</ymax>
    </bndbox>
  </object>
  <object>
    <name>bird</name>
    <bndbox>
      <xmin>1954</xmin>
      <ymin>1184</ymin>
      <xmax>2317</xmax>
      <ymax>1534</ymax>
    </bndbox>
  </object>
  <object>
    <name>bird</name>
    <bndbox>
      <xmin>1035</xmin>
      <ymin>1216</ymin>
      <xmax>1593</xmax>
      <ymax>1538</ymax>
    </bndbox>
  </object>
  <object>
    <name>bird</name>
    <bndbox>
      <xmin>1584</xmin>
      <ymin>720</ymin>
      <xmax>1954</xmax>
      <ymax>1191</ymax>
    </bndbox>
  </object>
  <object>
    <name>bird</name>
    <bndbox>
      <xmin>1965</xmin>
      <ymin>641</ymin>
      <xmax>2265</xmax>
      <ymax>1182</ymax>
    </bndbox>
  </object>
  <object>
    <name>bird</name>
    <bndbox>
      <xmin>2269</xmin>
      <ymin>1096</ymin>
      <xmax>2801</xmax>
      <ymax>1407</ymax>
    </bndbox>
  </object>
  <object>
    <name>bird</name>
    <bndbox>
      <xmin>2719</xmin>
      <ymin>733</ymin>
      <xmax>3444</xmax>
      <ymax>1102</ymax>
    </bndbox>
  </object>
  <object>
    <name>bird</name>
    <bndbox>
      <xmin>2371</xmin>
      <ymin>506</ymin>
      <xmax>3516</xmax>
      <ymax>1013</ymax>
    </bndbox>
  </object>
  <object>
    <name>bird</name>
    <bndbox>
      <xmin>2226</xmin>
      <ymin>755</ymin>
      <xmax>2726</xmax>
      <ymax>1141</ymax>
    </bndbox>
  </object>
  <object>
    <name>bird</name>
    <bndbox>
      <xmin>2894</xmin>
      <ymin>987</ymin>
      <xmax>3638</xmax>
      <ymax>1261</ymax>
    </bndbox>
  </object>
  <object>
    <name>bird</name>
    <bndbox>
      <xmin>821</xmin>
      <ymin>772</ymin>
      <xmax>1575</xmax>
      <ymax>1144</ymax>
    </bndbox>
  </object>
  <object>
    <name>bird</name>
    <bndbox>
      <xmin>0</xmin>
      <ymin>169</ymin>
      <xmax>85</xmax>
      <ymax>380</ymax>
    </bndbox>
  </object>
</annotation>
