<?xml version='1.0' encoding='UTF-8'?>
<annotation>
  <folder>images</folder>
  <filename>frame_188.jpg</filename>
  <object>
    <name>bird</name>
    <bndbox>
      <xmin>1205</xmin>
      <ymin>1093</ymin>
      <xmax>1756</xmax>
      <ymax>1381</ymax>
    </bndbox>
  </object>
  <object>
    <name>bird</name>
    <bndbox>
      <xmin>1676</xmin>
      <ymin>1027</ymin>
      <xmax>2242</xmax>
      <ymax>1274</ymax>
    </bndbox>
  </object>
  <object>
    <name>bird</name>
    <bndbox>
      <xmin>2374</xmin>
      <ymin>1041</ymin>
      <xmax>2841</xmax>
      <ymax>1269</ymax>
    </bndbox>
  </object>
  <object>
    <name>bird</name>
    <bndbox>
      <xmin>2291</xmin>
      <ymin>579</ymin>
      <xmax>2742</xmax>
      <ymax>918</ymax>
    </bndbox>
  </object>
  <object>
    <name>bird</name>
    <bndbox>
      <xmin>1862</xmin>
      <ymin>1676</ymin>
      <xmax>2714</xmax>
      <ymax>2044</ymax>
    </bndbox>
  </object>
  <object>
    <name>bird</name>
    <bndbox>
      <xmin>998</xmin>
      <ymin>917</ymin>
      <xmax>1555</xmax>
      <ymax>1125</ymax>
    </bndbox>
  </object>
  <object>
    <name>bird</name>
    <bndbox>
      <xmin>1730</xmin>
      <ymin>900</ymin>
      <xmax>2178</xmax>
      <ymax>1137</ymax>
    </bndbox>
  </object>
</annotation>
