<?xml version='1.0' encoding='UTF-8'?>
<annotation>
  <folder>images</folder>
  <filename>frame_169.jpg</filename>
  <object>
    <name>bird</name>
    <bndbox>
      <xmin>270</xmin>
      <ymin>1296</ymin>
      <xmax>984</xmax>
      <ymax>1659</ymax>
    </bndbox>
  </object>
  <object>
    <name>bird</name>
    <bndbox>
      <xmin>1964</xmin>
      <ymin>1365</ymin>
      <xmax>2315</xmax>
      <ymax>1637</ymax>
    </bndbox>
  </object>
  <object>
    <name>bird</name>
    <bndbox>
      <xmin>343</xmin>
      <ymin>1004</ymin>
      <xmax>650</xmax>
      <ymax>1326</ymax>
    </bndbox>
  </object>
  <object>
    <name>bird</name>
    <bndbox>
      <xmin>1024</xmin>
      <ymin>1292</ymin>
      <xmax>1658</xmax>
      <ymax>1564</ymax>
    </bndbox>
  </object>
  <object>
    <name>bird</name>
    <bndbox>
      <xmin>649</xmin>
      <ymin>1116</ymin>
      <xmax>1222</xmax>
      <ymax>1417</ymax>
    </bndbox>
  </object>
  <object>
    <name>bird</name>
    <bndbox>
      <xmin>1959</xmin>
      <ymin>1185</ymin>
      <xmax>2332</xmax>
      <ymax>1411</ymax>
    </bndbox>
  </object>
  <object>
    <name>bird</name>
    <bndbox>
      <xmin>2353</xmin>
      <ymin>1064</ymin>
      <xmax>2576</xmax>
      <ymax>1299</ymax>
    </bndbox>
  </object>
  <object>
    <name>bird</name>
    <bndbox>
      <xmin>1557</xmin>
      <ymin>885</ymin>
      <xmax>1827</xmax>
      <ymax>1162</ymax>
    </bndbox>
  </object>
  <object>
    <name>bird</name>
    <bndbox>
      <xmin>1004</xmin>
      <ymin>825</ymin>
      <xmax>1468</xmax>
      <ymax>1011</ymax>
    </bndbox>
  </object>
  <object>
    <name>bird</name>
    <bndbox>
      <xmin>1808</xmin>
      <ymin>956</ymin>
      <xmax>2313</xmax>
      <ymax>1210</ymax>
    </bndbox>
  </object>
</annotation>
