<?xml version='1.0' encoding='UTF-8'?>
<annotation>
  <folder>images</folder>
  <filename>frame_26.jpg</filename>
  <object>
    <name>bird</name>
    <bndbox>
      <xmin>435</xmin>
      <ymin>396</ymin>
      <xmax>734</xmax>
      <ymax>740</ymax>
    </bndbox>
  </object>
  <object>
    <name>bird</name>
    <bndbox>
      <xmin>2026</xmin>
      <ymin>344</ymin>
      <xmax>2672</xmax>
      <ymax>704</ymax>
    </bndbox>
  </object>
  <object>
    <name>bird</name>
    <bndbox>
      <xmin>336</xmin>
      <ymin>676</ymin>
      <xmax>909</xmax>
      <ymax>1060</ymax>
    </bndbox>
  </object>
  <object>
    <name>bird</name>
    <bndbox>
      <xmin>995</xmin>
      <ymin>85</ymin>
      <xmax>1456</xmax>
      <ymax>350</ymax>
    </bndbox>
  </object>
  <object>
    <name>bird</name>
    <bndbox>
      <xmin>1404</xmin>
      <ymin>624</ymin>
      <xmax>1993</xmax>
      <ymax>977</ymax>
    </bndbox>
  </object>
  <object>
    <name>bird</name>
    <bndbox>
      <xmin>1116</xmin>
      <ymin>636</ymin>
      <xmax>1382</xmax>
      <ymax>1026</ymax>
    </bndbox>
  </object>
  <object>
    <name>bird</name>
    <bndbox>
      <xmin>905</xmin>
      <ymin>505</ymin>
      <xmax>1197</xmax>
      <ymax>955</ymax>
    </bndbox>
  </object>
  <object>
    <name>bird</name>
    <bndbox>
      <xmin>1289</xmin>
      <ymin>1219</ymin>
      <xmax>1797</xmax>
      <ymax>1527</ymax>
    </bndbox>
  </object>
  <object>
    <name>bird</name>
    <bndbox>
      <xmin>1538</xmin>
      <ymin>880</ymin>
      <xmax>2003</xmax>
      <ymax>1120</ymax>
    </bndbox>
  </object>
  <object>
    <name>bird</name>
    <bndbox>
      <xmin>1931</xmin>
      <ymin>741</ymin>
      <xmax>2400</xmax>
      <ymax>976</ymax>
    </bndbox>
  </object>
  <object>
    <name>bird</name>
    <bndbox>
      <xmin>1489</xmin>
      <ymin>0</ymin>
      <xmax>1892</xmax>
      <ymax>139</ymax>
    </bndbox>
  </object>
  <object>
    <name>bird</name>
    <bndbox>
      <xmin>1910</xmin>
      <ymin>1049</ymin>
      <xmax>2465</xmax>
      <ymax>1308</ymax>
    </bndbox>
  </object>
  <object>
    <name>bird</name>
    <bndbox>
      <xmin>939</xmin>
      <ymin>978</ymin>
      <xmax>1605</xmax>
      <ymax>1275</ymax>
    </bndbox>
  </object>
  <object>
    <name>bird</name>
    <bndbox>
      <xmin>1612</xmin>
      <ymin>1111</ymin>
      <xmax>1954</xmax>
      <ymax>1425</ymax>
    </bndbox>
  </object>
</annotation>
