<?xml version='1.0' encoding='UTF-8'?>
<annotation>
  <folder>images</folder>
  <filename>frame_197.jpg</filename>
  <object>
    <name>bird</name>
    <bndbox>
      <xmin>1444</xmin>
      <ymin>1113</ymin>
      <xmax>2014</xmax>
      <ymax>1438</ymax>
    </bndbox>
  </object>
  <object>
    <name>bird</name>
    <bndbox>
      <xmin>2330</xmin>
      <ymin>990</ymin>
      <xmax>2757</xmax>
      <ymax>1193</ymax>
    </bndbox>
  </object>
  <object>
    <name>bird</name>
    <bndbox>
      <xmin>2147</xmin>
      <ymin>562</ymin>
      <xmax>2520</xmax>
      <ymax>885</ymax>
    </bndbox>
  </object>
  <object>
    <name>bird</name>
    <bndbox>
      <xmin>2484</xmin>
      <ymin>1590</ymin>
      <xmax>3295</xmax>
      <ymax>1932</ymax>
    </bndbox>
  </object>
  <object>
    <name>bird</name>
    <bndbox>
      <xmin>827</xmin>
      <ymin>946</ymin>
      <xmax>1354</xmax>
      <ymax>1159</ymax>
    </bndbox>
  </object>
  <object>
    <name>bird</name>
    <bndbox>
      <xmin>2334</xmin>
      <ymin>760</ymin>
      <xmax>2793</xmax>
      <ymax>947</ymax>
    </bndbox>
  </object>
  <object>
    <name>bird</name>
    <bndbox>
      <xmin>1809</xmin>
      <ymin>619</ymin>
      <xmax>2012</xmax>
      <ymax>848</ymax>
    </bndbox>
  </object>
  <object>
    <name>bird</name>
    <bndbox>
      <xmin>1304</xmin>
      <ymin>809</ymin>
      <xmax>1731</xmax>
      <ymax>1024</ymax>
    </bndbox>
  </object>
  <object>
    <name>bird</name>
    <bndbox>
      <xmin>1663</xmin>
      <ymin>986</ymin>
      <xmax>2204</xmax>
      <ymax>1237</ymax>
    </bndbox>
  </object>
  <object>
    <name>bird</name>
    <bndbox>
      <xmin>1821</xmin>
      <ymin>897</ymin>
      <xmax>2293</xmax>
      <ymax>1154</ymax>
    </bndbox>
  </object>
  <object>
    <name>bird</name>
    <bndbox>
      <xmin>1589</xmin>
      <ymin>611</ymin>
      <xmax>1849</xmax>
      <ymax>792</ymax>
    </bndbox>
  </object>
  <object>
    <name>bird</name>
    <bndbox>
      <xmin>1149</xmin>
      <ymin>967</ymin>
      <xmax>1751</xmax>
      <ymax>1210</ymax>
    </bndbox>
  </object>
</annotation>
