<?xml version='1.0' encoding='UTF-8'?>
<annotation>
  <folder>images</folder>
  <filename>frame_102.jpg</filename>
  <object>
    <name>bird</name>
    <bndbox>
      <xmin>217</xmin>
      <ymin>763</ymin>
      <xmax>432</xmax>
      <ymax>1098</ymax>
    </bndbox>
  </object>
  <object>
    <name>bird</name>
    <bndbox>
      <xmin>1480</xmin>
      <ymin>1231</ymin>
      <xmax>2015</xmax>
      <ymax>1512</ymax>
    </bndbox>
  </object>
  <object>
    <name>bird</name>
    <bndbox>
      <xmin>1196</xmin>
      <ymin>1025</ymin>
      <xmax>1882</xmax>
      <ymax>1337</ymax>
    </bndbox>
  </object>
  <object>
    <name>bird</name>
    <bndbox>
      <xmin>1885</xmin>
      <ymin>1105</ymin>
      <xmax>2317</xmax>
      <ymax>1395</ymax>
    </bndbox>
  </object>
  <object>
    <name>bird</name>
    <bndbox>
      <xmin>713</xmin>
      <ymin>829</ymin>
      <xmax>1261</xmax>
      <ymax>1180</ymax>
    </bndbox>
  </object>
  <object>
    <name>bird</name>
    <bndbox>
      <xmin>1775</xmin>
      <ymin>668</ymin>
      <xmax>1971</xmax>
      <ymax>1118</ymax>
    </bndbox>
  </object>
  <object>
    <name>bird</name>
    <bndbox>
      <xmin>2839</xmin>
      <ymin>1051</ymin>
      <xmax>3122</xmax>
      <ymax>1473</ymax>
    </bndbox>
  </object>
  <object>
    <name>bird</name>
    <bndbox>
      <xmin>2084</xmin>
      <ymin>789</ymin>
      <xmax>2540</xmax>
      <ymax>1009</ymax>
    </bndbox>
  </object>
</annotation>
