<?xml version='1.0' encoding='UTF-8'?>
<annotation>
  <folder>images</folder>
  <filename>frame_145.jpg</filename>
  <object>
    <name>bird</name>
    <bndbox>
      <xmin>2004</xmin>
      <ymin>1428</ymin>
      <xmax>2347</xmax>
      <ymax>1672</ymax>
    </bndbox>
  </object>
  <object>
    <name>bird</name>
    <bndbox>
      <xmin>1127</xmin>
      <ymin>1262</ymin>
      <xmax>1804</xmax>
      <ymax>1563</ymax>
    </bndbox>
  </object>
  <object>
    <name>bird</name>
    <bndbox>
      <xmin>1436</xmin>
      <ymin>952</ymin>
      <xmax>1686</xmax>
      <ymax>1363</ymax>
    </bndbox>
  </object>
  <object>
    <name>bird</name>
    <bndbox>
      <xmin>958</xmin>
      <ymin>762</ymin>
      <xmax>1448</xmax>
      <ymax>1060</ymax>
    </bndbox>
  </object>
  <object>
    <name>bird</name>
    <bndbox>
      <xmin>84</xmin>
      <ymin>1370</ymin>
      <xmax>548</xmax>
      <ymax>1675</ymax>
    </bndbox>
  </object>
  <object>
    <name>bird</name>
    <bndbox>
      <xmin>1678</xmin>
      <ymin>865</ymin>
      <xmax>1919</xmax>
      <ymax>1249</ymax>
    </bndbox>
  </object>
  <object>
    <name>bird</name>
    <bndbox>
      <xmin>2083</xmin>
      <ymin>1239</ymin>
      <xmax>2370</xmax>
      <ymax>1458</ymax>
    </bndbox>
  </object>
  <object>
    <name>bird</name>
    <bndbox>
      <xmin>824</xmin>
      <ymin>1152</ymin>
      <xmax>1255</xmax>
      <ymax>1407</ymax>
    </bndbox>
  </object>
  <object>
    <name>bird</name>
    <bndbox>
      <xmin>1751</xmin>
      <ymin>735</ymin>
      <xmax>1980</xmax>
      <ymax>1105</ymax>
    </bndbox>
  </object>
  <object>
    <name>bird</name>
    <bndbox>
      <xmin>1969</xmin>
      <ymin>784</ymin>
      <xmax>2229</xmax>
      <ymax>1082</ymax>
    </bndbox>
  </object>
</annotation>
