<?xml version='1.0' encoding='UTF-8'?>
<annotation>
  <folder>images</folder>
  <filename>frame_186.jpg</filename>
  <object>
    <name>bird</name>
    <bndbox>
      <xmin>1151</xmin>
      <ymin>1120</ymin>
      <xmax>1723</xmax>
      <ymax>1422</ymax>
    </bndbox>
  </object>
  <object>
    <name>bird</name>
    <bndbox>
      <xmin>1670</xmin>
      <ymin>1066</ymin>
      <xmax>2228</xmax>
      <ymax>1308</ymax>
    </bndbox>
  </object>
  <object>
    <name>bird</name>
    <bndbox>
      <xmin>2380</xmin>
      <ymin>1083</ymin>
      <xmax>2838</xmax>
      <ymax>1309</ymax>
    </bndbox>
  </object>
  <object>
    <name>bird</name>
    <bndbox>
      <xmin>2334</xmin>
      <ymin>606</ymin>
      <xmax>2802</xmax>
      <ymax>945</ymax>
    </bndbox>
  </object>
  <object>
    <name>bird</name>
    <bndbox>
      <xmin>1681</xmin>
      <ymin>1724</ymin>
      <xmax>2528</xmax>
      <ymax>2083</ymax>
    </bndbox>
  </object>
  <object>
    <name>bird</name>
    <bndbox>
      <xmin>985</xmin>
      <ymin>947</ymin>
      <xmax>1547</xmax>
      <ymax>1170</ymax>
    </bndbox>
  </object>
  <object>
    <name>bird</name>
    <bndbox>
      <xmin>2460</xmin>
      <ymin>838</ymin>
      <xmax>2916</xmax>
      <ymax>1064</ymax>
    </bndbox>
  </object>
  <object>
    <name>bird</name>
    <bndbox>
      <xmin>1767</xmin>
      <ymin>626</ymin>
      <xmax>2059</xmax>
      <ymax>857</ymax>
    </bndbox>
  </object>
  <object>
    <name>bird</name>
    <bndbox>
      <xmin>1465</xmin>
      <ymin>822</ymin>
      <xmax>1853</xmax>
      <ymax>1074</ymax>
    </bndbox>
  </object>
</annotation>
