<?xml version='1.0' encoding='UTF-8'?>
<annotation>
  <folder>images</folder>
  <filename>frame_20.jpg</filename>
  <object>
    <name>bird</name>
    <bndbox>
      <xmin>542</xmin>
      <ymin>313</ymin>
      <xmax>933</xmax>
      <ymax>739</ymax>
    </bndbox>
  </object>
  <object>
    <name>bird</name>
    <bndbox>
      <xmin>2194</xmin>
      <ymin>401</ymin>
      <xmax>2745</xmax>
      <ymax>693</ymax>
    </bndbox>
  </object>
  <object>
    <name>bird</name>
    <bndbox>
      <xmin>485</xmin>
      <ymin>674</ymin>
      <xmax>1033</xmax>
      <ymax>1028</ymax>
    </bndbox>
  </object>
  <object>
    <name>bird</name>
    <bndbox>
      <xmin>1206</xmin>
      <ymin>85</ymin>
      <xmax>1678</xmax>
      <ymax>372</ymax>
    </bndbox>
  </object>
  <object>
    <name>bird</name>
    <bndbox>
      <xmin>1604</xmin>
      <ymin>672</ymin>
      <xmax>1966</xmax>
      <ymax>913</ymax>
    </bndbox>
  </object>
  <object>
    <name>bird</name>
    <bndbox>
      <xmin>1209</xmin>
      <ymin>588</ymin>
      <xmax>1490</xmax>
      <ymax>1022</ymax>
    </bndbox>
  </object>
  <object>
    <name>bird</name>
    <bndbox>
      <xmin>1051</xmin>
      <ymin>487</ymin>
      <xmax>1332</xmax>
      <ymax>932</ymax>
    </bndbox>
  </object>
  <object>
    <name>bird</name>
    <bndbox>
      <xmin>1493</xmin>
      <ymin>1205</ymin>
      <xmax>1922</xmax>
      <ymax>1500</ymax>
    </bndbox>
  </object>
  <object>
    <name>bird</name>
    <bndbox>
      <xmin>1658</xmin>
      <ymin>882</ymin>
      <xmax>2127</xmax>
      <ymax>1116</ymax>
    </bndbox>
  </object>
  <object>
    <name>bird</name>
    <bndbox>
      <xmin>2097</xmin>
      <ymin>740</ymin>
      <xmax>2490</xmax>
      <ymax>976</ymax>
    </bndbox>
  </object>
  <object>
    <name>bird</name>
    <bndbox>
      <xmin>1496</xmin>
      <ymin>0</ymin>
      <xmax>1893</xmax>
      <ymax>141</ymax>
    </bndbox>
  </object>
  <object>
    <name>bird</name>
    <bndbox>
      <xmin>875</xmin>
      <ymin>931</ymin>
      <xmax>1538</xmax>
      <ymax>1264</ymax>
    </bndbox>
  </object>
</annotation>
