<?xml version='1.0' encoding='UTF-8'?>
<annotation>
  <folder>images</folder>
  <filename>frame_237.jpg</filename>
  <object>
    <name>bird</name>
    <bndbox>
      <xmin>2594</xmin>
      <ymin>1075</ymin>
      <xmax>3133</xmax>
      <ymax>1363</ymax>
    </bndbox>
  </object>
  <object>
    <name>bird</name>
    <bndbox>
      <xmin>1764</xmin>
      <ymin>1361</ymin>
      <xmax>2289</xmax>
      <ymax>1689</ymax>
    </bndbox>
  </object>
  <object>
    <name>bird</name>
    <bndbox>
      <xmin>2223</xmin>
      <ymin>1186</ymin>
      <xmax>2469</xmax>
      <ymax>1422</ymax>
    </bndbox>
  </object>
  <object>
    <name>bird</name>
    <bndbox>
      <xmin>1706</xmin>
      <ymin>1154</ymin>
      <xmax>2082</xmax>
      <ymax>1356</ymax>
    </bndbox>
  </object>
  <object>
    <name>bird</name>
    <bndbox>
      <xmin>1885</xmin>
      <ymin>789</ymin>
      <xmax>2089</xmax>
      <ymax>1048</ymax>
    </bndbox>
  </object>
  <object>
    <name>bird</name>
    <bndbox>
      <xmin>968</xmin>
      <ymin>1113</ymin>
      <xmax>1391</xmax>
      <ymax>1319</ymax>
    </bndbox>
  </object>
</annotation>
