<?xml version='1.0' encoding='UTF-8'?>
<annotation>
  <folder>images</folder>
  <filename>frame_290.jpg</filename>
  <object>
    <name>bird</name>
    <bndbox>
      <xmin>3098</xmin>
      <ymin>1066</ymin>
      <xmax>3475</xmax>
      <ymax>1354</ymax>
    </bndbox>
  </object>
  <object>
    <name>bird</name>
    <bndbox>
      <xmin>891</xmin>
      <ymin>1618</ymin>
      <xmax>1383</xmax>
      <ymax>1960</ymax>
    </bndbox>
  </object>
  <object>
    <name>bird</name>
    <bndbox>
      <xmin>1168</xmin>
      <ymin>1043</ymin>
      <xmax>1566</xmax>
      <ymax>1269</ymax>
    </bndbox>
  </object>
  <object>
    <name>bird</name>
    <bndbox>
      <xmin>2093</xmin>
      <ymin>1277</ymin>
      <xmax>2432</xmax>
      <ymax>1636</ymax>
    </bndbox>
  </object>
  <object>
    <name>bird</name>
    <bndbox>
      <xmin>2418</xmin>
      <ymin>927</ymin>
      <xmax>2669</xmax>
      <ymax>1230</ymax>
    </bndbox>
  </object>
  <object>
    <name>bird</name>
    <bndbox>
      <xmin>329</xmin>
      <ymin>1792</ymin>
      <xmax>663</xmax>
      <ymax>2089</ymax>
    </bndbox>
  </object>
  <object>
    <name>bird</name>
    <bndbox>
      <xmin>2026</xmin>
      <ymin>917</ymin>
      <xmax>2223</xmax>
      <ymax>1140</ymax>
    </bndbox>
  </object>
  <object>
    <name>bird</name>
    <bndbox>
      <xmin>1257</xmin>
      <ymin>892</ymin>
      <xmax>1692</xmax>
      <ymax>1092</ymax>
    </bndbox>
  </object>
  <object>
    <name>bird</name>
    <bndbox>
      <xmin>2567</xmin>
      <ymin>810</ymin>
      <xmax>2932</xmax>
      <ymax>1033</ymax>
    </bndbox>
  </object>
  <object>
    <name>bird</name>
    <bndbox>
      <xmin>44</xmin>
      <ymin>1905</ymin>
      <xmax>391</xmax>
      <ymax>2157</ymax>
    </bndbox>
  </object>
  <object>
    <name>bird</name>
    <bndbox>
      <xmin>1602</xmin>
      <ymin>984</ymin>
      <xmax>1811</xmax>
      <ymax>1187</ymax>
    </bndbox>
  </object>
  <object>
    <name>bird</name>
    <bndbox>
      <xmin>1974</xmin>
      <ymin>664</ymin>
      <xmax>2175</xmax>
      <ymax>850</ymax>
    </bndbox>
  </object>
  <object>
    <name>bird</name>
    <bndbox>
      <xmin>1765</xmin>
      <ymin>871</ymin>
      <xmax>2082</xmax>
      <ymax>1097</ymax>
    </bndbox>
  </object>
  <object>
    <name>bird</name>
    <bndbox>
      <xmin>2183</xmin>
      <ymin>673</ymin>
      <xmax>2551</xmax>
      <ymax>879</ymax>
    </bndbox>
  </object>
</annotation>
