<?xml version='1.0' encoding='UTF-8'?>
<annotation>
  <folder>images</folder>
  <filename>frame_277.jpg</filename>
  <object>
    <name>bird</name>
    <bndbox>
      <xmin>2766</xmin>
      <ymin>1109</ymin>
      <xmax>3419</xmax>
      <ymax>1558</ymax>
    </bndbox>
  </object>
  <object>
    <name>bird</name>
    <bndbox>
      <xmin>2653</xmin>
      <ymin>1001</ymin>
      <xmax>3063</xmax>
      <ymax>1244</ymax>
    </bndbox>
  </object>
  <object>
    <name>bird</name>
    <bndbox>
      <xmin>2489</xmin>
      <ymin>719</ymin>
      <xmax>2774</xmax>
      <ymax>949</ymax>
    </bndbox>
  </object>
  <object>
    <name>bird</name>
    <bndbox>
      <xmin>4</xmin>
      <ymin>1649</ymin>
      <xmax>727</xmax>
      <ymax>2113</ymax>
    </bndbox>
  </object>
  <object>
    <name>bird</name>
    <bndbox>
      <xmin>1004</xmin>
      <ymin>963</ymin>
      <xmax>1442</xmax>
      <ymax>1287</ymax>
    </bndbox>
  </object>
  <object>
    <name>bird</name>
    <bndbox>
      <xmin>2071</xmin>
      <ymin>1731</ymin>
      <xmax>2429</xmax>
      <ymax>2156</ymax>
    </bndbox>
  </object>
  <object>
    <name>bird</name>
    <bndbox>
      <xmin>1531</xmin>
      <ymin>1018</ymin>
      <xmax>1766</xmax>
      <ymax>1222</ymax>
    </bndbox>
  </object>
  <object>
    <name>bird</name>
    <bndbox>
      <xmin>2200</xmin>
      <ymin>857</ymin>
      <xmax>2515</xmax>
      <ymax>1242</ymax>
    </bndbox>
  </object>
  <object>
    <name>bird</name>
    <bndbox>
      <xmin>1881</xmin>
      <ymin>662</ymin>
      <xmax>2184</xmax>
      <ymax>936</ymax>
    </bndbox>
  </object>
  <object>
    <name>bird</name>
    <bndbox>
      <xmin>2068</xmin>
      <ymin>676</ymin>
      <xmax>2451</xmax>
      <ymax>915</ymax>
    </bndbox>
  </object>
  <object>
    <name>bird</name>
    <bndbox>
      <xmin>1914</xmin>
      <ymin>914</ymin>
      <xmax>2250</xmax>
      <ymax>1204</ymax>
    </bndbox>
  </object>
  <object>
    <name>bird</name>
    <bndbox>
      <xmin>1750</xmin>
      <ymin>920</ymin>
      <xmax>2044</xmax>
      <ymax>1153</ymax>
    </bndbox>
  </object>
</annotation>
