<?xml version='1.0' encoding='UTF-8'?>
<annotation>
  <folder>images</folder>
  <filename>frame_175.jpg</filename>
  <object>
    <name>bird</name>
    <bndbox>
      <xmin>855</xmin>
      <ymin>1233</ymin>
      <xmax>1480</xmax>
      <ymax>1546</ymax>
    </bndbox>
  </object>
  <object>
    <name>bird</name>
    <bndbox>
      <xmin>1377</xmin>
      <ymin>1211</ymin>
      <xmax>1977</xmax>
      <ymax>1471</ymax>
    </bndbox>
  </object>
  <object>
    <name>bird</name>
    <bndbox>
      <xmin>0</xmin>
      <ymin>504</ymin>
      <xmax>396</xmax>
      <ymax>869</ymax>
    </bndbox>
  </object>
  <object>
    <name>bird</name>
    <bndbox>
      <xmin>2214</xmin>
      <ymin>1249</ymin>
      <xmax>2634</xmax>
      <ymax>1506</ymax>
    </bndbox>
  </object>
  <object>
    <name>bird</name>
    <bndbox>
      <xmin>2449</xmin>
      <ymin>668</ymin>
      <xmax>2848</xmax>
      <ymax>981</ymax>
    </bndbox>
  </object>
  <object>
    <name>bird</name>
    <bndbox>
      <xmin>2044</xmin>
      <ymin>738</ymin>
      <xmax>2236</xmax>
      <ymax>1022</ymax>
    </bndbox>
  </object>
  <object>
    <name>bird</name>
    <bndbox>
      <xmin>1776</xmin>
      <ymin>696</ymin>
      <xmax>2032</xmax>
      <ymax>978</ymax>
    </bndbox>
  </object>
  <object>
    <name>bird</name>
    <bndbox>
      <xmin>1617</xmin>
      <ymin>1062</ymin>
      <xmax>2108</xmax>
      <ymax>1372</ymax>
    </bndbox>
  </object>
  <object>
    <name>bird</name>
    <bndbox>
      <xmin>2209</xmin>
      <ymin>1071</ymin>
      <xmax>2583</xmax>
      <ymax>1294</ymax>
    </bndbox>
  </object>
  <object>
    <name>bird</name>
    <bndbox>
      <xmin>2023</xmin>
      <ymin>881</ymin>
      <xmax>2449</xmax>
      <ymax>1137</ymax>
    </bndbox>
  </object>
  <object>
    <name>bird</name>
    <bndbox>
      <xmin>2537</xmin>
      <ymin>960</ymin>
      <xmax>2881</xmax>
      <ymax>1229</ymax>
    </bndbox>
  </object>
</annotation>
