<?xml version='1.0' encoding='UTF-8'?>
<annotation>
  <folder>images</folder>
  <filename>frame_292.jpg</filename>
  <object>
    <name>bird</name>
    <bndbox>
      <xmin>3091</xmin>
      <ymin>1040</ymin>
      <xmax>3465</xmax>
      <ymax>1338</ymax>
    </bndbox>
  </object>
  <object>
    <name>bird</name>
    <bndbox>
      <xmin>927</xmin>
      <ymin>1567</ymin>
      <xmax>1498</xmax>
      <ymax>1992</ymax>
    </bndbox>
  </object>
  <object>
    <name>bird</name>
    <bndbox>
      <xmin>1170</xmin>
      <ymin>1054</ymin>
      <xmax>1549</xmax>
      <ymax>1274</ymax>
    </bndbox>
  </object>
  <object>
    <name>bird</name>
    <bndbox>
      <xmin>1988</xmin>
      <ymin>1245</ymin>
      <xmax>2347</xmax>
      <ymax>1598</ymax>
    </bndbox>
  </object>
  <object>
    <name>bird</name>
    <bndbox>
      <xmin>431</xmin>
      <ymin>1804</ymin>
      <xmax>763</xmax>
      <ymax>2092</ymax>
    </bndbox>
  </object>
  <object>
    <name>bird</name>
    <bndbox>
      <xmin>2027</xmin>
      <ymin>911</ymin>
      <xmax>2232</xmax>
      <ymax>1145</ymax>
    </bndbox>
  </object>
  <object>
    <name>bird</name>
    <bndbox>
      <xmin>2538</xmin>
      <ymin>809</ymin>
      <xmax>2923</xmax>
      <ymax>1036</ymax>
    </bndbox>
  </object>
  <object>
    <name>bird</name>
    <bndbox>
      <xmin>47</xmin>
      <ymin>1851</ymin>
      <xmax>475</xmax>
      <ymax>2158</ymax>
    </bndbox>
  </object>
  <object>
    <name>bird</name>
    <bndbox>
      <xmin>1584</xmin>
      <ymin>942</ymin>
      <xmax>1835</xmax>
      <ymax>1190</ymax>
    </bndbox>
  </object>
  <object>
    <name>bird</name>
    <bndbox>
      <xmin>2170</xmin>
      <ymin>683</ymin>
      <xmax>2539</xmax>
      <ymax>888</ymax>
    </bndbox>
  </object>
  <object>
    <name>bird</name>
    <bndbox>
      <xmin>2354</xmin>
      <ymin>896</ymin>
      <xmax>2663</xmax>
      <ymax>1250</ymax>
    </bndbox>
  </object>
</annotation>
