<?xml version='1.0' encoding='UTF-8'?>
<annotation>
  <folder>images</folder>
  <filename>frame_89.jpg</filename>
  <object>
    <name>bird</name>
    <bndbox>
      <xmin>2776</xmin>
      <ymin>1042</ymin>
      <xmax>3246</xmax>
      <ymax>1383</ymax>
    </bndbox>
  </object>
  <object>
    <name>bird</name>
    <bndbox>
      <xmin>412</xmin>
      <ymin>389</ymin>
      <xmax>839</xmax>
      <ymax>713</ymax>
    </bndbox>
  </object>
  <object>
    <name>bird</name>
    <bndbox>
      <xmin>2053</xmin>
      <ymin>1010</ymin>
      <xmax>2422</xmax>
      <ymax>1320</ymax>
    </bndbox>
  </object>
  <object>
    <name>bird</name>
    <bndbox>
      <xmin>1363</xmin>
      <ymin>1113</ymin>
      <xmax>1964</xmax>
      <ymax>1417</ymax>
    </bndbox>
  </object>
  <object>
    <name>bird</name>
    <bndbox>
      <xmin>2649</xmin>
      <ymin>588</ymin>
      <xmax>3159</xmax>
      <ymax>910</ymax>
    </bndbox>
  </object>
  <object>
    <name>bird</name>
    <bndbox>
      <xmin>2434</xmin>
      <ymin>416</ymin>
      <xmax>3028</xmax>
      <ymax>808</ymax>
    </bndbox>
  </object>
  <object>
    <name>bird</name>
    <bndbox>
      <xmin>2704</xmin>
      <ymin>816</ymin>
      <xmax>3429</xmax>
      <ymax>1071</ymax>
    </bndbox>
  </object>
  <object>
    <name>bird</name>
    <bndbox>
      <xmin>860</xmin>
      <ymin>753</ymin>
      <xmax>1502</xmax>
      <ymax>1028</ymax>
    </bndbox>
  </object>
  <object>
    <name>bird</name>
    <bndbox>
      <xmin>1391</xmin>
      <ymin>882</ymin>
      <xmax>1871</xmax>
      <ymax>1175</ymax>
    </bndbox>
  </object>
  <object>
    <name>bird</name>
    <bndbox>
      <xmin>2293</xmin>
      <ymin>938</ymin>
      <xmax>2793</xmax>
      <ymax>1215</ymax>
    </bndbox>
  </object>
</annotation>
