<?xml version='1.0' encoding='UTF-8'?>
<annotation>
  <folder>images</folder>
  <filename>frame_47.jpg</filename>
  <object>
    <name>bird</name>
    <bndbox>
      <xmin>266</xmin>
      <ymin>557</ymin>
      <xmax>754</xmax>
      <ymax>936</ymax>
    </bndbox>
  </object>
  <object>
    <name>bird</name>
    <bndbox>
      <xmin>1507</xmin>
      <ymin>570</ymin>
      <xmax>2032</xmax>
      <ymax>1070</ymax>
    </bndbox>
  </object>
  <object>
    <name>bird</name>
    <bndbox>
      <xmin>1711</xmin>
      <ymin>1264</ymin>
      <xmax>2250</xmax>
      <ymax>1582</ymax>
    </bndbox>
  </object>
  <object>
    <name>bird</name>
    <bndbox>
      <xmin>2001</xmin>
      <ymin>667</ymin>
      <xmax>2559</xmax>
      <ymax>937</ymax>
    </bndbox>
  </object>
  <object>
    <name>bird</name>
    <bndbox>
      <xmin>2001</xmin>
      <ymin>114</ymin>
      <xmax>2553</xmax>
      <ymax>489</ymax>
    </bndbox>
  </object>
  <object>
    <name>bird</name>
    <bndbox>
      <xmin>2114</xmin>
      <ymin>1156</ymin>
      <xmax>2627</xmax>
      <ymax>1440</ymax>
    </bndbox>
  </object>
  <object>
    <name>bird</name>
    <bndbox>
      <xmin>1035</xmin>
      <ymin>0</ymin>
      <xmax>1440</xmax>
      <ymax>129</ymax>
    </bndbox>
  </object>
  <object>
    <name>bird</name>
    <bndbox>
      <xmin>964</xmin>
      <ymin>654</ymin>
      <xmax>1217</xmax>
      <ymax>1115</ymax>
    </bndbox>
  </object>
  <object>
    <name>bird</name>
    <bndbox>
      <xmin>883</xmin>
      <ymin>1065</ymin>
      <xmax>1468</xmax>
      <ymax>1353</ymax>
    </bndbox>
  </object>
  <object>
    <name>bird</name>
    <bndbox>
      <xmin>1846</xmin>
      <ymin>889</ymin>
      <xmax>2346</xmax>
      <ymax>1147</ymax>
    </bndbox>
  </object>
  <object>
    <name>bird</name>
    <bndbox>
      <xmin>215</xmin>
      <ymin>869</ymin>
      <xmax>1062</xmax>
      <ymax>1235</ymax>
    </bndbox>
  </object>
  <object>
    <name>bird</name>
    <bndbox>
      <xmin>1676</xmin>
      <ymin>1013</ymin>
      <xmax>1986</xmax>
      <ymax>1278</ymax>
    </bndbox>
  </object>
</annotation>
