<?xml version='1.0' encoding='UTF-8'?>
<annotation>
  <folder>images</folder>
  <filename>frame_199.jpg</filename>
  <object>
    <name>bird</name>
    <bndbox>
      <xmin>1567</xmin>
      <ymin>1139</ymin>
      <xmax>2092</xmax>
      <ymax>1435</ymax>
    </bndbox>
  </object>
  <object>
    <name>bird</name>
    <bndbox>
      <xmin>2295</xmin>
      <ymin>991</ymin>
      <xmax>2724</xmax>
      <ymax>1193</ymax>
    </bndbox>
  </object>
  <object>
    <name>bird</name>
    <bndbox>
      <xmin>2087</xmin>
      <ymin>578</ymin>
      <xmax>2444</xmax>
      <ymax>901</ymax>
    </bndbox>
  </object>
  <object>
    <name>bird</name>
    <bndbox>
      <xmin>2645</xmin>
      <ymin>1567</ymin>
      <xmax>3364</xmax>
      <ymax>1869</ymax>
    </bndbox>
  </object>
  <object>
    <name>bird</name>
    <bndbox>
      <xmin>828</xmin>
      <ymin>954</ymin>
      <xmax>1368</xmax>
      <ymax>1176</ymax>
    </bndbox>
  </object>
  <object>
    <name>bird</name>
    <bndbox>
      <xmin>1120</xmin>
      <ymin>974</ymin>
      <xmax>1756</xmax>
      <ymax>1238</ymax>
    </bndbox>
  </object>
  <object>
    <name>bird</name>
    <bndbox>
      <xmin>2297</xmin>
      <ymin>763</ymin>
      <xmax>2721</xmax>
      <ymax>933</ymax>
    </bndbox>
  </object>
</annotation>
