<?xml version='1.0' encoding='UTF-8'?>
<annotation>
  <folder>images</folder>
  <filename>frame_223.jpg</filename>
  <object>
    <name>bird</name>
    <bndbox>
      <xmin>1876</xmin>
      <ymin>699</ymin>
      <xmax>2181</xmax>
      <ymax>1027</ymax>
    </bndbox>
  </object>
  <object>
    <name>bird</name>
    <bndbox>
      <xmin>3315</xmin>
      <ymin>1065</ymin>
      <xmax>3714</xmax>
      <ymax>1409</ymax>
    </bndbox>
  </object>
  <object>
    <name>bird</name>
    <bndbox>
      <xmin>792</xmin>
      <ymin>1229</ymin>
      <xmax>1240</xmax>
      <ymax>1574</ymax>
    </bndbox>
  </object>
  <object>
    <name>bird</name>
    <bndbox>
      <xmin>2139</xmin>
      <ymin>1090</ymin>
      <xmax>2533</xmax>
      <ymax>1385</ymax>
    </bndbox>
  </object>
  <object>
    <name>bird</name>
    <bndbox>
      <xmin>1736</xmin>
      <ymin>1105</ymin>
      <xmax>2187</xmax>
      <ymax>1322</ymax>
    </bndbox>
  </object>
  <object>
    <name>bird</name>
    <bndbox>
      <xmin>1079</xmin>
      <ymin>812</ymin>
      <xmax>1498</xmax>
      <ymax>1014</ymax>
    </bndbox>
  </object>
  <object>
    <name>bird</name>
    <bndbox>
      <xmin>2143</xmin>
      <ymin>847</ymin>
      <xmax>2592</xmax>
      <ymax>1025</ymax>
    </bndbox>
  </object>
</annotation>
