<?xml version='1.0' encoding='UTF-8'?>
<annotation>
  <folder>images</folder>
  <filename>frame_124.jpg</filename>
  <object>
    <name>bird</name>
    <bndbox>
      <xmin>1751</xmin>
      <ymin>1367</ymin>
      <xmax>2169</xmax>
      <ymax>1622</ymax>
    </bndbox>
  </object>
  <object>
    <name>bird</name>
    <bndbox>
      <xmin>863</xmin>
      <ymin>1156</ymin>
      <xmax>1557</xmax>
      <ymax>1528</ymax>
    </bndbox>
  </object>
  <object>
    <name>bird</name>
    <bndbox>
      <xmin>1320</xmin>
      <ymin>816</ymin>
      <xmax>1609</xmax>
      <ymax>1327</ymax>
    </bndbox>
  </object>
  <object>
    <name>bird</name>
    <bndbox>
      <xmin>2177</xmin>
      <ymin>1049</ymin>
      <xmax>2916</xmax>
      <ymax>1479</ymax>
    </bndbox>
  </object>
  <object>
    <name>bird</name>
    <bndbox>
      <xmin>1564</xmin>
      <ymin>1053</ymin>
      <xmax>2241</xmax>
      <ymax>1316</ymax>
    </bndbox>
  </object>
  <object>
    <name>bird</name>
    <bndbox>
      <xmin>1647</xmin>
      <ymin>634</ymin>
      <xmax>1855</xmax>
      <ymax>961</ymax>
    </bndbox>
  </object>
  <object>
    <name>bird</name>
    <bndbox>
      <xmin>1539</xmin>
      <ymin>767</ymin>
      <xmax>1783</xmax>
      <ymax>1172</ymax>
    </bndbox>
  </object>
  <object>
    <name>bird</name>
    <bndbox>
      <xmin>124</xmin>
      <ymin>585</ymin>
      <xmax>278</xmax>
      <ymax>943</ymax>
    </bndbox>
  </object>
  <object>
    <name>bird</name>
    <bndbox>
      <xmin>943</xmin>
      <ymin>878</ymin>
      <xmax>1332</xmax>
      <ymax>1105</ymax>
    </bndbox>
  </object>
  <object>
    <name>bird</name>
    <bndbox>
      <xmin>1681</xmin>
      <ymin>1181</ymin>
      <xmax>2128</xmax>
      <ymax>1386</ymax>
    </bndbox>
  </object>
  <object>
    <name>bird</name>
    <bndbox>
      <xmin>2020</xmin>
      <ymin>891</ymin>
      <xmax>2405</xmax>
      <ymax>1064</ymax>
    </bndbox>
  </object>
  <object>
    <name>bird</name>
    <bndbox>
      <xmin>650</xmin>
      <ymin>1061</ymin>
      <xmax>1128</xmax>
      <ymax>1308</ymax>
    </bndbox>
  </object>
</annotation>
