<?xml version='1.0' encoding='UTF-8'?>
<annotation>
  <folder>images</folder>
  <filename>frame_67.jpg</filename>
  <object>
    <name>bird</name>
    <bndbox>
      <xmin>725</xmin>
      <ymin>714</ymin>
      <xmax>1335</xmax>
      <ymax>1034</ymax>
    </bndbox>
  </object>
  <object>
    <name>bird</name>
    <bndbox>
      <xmin>2411</xmin>
      <ymin>1187</ymin>
      <xmax>3175</xmax>
      <ymax>1574</ymax>
    </bndbox>
  </object>
  <object>
    <name>bird</name>
    <bndbox>
      <xmin>1471</xmin>
      <ymin>141</ymin>
      <xmax>1969</xmax>
      <ymax>440</ymax>
    </bndbox>
  </object>
  <object>
    <name>bird</name>
    <bndbox>
      <xmin>1208</xmin>
      <ymin>756</ymin>
      <xmax>1592</xmax>
      <ymax>1262</ymax>
    </bndbox>
  </object>
  <object>
    <name>bird</name>
    <bndbox>
      <xmin>1600</xmin>
      <ymin>1181</ymin>
      <xmax>2089</xmax>
      <ymax>1534</ymax>
    </bndbox>
  </object>
  <object>
    <name>bird</name>
    <bndbox>
      <xmin>583</xmin>
      <ymin>987</ymin>
      <xmax>1133</xmax>
      <ymax>1545</ymax>
    </bndbox>
  </object>
  <object>
    <name>bird</name>
    <bndbox>
      <xmin>1568</xmin>
      <ymin>693</ymin>
      <xmax>1921</xmax>
      <ymax>1165</ymax>
    </bndbox>
  </object>
  <object>
    <name>bird</name>
    <bndbox>
      <xmin>179</xmin>
      <ymin>20</ymin>
      <xmax>756</xmax>
      <ymax>268</ymax>
    </bndbox>
  </object>
  <object>
    <name>bird</name>
    <bndbox>
      <xmin>1923</xmin>
      <ymin>613</ymin>
      <xmax>2280</xmax>
      <ymax>1143</ymax>
    </bndbox>
  </object>
  <object>
    <name>bird</name>
    <bndbox>
      <xmin>2136</xmin>
      <ymin>1110</ymin>
      <xmax>2527</xmax>
      <ymax>1419</ymax>
    </bndbox>
  </object>
  <object>
    <name>bird</name>
    <bndbox>
      <xmin>118</xmin>
      <ymin>0</ymin>
      <xmax>359</xmax>
      <ymax>178</ymax>
    </bndbox>
  </object>
  <object>
    <name>bird</name>
    <bndbox>
      <xmin>2117</xmin>
      <ymin>834</ymin>
      <xmax>2690</xmax>
      <ymax>1164</ymax>
    </bndbox>
  </object>
  <object>
    <name>bird</name>
    <bndbox>
      <xmin>2590</xmin>
      <ymin>799</ymin>
      <xmax>3529</xmax>
      <ymax>1205</ymax>
    </bndbox>
  </object>
  <object>
    <name>bird</name>
    <bndbox>
      <xmin>2164</xmin>
      <ymin>658</ymin>
      <xmax>2883</xmax>
      <ymax>957</ymax>
    </bndbox>
  </object>
  <object>
    <name>bird</name>
    <bndbox>
      <xmin>2796</xmin>
      <ymin>1068</ymin>
      <xmax>3390</xmax>
      <ymax>1333</ymax>
    </bndbox>
  </object>
</annotation>
