<?xml version='1.0' encoding='UTF-8'?>
<annotation>
  <folder>images</folder>
  <filename>frame_61.jpg</filename>
  <object>
    <name>bird</name>
    <bndbox>
      <xmin>712</xmin>
      <ymin>657</ymin>
      <xmax>1275</xmax>
      <ymax>972</ymax>
    </bndbox>
  </object>
  <object>
    <name>bird</name>
    <bndbox>
      <xmin>2298</xmin>
      <ymin>1227</ymin>
      <xmax>2924</xmax>
      <ymax>1565</ymax>
    </bndbox>
  </object>
  <object>
    <name>bird</name>
    <bndbox>
      <xmin>2261</xmin>
      <ymin>684</ymin>
      <xmax>2866</xmax>
      <ymax>928</ymax>
    </bndbox>
  </object>
  <object>
    <name>bird</name>
    <bndbox>
      <xmin>1872</xmin>
      <ymin>107</ymin>
      <xmax>2323</xmax>
      <ymax>410</ymax>
    </bndbox>
  </object>
  <object>
    <name>bird</name>
    <bndbox>
      <xmin>1213</xmin>
      <ymin>675</ymin>
      <xmax>1518</xmax>
      <ymax>1209</ymax>
    </bndbox>
  </object>
  <object>
    <name>bird</name>
    <bndbox>
      <xmin>1397</xmin>
      <ymin>1167</ymin>
      <xmax>1905</xmax>
      <ymax>1473</ymax>
    </bndbox>
  </object>
  <object>
    <name>bird</name>
    <bndbox>
      <xmin>438</xmin>
      <ymin>955</ymin>
      <xmax>1268</xmax>
      <ymax>1583</ymax>
    </bndbox>
  </object>
  <object>
    <name>bird</name>
    <bndbox>
      <xmin>1520</xmin>
      <ymin>650</ymin>
      <xmax>1913</xmax>
      <ymax>1180</ymax>
    </bndbox>
  </object>
  <object>
    <name>bird</name>
    <bndbox>
      <xmin>471</xmin>
      <ymin>0</ymin>
      <xmax>1030</xmax>
      <ymax>199</ymax>
    </bndbox>
  </object>
  <object>
    <name>bird</name>
    <bndbox>
      <xmin>1848</xmin>
      <ymin>571</ymin>
      <xmax>2303</xmax>
      <ymax>1138</ymax>
    </bndbox>
  </object>
  <object>
    <name>bird</name>
    <bndbox>
      <xmin>2040</xmin>
      <ymin>1097</ymin>
      <xmax>2370</xmax>
      <ymax>1402</ymax>
    </bndbox>
  </object>
  <object>
    <name>bird</name>
    <bndbox>
      <xmin>2652</xmin>
      <ymin>1105</ymin>
      <xmax>3323</xmax>
      <ymax>1421</ymax>
    </bndbox>
  </object>
  <object>
    <name>bird</name>
    <bndbox>
      <xmin>2649</xmin>
      <ymin>886</ymin>
      <xmax>3358</xmax>
      <ymax>1178</ymax>
    </bndbox>
  </object>
  <object>
    <name>bird</name>
    <bndbox>
      <xmin>2101</xmin>
      <ymin>921</ymin>
      <xmax>2682</xmax>
      <ymax>1206</ymax>
    </bndbox>
  </object>
</annotation>
