<?xml version='1.0' encoding='UTF-8'?>
<annotation>
  <folder>images</folder>
  <filename>frame_311.jpg</filename>
  <object>
    <name>bird</name>
    <bndbox>
      <xmin>3049</xmin>
      <ymin>956</ymin>
      <xmax>3394</xmax>
      <ymax>1222</ymax>
    </bndbox>
  </object>
  <object>
    <name>bird</name>
    <bndbox>
      <xmin>1187</xmin>
      <ymin>1576</ymin>
      <xmax>1790</xmax>
      <ymax>1928</ymax>
    </bndbox>
  </object>
  <object>
    <name>bird</name>
    <bndbox>
      <xmin>698</xmin>
      <ymin>1171</ymin>
      <xmax>1198</xmax>
      <ymax>1485</ymax>
    </bndbox>
  </object>
  <object>
    <name>bird</name>
    <bndbox>
      <xmin>899</xmin>
      <ymin>1883</ymin>
      <xmax>1270</xmax>
      <ymax>2088</ymax>
    </bndbox>
  </object>
  <object>
    <name>bird</name>
    <bndbox>
      <xmin>145</xmin>
      <ymin>1734</ymin>
      <xmax>575</xmax>
      <ymax>2031</ymax>
    </bndbox>
  </object>
  <object>
    <name>bird</name>
    <bndbox>
      <xmin>2219</xmin>
      <ymin>894</ymin>
      <xmax>2540</xmax>
      <ymax>1208</ymax>
    </bndbox>
  </object>
  <object>
    <name>bird</name>
    <bndbox>
      <xmin>1425</xmin>
      <ymin>1000</ymin>
      <xmax>1638</xmax>
      <ymax>1231</ymax>
    </bndbox>
  </object>
  <object>
    <name>bird</name>
    <bndbox>
      <xmin>2051</xmin>
      <ymin>747</ymin>
      <xmax>2408</xmax>
      <ymax>934</ymax>
    </bndbox>
  </object>
  <object>
    <name>bird</name>
    <bndbox>
      <xmin>1642</xmin>
      <ymin>682</ymin>
      <xmax>2065</xmax>
      <ymax>878</ymax>
    </bndbox>
  </object>
  <object>
    <name>bird</name>
    <bndbox>
      <xmin>1418</xmin>
      <ymin>682</ymin>
      <xmax>1627</xmax>
      <ymax>881</ymax>
    </bndbox>
  </object>
  <object>
    <name>bird</name>
    <bndbox>
      <xmin>675</xmin>
      <ymin>1915</ymin>
      <xmax>1054</xmax>
      <ymax>2159</ymax>
    </bndbox>
  </object>
</annotation>
