<?xml version='1.0' encoding='UTF-8'?>
<annotation>
  <folder>images</folder>
  <filename>frame_322.jpg</filename>
  <object>
    <name>bird</name>
    <bndbox>
      <xmin>1554</xmin>
      <ymin>1635</ymin>
      <xmax>2229</xmax>
      <ymax>1998</ymax>
    </bndbox>
  </object>
  <object>
    <name>bird</name>
    <bndbox>
      <xmin>770</xmin>
      <ymin>1231</ymin>
      <xmax>1242</xmax>
      <ymax>1513</ymax>
    </bndbox>
  </object>
  <object>
    <name>bird</name>
    <bndbox>
      <xmin>543</xmin>
      <ymin>1687</ymin>
      <xmax>1067</xmax>
      <ymax>2106</ymax>
    </bndbox>
  </object>
  <object>
    <name>bird</name>
    <bndbox>
      <xmin>2587</xmin>
      <ymin>1036</ymin>
      <xmax>2845</xmax>
      <ymax>1339</ymax>
    </bndbox>
  </object>
  <object>
    <name>bird</name>
    <bndbox>
      <xmin>1732</xmin>
      <ymin>1053</ymin>
      <xmax>1950</xmax>
      <ymax>1289</ymax>
    </bndbox>
  </object>
  <object>
    <name>bird</name>
    <bndbox>
      <xmin>2550</xmin>
      <ymin>829</ymin>
      <xmax>2940</xmax>
      <ymax>1026</ymax>
    </bndbox>
  </object>
  <object>
    <name>bird</name>
    <bndbox>
      <xmin>833</xmin>
      <ymin>927</ymin>
      <xmax>1243</xmax>
      <ymax>1133</ymax>
    </bndbox>
  </object>
  <object>
    <name>bird</name>
    <bndbox>
      <xmin>1073</xmin>
      <ymin>1149</ymin>
      <xmax>1479</xmax>
      <ymax>1364</ymax>
    </bndbox>
  </object>
  <object>
    <name>bird</name>
    <bndbox>
      <xmin>1314</xmin>
      <ymin>1037</ymin>
      <xmax>1670</xmax>
      <ymax>1248</ymax>
    </bndbox>
  </object>
  <object>
    <name>bird</name>
    <bndbox>
      <xmin>279</xmin>
      <ymin>849</ymin>
      <xmax>455</xmax>
      <ymax>1132</ymax>
    </bndbox>
  </object>
</annotation>
