<?xml version='1.0' encoding='UTF-8'?>
<annotation>
  <folder>images</folder>
  <filename>frame_251.jpg</filename>
  <object>
    <name>bird</name>
    <bndbox>
      <xmin>2519</xmin>
      <ymin>908</ymin>
      <xmax>2964</xmax>
      <ymax>1236</ymax>
    </bndbox>
  </object>
  <object>
    <name>bird</name>
    <bndbox>
      <xmin>2275</xmin>
      <ymin>1563</ymin>
      <xmax>2778</xmax>
      <ymax>1842</ymax>
    </bndbox>
  </object>
  <object>
    <name>bird</name>
    <bndbox>
      <xmin>2497</xmin>
      <ymin>1223</ymin>
      <xmax>2867</xmax>
      <ymax>1492</ymax>
    </bndbox>
  </object>
  <object>
    <name>bird</name>
    <bndbox>
      <xmin>816</xmin>
      <ymin>1109</ymin>
      <xmax>1313</xmax>
      <ymax>1353</ymax>
    </bndbox>
  </object>
  <object>
    <name>bird</name>
    <bndbox>
      <xmin>1916</xmin>
      <ymin>785</ymin>
      <xmax>2128</xmax>
      <ymax>1082</ymax>
    </bndbox>
  </object>
  <object>
    <name>bird</name>
    <bndbox>
      <xmin>1863</xmin>
      <ymin>1048</ymin>
      <xmax>2401</xmax>
      <ymax>1399</ymax>
    </bndbox>
  </object>
  <object>
    <name>bird</name>
    <bndbox>
      <xmin>2154</xmin>
      <ymin>879</ymin>
      <xmax>2649</xmax>
      <ymax>1108</ymax>
    </bndbox>
  </object>
  <object>
    <name>bird</name>
    <bndbox>
      <xmin>1601</xmin>
      <ymin>808</ymin>
      <xmax>1819</xmax>
      <ymax>999</ymax>
    </bndbox>
  </object>
  <object>
    <name>bird</name>
    <bndbox>
      <xmin>1178</xmin>
      <ymin>894</ymin>
      <xmax>1650</xmax>
      <ymax>1182</ymax>
    </bndbox>
  </object>
  <object>
    <name>bird</name>
    <bndbox>
      <xmin>1586</xmin>
      <ymin>979</ymin>
      <xmax>2058</xmax>
      <ymax>1256</ymax>
    </bndbox>
  </object>
  <object>
    <name>bird</name>
    <bndbox>
      <xmin>1802</xmin>
      <ymin>1164</ymin>
      <xmax>2120</xmax>
      <ymax>1378</ymax>
    </bndbox>
  </object>
</annotation>
