<?xml version='1.0' encoding='UTF-8'?>
<annotation>
  <folder>images</folder>
  <filename>frame_345.jpg</filename>
  <object>
    <name>bird</name>
    <bndbox>
      <xmin>1440</xmin>
      <ymin>1730</ymin>
      <xmax>2059</xmax>
      <ymax>1993</ymax>
    </bndbox>
  </object>
  <object>
    <name>bird</name>
    <bndbox>
      <xmin>330</xmin>
      <ymin>1222</ymin>
      <xmax>892</xmax>
      <ymax>1500</ymax>
    </bndbox>
  </object>
  <object>
    <name>bird</name>
    <bndbox>
      <xmin>563</xmin>
      <ymin>1785</ymin>
      <xmax>929</xmax>
      <ymax>2158</ymax>
    </bndbox>
  </object>
  <object>
    <name>bird</name>
    <bndbox>
      <xmin>2810</xmin>
      <ymin>1162</ymin>
      <xmax>3076</xmax>
      <ymax>1445</ymax>
    </bndbox>
  </object>
  <object>
    <name>bird</name>
    <bndbox>
      <xmin>1093</xmin>
      <ymin>1195</ymin>
      <xmax>1384</xmax>
      <ymax>1419</ymax>
    </bndbox>
  </object>
  <object>
    <name>bird</name>
    <bndbox>
      <xmin>1427</xmin>
      <ymin>1092</ymin>
      <xmax>1744</xmax>
      <ymax>1307</ymax>
    </bndbox>
  </object>
  <object>
    <name>bird</name>
    <bndbox>
      <xmin>872</xmin>
      <ymin>986</ymin>
      <xmax>1239</xmax>
      <ymax>1163</ymax>
    </bndbox>
  </object>
  <object>
    <name>bird</name>
    <bndbox>
      <xmin>255</xmin>
      <ymin>1584</ymin>
      <xmax>529</xmax>
      <ymax>1939</ymax>
    </bndbox>
  </object>
  <object>
    <name>bird</name>
    <bndbox>
      <xmin>1730</xmin>
      <ymin>1118</ymin>
      <xmax>1962</xmax>
      <ymax>1356</ymax>
    </bndbox>
  </object>
  <object>
    <name>bird</name>
    <bndbox>
      <xmin>1987</xmin>
      <ymin>1049</ymin>
      <xmax>2296</xmax>
      <ymax>1257</ymax>
    </bndbox>
  </object>
  <object>
    <name>bird</name>
    <bndbox>
      <xmin>1897</xmin>
      <ymin>850</ymin>
      <xmax>2216</xmax>
      <ymax>1008</ymax>
    </bndbox>
  </object>
</annotation>
