<?xml version='1.0' encoding='UTF-8'?>
<annotation>
  <folder>images</folder>
  <filename>frame_144.jpg</filename>
  <object>
    <name>bird</name>
    <bndbox>
      <xmin>1990</xmin>
      <ymin>1423</ymin>
      <xmax>2345</xmax>
      <ymax>1670</ymax>
    </bndbox>
  </object>
  <object>
    <name>bird</name>
    <bndbox>
      <xmin>1133</xmin>
      <ymin>1269</ymin>
      <xmax>1794</xmax>
      <ymax>1562</ymax>
    </bndbox>
  </object>
  <object>
    <name>bird</name>
    <bndbox>
      <xmin>1429</xmin>
      <ymin>943</ymin>
      <xmax>1678</xmax>
      <ymax>1349</ymax>
    </bndbox>
  </object>
  <object>
    <name>bird</name>
    <bndbox>
      <xmin>1702</xmin>
      <ymin>1133</ymin>
      <xmax>2245</xmax>
      <ymax>1424</ymax>
    </bndbox>
  </object>
  <object>
    <name>bird</name>
    <bndbox>
      <xmin>932</xmin>
      <ymin>760</ymin>
      <xmax>1485</xmax>
      <ymax>1099</ymax>
    </bndbox>
  </object>
  <object>
    <name>bird</name>
    <bndbox>
      <xmin>94</xmin>
      <ymin>1367</ymin>
      <xmax>534</xmax>
      <ymax>1666</ymax>
    </bndbox>
  </object>
  <object>
    <name>bird</name>
    <bndbox>
      <xmin>1678</xmin>
      <ymin>865</ymin>
      <xmax>1909</xmax>
      <ymax>1233</ymax>
    </bndbox>
  </object>
  <object>
    <name>bird</name>
    <bndbox>
      <xmin>2084</xmin>
      <ymin>1235</ymin>
      <xmax>2375</xmax>
      <ymax>1454</ymax>
    </bndbox>
  </object>
  <object>
    <name>bird</name>
    <bndbox>
      <xmin>799</xmin>
      <ymin>1144</ymin>
      <xmax>1233</xmax>
      <ymax>1402</ymax>
    </bndbox>
  </object>
  <object>
    <name>bird</name>
    <bndbox>
      <xmin>1749</xmin>
      <ymin>731</ymin>
      <xmax>1976</xmax>
      <ymax>1095</ymax>
    </bndbox>
  </object>
  <object>
    <name>bird</name>
    <bndbox>
      <xmin>1969</xmin>
      <ymin>786</ymin>
      <xmax>2225</xmax>
      <ymax>1078</ymax>
    </bndbox>
  </object>
  <object>
    <name>bird</name>
    <bndbox>
      <xmin>2348</xmin>
      <ymin>1115</ymin>
      <xmax>2751</xmax>
      <ymax>1548</ymax>
    </bndbox>
  </object>
</annotation>
