<?xml version='1.0' encoding='UTF-8'?>
<annotation>
  <folder>images</folder>
  <filename>frame_305.jpg</filename>
  <object>
    <name>bird</name>
    <bndbox>
      <xmin>2984</xmin>
      <ymin>982</ymin>
      <xmax>3235</xmax>
      <ymax>1246</ymax>
    </bndbox>
  </object>
  <object>
    <name>bird</name>
    <bndbox>
      <xmin>1178</xmin>
      <ymin>1562</ymin>
      <xmax>1725</xmax>
      <ymax>1884</ymax>
    </bndbox>
  </object>
  <object>
    <name>bird</name>
    <bndbox>
      <xmin>957</xmin>
      <ymin>1035</ymin>
      <xmax>1235</xmax>
      <ymax>1212</ymax>
    </bndbox>
  </object>
  <object>
    <name>bird</name>
    <bndbox>
      <xmin>1054</xmin>
      <ymin>1157</ymin>
      <xmax>1543</xmax>
      <ymax>1485</ymax>
    </bndbox>
  </object>
  <object>
    <name>bird</name>
    <bndbox>
      <xmin>776</xmin>
      <ymin>1824</ymin>
      <xmax>1149</xmax>
      <ymax>2064</ymax>
    </bndbox>
  </object>
  <object>
    <name>bird</name>
    <bndbox>
      <xmin>496</xmin>
      <ymin>1849</ymin>
      <xmax>933</xmax>
      <ymax>2158</ymax>
    </bndbox>
  </object>
  <object>
    <name>bird</name>
    <bndbox>
      <xmin>97</xmin>
      <ymin>1614</ymin>
      <xmax>400</xmax>
      <ymax>1948</ymax>
    </bndbox>
  </object>
  <object>
    <name>bird</name>
    <bndbox>
      <xmin>2106</xmin>
      <ymin>766</ymin>
      <xmax>2490</xmax>
      <ymax>1154</ymax>
    </bndbox>
  </object>
  <object>
    <name>bird</name>
    <bndbox>
      <xmin>1021</xmin>
      <ymin>2007</ymin>
      <xmax>1708</xmax>
      <ymax>2159</ymax>
    </bndbox>
  </object>
  <object>
    <name>bird</name>
    <bndbox>
      <xmin>1517</xmin>
      <ymin>980</ymin>
      <xmax>1736</xmax>
      <ymax>1213</ymax>
    </bndbox>
  </object>
  <object>
    <name>bird</name>
    <bndbox>
      <xmin>1092</xmin>
      <ymin>942</ymin>
      <xmax>1526</xmax>
      <ymax>1158</ymax>
    </bndbox>
  </object>
  <object>
    <name>bird</name>
    <bndbox>
      <xmin>1851</xmin>
      <ymin>680</ymin>
      <xmax>2211</xmax>
      <ymax>845</ymax>
    </bndbox>
  </object>
  <object>
    <name>bird</name>
    <bndbox>
      <xmin>1619</xmin>
      <ymin>671</ymin>
      <xmax>1805</xmax>
      <ymax>844</ymax>
    </bndbox>
  </object>
</annotation>
