<?xml version='1.0' encoding='UTF-8'?>
<annotation>
  <folder>images</folder>
  <filename>frame_314.jpg</filename>
  <object>
    <name>bird</name>
    <bndbox>
      <xmin>3142</xmin>
      <ymin>975</ymin>
      <xmax>3552</xmax>
      <ymax>1268</ymax>
    </bndbox>
  </object>
  <object>
    <name>bird</name>
    <bndbox>
      <xmin>1269</xmin>
      <ymin>1618</ymin>
      <xmax>1841</xmax>
      <ymax>1943</ymax>
    </bndbox>
  </object>
  <object>
    <name>bird</name>
    <bndbox>
      <xmin>582</xmin>
      <ymin>1196</ymin>
      <xmax>1104</xmax>
      <ymax>1527</ymax>
    </bndbox>
  </object>
  <object>
    <name>bird</name>
    <bndbox>
      <xmin>184</xmin>
      <ymin>1751</ymin>
      <xmax>688</xmax>
      <ymax>2073</ymax>
    </bndbox>
  </object>
  <object>
    <name>bird</name>
    <bndbox>
      <xmin>2228</xmin>
      <ymin>943</ymin>
      <xmax>2540</xmax>
      <ymax>1231</ymax>
    </bndbox>
  </object>
  <object>
    <name>bird</name>
    <bndbox>
      <xmin>1430</xmin>
      <ymin>1021</ymin>
      <xmax>1652</xmax>
      <ymax>1261</ymax>
    </bndbox>
  </object>
  <object>
    <name>bird</name>
    <bndbox>
      <xmin>2106</xmin>
      <ymin>756</ymin>
      <xmax>2480</xmax>
      <ymax>933</ymax>
    </bndbox>
  </object>
  <object>
    <name>bird</name>
    <bndbox>
      <xmin>1614</xmin>
      <ymin>705</ymin>
      <xmax>2031</xmax>
      <ymax>904</ymax>
    </bndbox>
  </object>
  <object>
    <name>bird</name>
    <bndbox>
      <xmin>846</xmin>
      <ymin>1934</ymin>
      <xmax>1217</xmax>
      <ymax>2160</ymax>
    </bndbox>
  </object>
  <object>
    <name>bird</name>
    <bndbox>
      <xmin>833</xmin>
      <ymin>1104</ymin>
      <xmax>1176</xmax>
      <ymax>1308</ymax>
    </bndbox>
  </object>
</annotation>
