<?xml version='1.0' encoding='UTF-8'?>
<annotation>
  <folder>images</folder>
  <filename>frame_37.jpg</filename>
  <object>
    <name>bird</name>
    <bndbox>
      <xmin>490</xmin>
      <ymin>449</ymin>
      <xmax>804</xmax>
      <ymax>817</ymax>
    </bndbox>
  </object>
  <object>
    <name>bird</name>
    <bndbox>
      <xmin>1005</xmin>
      <ymin>0</ymin>
      <xmax>1251</xmax>
      <ymax>189</ymax>
    </bndbox>
  </object>
  <object>
    <name>bird</name>
    <bndbox>
      <xmin>1556</xmin>
      <ymin>558</ymin>
      <xmax>2188</xmax>
      <ymax>1036</ymax>
    </bndbox>
  </object>
  <object>
    <name>bird</name>
    <bndbox>
      <xmin>1261</xmin>
      <ymin>613</ymin>
      <xmax>1591</xmax>
      <ymax>1037</ymax>
    </bndbox>
  </object>
  <object>
    <name>bird</name>
    <bndbox>
      <xmin>1049</xmin>
      <ymin>551</ymin>
      <xmax>1315</xmax>
      <ymax>1024</ymax>
    </bndbox>
  </object>
  <object>
    <name>bird</name>
    <bndbox>
      <xmin>1571</xmin>
      <ymin>1244</ymin>
      <xmax>2124</xmax>
      <ymax>1544</ymax>
    </bndbox>
  </object>
  <object>
    <name>bird</name>
    <bndbox>
      <xmin>2115</xmin>
      <ymin>724</ymin>
      <xmax>2678</xmax>
      <ymax>989</ymax>
    </bndbox>
  </object>
  <object>
    <name>bird</name>
    <bndbox>
      <xmin>2148</xmin>
      <ymin>200</ymin>
      <xmax>2624</xmax>
      <ymax>551</ymax>
    </bndbox>
  </object>
  <object>
    <name>bird</name>
    <bndbox>
      <xmin>517</xmin>
      <ymin>739</ymin>
      <xmax>1066</xmax>
      <ymax>1108</ymax>
    </bndbox>
  </object>
  <object>
    <name>bird</name>
    <bndbox>
      <xmin>1824</xmin>
      <ymin>888</ymin>
      <xmax>2308</xmax>
      <ymax>1147</ymax>
    </bndbox>
  </object>
  <object>
    <name>bird</name>
    <bndbox>
      <xmin>744</xmin>
      <ymin>0</ymin>
      <xmax>929</xmax>
      <ymax>106</ymax>
    </bndbox>
  </object>
</annotation>
