<?xml version='1.0' encoding='UTF-8'?>
<annotation>
  <folder>images</folder>
  <filename>frame_209.jpg</filename>
  <object>
    <name>bird</name>
    <bndbox>
      <xmin>2034</xmin>
      <ymin>1162</ymin>
      <xmax>2431</xmax>
      <ymax>1419</ymax>
    </bndbox>
  </object>
  <object>
    <name>bird</name>
    <bndbox>
      <xmin>1943</xmin>
      <ymin>633</ymin>
      <xmax>2248</xmax>
      <ymax>947</ymax>
    </bndbox>
  </object>
  <object>
    <name>bird</name>
    <bndbox>
      <xmin>3141</xmin>
      <ymin>1371</ymin>
      <xmax>3840</xmax>
      <ymax>1808</ymax>
    </bndbox>
  </object>
  <object>
    <name>bird</name>
    <bndbox>
      <xmin>2165</xmin>
      <ymin>823</ymin>
      <xmax>2602</xmax>
      <ymax>988</ymax>
    </bndbox>
  </object>
  <object>
    <name>bird</name>
    <bndbox>
      <xmin>873</xmin>
      <ymin>1050</ymin>
      <xmax>1331</xmax>
      <ymax>1256</ymax>
    </bndbox>
  </object>
  <object>
    <name>bird</name>
    <bndbox>
      <xmin>127</xmin>
      <ymin>1126</ymin>
      <xmax>291</xmax>
      <ymax>1440</ymax>
    </bndbox>
  </object>
  <object>
    <name>bird</name>
    <bndbox>
      <xmin>1145</xmin>
      <ymin>1034</ymin>
      <xmax>1703</xmax>
      <ymax>1296</ymax>
    </bndbox>
  </object>
  <object>
    <name>bird</name>
    <bndbox>
      <xmin>2108</xmin>
      <ymin>945</ymin>
      <xmax>2664</xmax>
      <ymax>1209</ymax>
    </bndbox>
  </object>
  <object>
    <name>bird</name>
    <bndbox>
      <xmin>1621</xmin>
      <ymin>1054</ymin>
      <xmax>2199</xmax>
      <ymax>1286</ymax>
    </bndbox>
  </object>
</annotation>
