<?xml version='1.0' encoding='UTF-8'?>
<annotation>
  <folder>images</folder>
  <filename>frame_191.jpg</filename>
  <object>
    <name>bird</name>
    <bndbox>
      <xmin>1360</xmin>
      <ymin>1094</ymin>
      <xmax>1900</xmax>
      <ymax>1379</ymax>
    </bndbox>
  </object>
  <object>
    <name>bird</name>
    <bndbox>
      <xmin>2390</xmin>
      <ymin>1010</ymin>
      <xmax>2822</xmax>
      <ymax>1224</ymax>
    </bndbox>
  </object>
  <object>
    <name>bird</name>
    <bndbox>
      <xmin>2290</xmin>
      <ymin>575</ymin>
      <xmax>2694</xmax>
      <ymax>894</ymax>
    </bndbox>
  </object>
  <object>
    <name>bird</name>
    <bndbox>
      <xmin>2100</xmin>
      <ymin>1629</ymin>
      <xmax>2894</xmax>
      <ymax>1973</ymax>
    </bndbox>
  </object>
  <object>
    <name>bird</name>
    <bndbox>
      <xmin>1726</xmin>
      <ymin>593</ymin>
      <xmax>2001</xmax>
      <ymax>802</ymax>
    </bndbox>
  </object>
  <object>
    <name>bird</name>
    <bndbox>
      <xmin>2460</xmin>
      <ymin>786</ymin>
      <xmax>2904</xmax>
      <ymax>981</ymax>
    </bndbox>
  </object>
  <object>
    <name>bird</name>
    <bndbox>
      <xmin>1429</xmin>
      <ymin>791</ymin>
      <xmax>1814</xmax>
      <ymax>1024</ymax>
    </bndbox>
  </object>
  <object>
    <name>bird</name>
    <bndbox>
      <xmin>1692</xmin>
      <ymin>992</ymin>
      <xmax>2268</xmax>
      <ymax>1249</ymax>
    </bndbox>
  </object>
</annotation>
