<?xml version='1.0' encoding='UTF-8'?>
<annotation>
  <folder>images</folder>
  <filename>frame_36.jpg</filename>
  <object>
    <name>bird</name>
    <bndbox>
      <xmin>475</xmin>
      <ymin>422</ymin>
      <xmax>787</xmax>
      <ymax>790</ymax>
    </bndbox>
  </object>
  <object>
    <name>bird</name>
    <bndbox>
      <xmin>1023</xmin>
      <ymin>0</ymin>
      <xmax>1238</xmax>
      <ymax>162</ymax>
    </bndbox>
  </object>
  <object>
    <name>bird</name>
    <bndbox>
      <xmin>1517</xmin>
      <ymin>547</ymin>
      <xmax>2152</xmax>
      <ymax>1014</ymax>
    </bndbox>
  </object>
  <object>
    <name>bird</name>
    <bndbox>
      <xmin>1232</xmin>
      <ymin>597</ymin>
      <xmax>1547</xmax>
      <ymax>1005</ymax>
    </bndbox>
  </object>
  <object>
    <name>bird</name>
    <bndbox>
      <xmin>1014</xmin>
      <ymin>523</ymin>
      <xmax>1283</xmax>
      <ymax>998</ymax>
    </bndbox>
  </object>
  <object>
    <name>bird</name>
    <bndbox>
      <xmin>1529</xmin>
      <ymin>1221</ymin>
      <xmax>2056</xmax>
      <ymax>1508</ymax>
    </bndbox>
  </object>
  <object>
    <name>bird</name>
    <bndbox>
      <xmin>2059</xmin>
      <ymin>707</ymin>
      <xmax>2626</xmax>
      <ymax>973</ymax>
    </bndbox>
  </object>
  <object>
    <name>bird</name>
    <bndbox>
      <xmin>2091</xmin>
      <ymin>184</ymin>
      <xmax>2574</xmax>
      <ymax>548</ymax>
    </bndbox>
  </object>
  <object>
    <name>bird</name>
    <bndbox>
      <xmin>500</xmin>
      <ymin>718</ymin>
      <xmax>1035</xmax>
      <ymax>1078</ymax>
    </bndbox>
  </object>
  <object>
    <name>bird</name>
    <bndbox>
      <xmin>1767</xmin>
      <ymin>868</ymin>
      <xmax>2264</xmax>
      <ymax>1130</ymax>
    </bndbox>
  </object>
</annotation>
