<?xml version='1.0' encoding='UTF-8'?>
<annotation>
  <folder>images</folder>
  <filename>frame_19.jpg</filename>
  <object>
    <name>bird</name>
    <bndbox>
      <xmin>555</xmin>
      <ymin>312</ymin>
      <xmax>960</xmax>
      <ymax>739</ymax>
    </bndbox>
  </object>
  <object>
    <name>bird</name>
    <bndbox>
      <xmin>2192</xmin>
      <ymin>401</ymin>
      <xmax>2728</xmax>
      <ymax>683</ymax>
    </bndbox>
  </object>
  <object>
    <name>bird</name>
    <bndbox>
      <xmin>501</xmin>
      <ymin>670</ymin>
      <xmax>1053</xmax>
      <ymax>1027</ymax>
    </bndbox>
  </object>
  <object>
    <name>bird</name>
    <bndbox>
      <xmin>1230</xmin>
      <ymin>82</ymin>
      <xmax>1694</xmax>
      <ymax>369</ymax>
    </bndbox>
  </object>
  <object>
    <name>bird</name>
    <bndbox>
      <xmin>1574</xmin>
      <ymin>612</ymin>
      <xmax>2005</xmax>
      <ymax>931</ymax>
    </bndbox>
  </object>
  <object>
    <name>bird</name>
    <bndbox>
      <xmin>1222</xmin>
      <ymin>583</ymin>
      <xmax>1504</xmax>
      <ymax>1021</ymax>
    </bndbox>
  </object>
  <object>
    <name>bird</name>
    <bndbox>
      <xmin>1062</xmin>
      <ymin>486</ymin>
      <xmax>1344</xmax>
      <ymax>938</ymax>
    </bndbox>
  </object>
  <object>
    <name>bird</name>
    <bndbox>
      <xmin>1528</xmin>
      <ymin>1202</ymin>
      <xmax>1930</xmax>
      <ymax>1492</ymax>
    </bndbox>
  </object>
  <object>
    <name>bird</name>
    <bndbox>
      <xmin>1656</xmin>
      <ymin>876</ymin>
      <xmax>2133</xmax>
      <ymax>1112</ymax>
    </bndbox>
  </object>
  <object>
    <name>bird</name>
    <bndbox>
      <xmin>2073</xmin>
      <ymin>717</ymin>
      <xmax>2491</xmax>
      <ymax>980</ymax>
    </bndbox>
  </object>
  <object>
    <name>bird</name>
    <bndbox>
      <xmin>1022</xmin>
      <ymin>0</ymin>
      <xmax>1219</xmax>
      <ymax>112</ymax>
    </bndbox>
  </object>
  <object>
    <name>bird</name>
    <bndbox>
      <xmin>1497</xmin>
      <ymin>0</ymin>
      <xmax>1839</xmax>
      <ymax>120</ymax>
    </bndbox>
  </object>
</annotation>
