<?xml version='1.0' encoding='UTF-8'?>
<annotation>
  <folder>images</folder>
  <filename>frame_232.jpg</filename>
  <object>
    <name>bird</name>
    <bndbox>
      <xmin>2902</xmin>
      <ymin>1131</ymin>
      <xmax>3394</xmax>
      <ymax>1396</ymax>
    </bndbox>
  </object>
  <object>
    <name>bird</name>
    <bndbox>
      <xmin>1426</xmin>
      <ymin>1350</ymin>
      <xmax>1932</xmax>
      <ymax>1688</ymax>
    </bndbox>
  </object>
  <object>
    <name>bird</name>
    <bndbox>
      <xmin>2172</xmin>
      <ymin>1095</ymin>
      <xmax>2517</xmax>
      <ymax>1420</ymax>
    </bndbox>
  </object>
  <object>
    <name>bird</name>
    <bndbox>
      <xmin>1692</xmin>
      <ymin>1142</ymin>
      <xmax>2085</xmax>
      <ymax>1349</ymax>
    </bndbox>
  </object>
</annotation>
