<?xml version='1.0' encoding='UTF-8'?>
<annotation>
  <folder>images</folder>
  <filename>frame_127.jpg</filename>
  <object>
    <name>bird</name>
    <bndbox>
      <xmin>1793</xmin>
      <ymin>1367</ymin>
      <xmax>2208</xmax>
      <ymax>1631</ymax>
    </bndbox>
  </object>
  <object>
    <name>bird</name>
    <bndbox>
      <xmin>996</xmin>
      <ymin>1191</ymin>
      <xmax>1594</xmax>
      <ymax>1498</ymax>
    </bndbox>
  </object>
  <object>
    <name>bird</name>
    <bndbox>
      <xmin>1365</xmin>
      <ymin>836</ymin>
      <xmax>1615</xmax>
      <ymax>1281</ymax>
    </bndbox>
  </object>
  <object>
    <name>bird</name>
    <bndbox>
      <xmin>2273</xmin>
      <ymin>1022</ymin>
      <xmax>2806</xmax>
      <ymax>1347</ymax>
    </bndbox>
  </object>
  <object>
    <name>bird</name>
    <bndbox>
      <xmin>1535</xmin>
      <ymin>1046</ymin>
      <xmax>2287</xmax>
      <ymax>1353</ymax>
    </bndbox>
  </object>
  <object>
    <name>bird</name>
    <bndbox>
      <xmin>1660</xmin>
      <ymin>644</ymin>
      <xmax>1877</xmax>
      <ymax>977</ymax>
    </bndbox>
  </object>
  <object>
    <name>bird</name>
    <bndbox>
      <xmin>1562</xmin>
      <ymin>785</ymin>
      <xmax>1801</xmax>
      <ymax>1186</ymax>
    </bndbox>
  </object>
  <object>
    <name>bird</name>
    <bndbox>
      <xmin>157</xmin>
      <ymin>622</ymin>
      <xmax>368</xmax>
      <ymax>973</ymax>
    </bndbox>
  </object>
  <object>
    <name>bird</name>
    <bndbox>
      <xmin>950</xmin>
      <ymin>894</ymin>
      <xmax>1360</xmax>
      <ymax>1116</ymax>
    </bndbox>
  </object>
  <object>
    <name>bird</name>
    <bndbox>
      <xmin>1824</xmin>
      <ymin>1183</ymin>
      <xmax>2293</xmax>
      <ymax>1411</ymax>
    </bndbox>
  </object>
  <object>
    <name>bird</name>
    <bndbox>
      <xmin>675</xmin>
      <ymin>1074</ymin>
      <xmax>1132</xmax>
      <ymax>1311</ymax>
    </bndbox>
  </object>
  <object>
    <name>bird</name>
    <bndbox>
      <xmin>0</xmin>
      <ymin>1316</ymin>
      <xmax>171</xmax>
      <ymax>1637</ymax>
    </bndbox>
  </object>
  <object>
    <name>bird</name>
    <bndbox>
      <xmin>2030</xmin>
      <ymin>905</ymin>
      <xmax>2412</xmax>
      <ymax>1067</ymax>
    </bndbox>
  </object>
</annotation>
