<?xml version='1.0' encoding='UTF-8'?>
<annotation>
  <folder>images</folder>
  <filename>frame_336.jpg</filename>
  <object>
    <name>bird</name>
    <bndbox>
      <xmin>1449</xmin>
      <ymin>1715</ymin>
      <xmax>2044</xmax>
      <ymax>1975</ymax>
    </bndbox>
  </object>
  <object>
    <name>bird</name>
    <bndbox>
      <xmin>415</xmin>
      <ymin>1235</ymin>
      <xmax>867</xmax>
      <ymax>1468</ymax>
    </bndbox>
  </object>
  <object>
    <name>bird</name>
    <bndbox>
      <xmin>540</xmin>
      <ymin>1774</ymin>
      <xmax>921</xmax>
      <ymax>2159</ymax>
    </bndbox>
  </object>
  <object>
    <name>bird</name>
    <bndbox>
      <xmin>2927</xmin>
      <ymin>1018</ymin>
      <xmax>3258</xmax>
      <ymax>1299</ymax>
    </bndbox>
  </object>
  <object>
    <name>bird</name>
    <bndbox>
      <xmin>1092</xmin>
      <ymin>1174</ymin>
      <xmax>1426</xmax>
      <ymax>1402</ymax>
    </bndbox>
  </object>
  <object>
    <name>bird</name>
    <bndbox>
      <xmin>1424</xmin>
      <ymin>1073</ymin>
      <xmax>1743</xmax>
      <ymax>1294</ymax>
    </bndbox>
  </object>
  <object>
    <name>bird</name>
    <bndbox>
      <xmin>883</xmin>
      <ymin>747</ymin>
      <xmax>1183</xmax>
      <ymax>964</ymax>
    </bndbox>
  </object>
  <object>
    <name>bird</name>
    <bndbox>
      <xmin>2795</xmin>
      <ymin>1593</ymin>
      <xmax>3089</xmax>
      <ymax>1958</ymax>
    </bndbox>
  </object>
  <object>
    <name>bird</name>
    <bndbox>
      <xmin>1873</xmin>
      <ymin>807</ymin>
      <xmax>2239</xmax>
      <ymax>991</ymax>
    </bndbox>
  </object>
  <object>
    <name>bird</name>
    <bndbox>
      <xmin>1429</xmin>
      <ymin>880</ymin>
      <xmax>1714</xmax>
      <ymax>1089</ymax>
    </bndbox>
  </object>
  <object>
    <name>bird</name>
    <bndbox>
      <xmin>893</xmin>
      <ymin>941</ymin>
      <xmax>1292</xmax>
      <ymax>1140</ymax>
    </bndbox>
  </object>
  <object>
    <name>bird</name>
    <bndbox>
      <xmin>1984</xmin>
      <ymin>1035</ymin>
      <xmax>2309</xmax>
      <ymax>1237</ymax>
    </bndbox>
  </object>
  <object>
    <name>bird</name>
    <bndbox>
      <xmin>1964</xmin>
      <ymin>921</ymin>
      <xmax>2299</xmax>
      <ymax>1055</ymax>
    </bndbox>
  </object>
</annotation>
