<?xml version='1.0' encoding='UTF-8'?>
<annotation>
  <folder>images</folder>
  <filename>frame_98.jpg</filename>
  <object>
    <name>bird</name>
    <bndbox>
      <xmin>497</xmin>
      <ymin>621</ymin>
      <xmax>736</xmax>
      <ymax>1013</ymax>
    </bndbox>
  </object>
  <object>
    <name>bird</name>
    <bndbox>
      <xmin>3056</xmin>
      <ymin>1092</ymin>
      <xmax>3375</xmax>
      <ymax>1386</ymax>
    </bndbox>
  </object>
  <object>
    <name>bird</name>
    <bndbox>
      <xmin>1555</xmin>
      <ymin>592</ymin>
      <xmax>1837</xmax>
      <ymax>989</ymax>
    </bndbox>
  </object>
  <object>
    <name>bird</name>
    <bndbox>
      <xmin>1579</xmin>
      <ymin>1216</ymin>
      <xmax>2144</xmax>
      <ymax>1509</ymax>
    </bndbox>
  </object>
  <object>
    <name>bird</name>
    <bndbox>
      <xmin>1413</xmin>
      <ymin>957</ymin>
      <xmax>2031</xmax>
      <ymax>1242</ymax>
    </bndbox>
  </object>
  <object>
    <name>bird</name>
    <bndbox>
      <xmin>2901</xmin>
      <ymin>869</ymin>
      <xmax>3310</xmax>
      <ymax>1158</ymax>
    </bndbox>
  </object>
  <object>
    <name>bird</name>
    <bndbox>
      <xmin>2259</xmin>
      <ymin>493</ymin>
      <xmax>3109</xmax>
      <ymax>880</ymax>
    </bndbox>
  </object>
</annotation>
