<?xml version='1.0' encoding='UTF-8'?>
<annotation>
  <folder>images</folder>
  <filename>frame_14.jpg</filename>
  <object>
    <name>bird</name>
    <bndbox>
      <xmin>543</xmin>
      <ymin>280</ymin>
      <xmax>1042</xmax>
      <ymax>699</ymax>
    </bndbox>
  </object>
  <object>
    <name>bird</name>
    <bndbox>
      <xmin>2321</xmin>
      <ymin>370</ymin>
      <xmax>2850</xmax>
      <ymax>672</ymax>
    </bndbox>
  </object>
  <object>
    <name>bird</name>
    <bndbox>
      <xmin>502</xmin>
      <ymin>662</ymin>
      <xmax>1084</xmax>
      <ymax>1032</ymax>
    </bndbox>
  </object>
  <object>
    <name>bird</name>
    <bndbox>
      <xmin>1388</xmin>
      <ymin>63</ymin>
      <xmax>1807</xmax>
      <ymax>348</ymax>
    </bndbox>
  </object>
  <object>
    <name>bird</name>
    <bndbox>
      <xmin>1514</xmin>
      <ymin>594</ymin>
      <xmax>2008</xmax>
      <ymax>1038</ymax>
    </bndbox>
  </object>
  <object>
    <name>bird</name>
    <bndbox>
      <xmin>1242</xmin>
      <ymin>571</ymin>
      <xmax>1523</xmax>
      <ymax>1006</ymax>
    </bndbox>
  </object>
  <object>
    <name>bird</name>
    <bndbox>
      <xmin>1087</xmin>
      <ymin>471</ymin>
      <xmax>1363</xmax>
      <ymax>925</ymax>
    </bndbox>
  </object>
  <object>
    <name>bird</name>
    <bndbox>
      <xmin>1590</xmin>
      <ymin>1165</ymin>
      <xmax>1936</xmax>
      <ymax>1472</ymax>
    </bndbox>
  </object>
  <object>
    <name>bird</name>
    <bndbox>
      <xmin>1585</xmin>
      <ymin>854</ymin>
      <xmax>2101</xmax>
      <ymax>1103</ymax>
    </bndbox>
  </object>
  <object>
    <name>bird</name>
    <bndbox>
      <xmin>1999</xmin>
      <ymin>676</ymin>
      <xmax>2478</xmax>
      <ymax>1054</ymax>
    </bndbox>
  </object>
  <object>
    <name>bird</name>
    <bndbox>
      <xmin>1046</xmin>
      <ymin>0</ymin>
      <xmax>1228</xmax>
      <ymax>105</ymax>
    </bndbox>
  </object>
  <object>
    <name>bird</name>
    <bndbox>
      <xmin>2077</xmin>
      <ymin>1047</ymin>
      <xmax>2591</xmax>
      <ymax>1284</ymax>
    </bndbox>
  </object>
  <object>
    <name>bird</name>
    <bndbox>
      <xmin>1235</xmin>
      <ymin>1028</ymin>
      <xmax>1708</xmax>
      <ymax>1288</ymax>
    </bndbox>
  </object>
  <object>
    <name>bird</name>
    <bndbox>
      <xmin>2179</xmin>
      <ymin>913</ymin>
      <xmax>2598</xmax>
      <ymax>1097</ymax>
    </bndbox>
  </object>
  <object>
    <name>bird</name>
    <bndbox>
      <xmin>816</xmin>
      <ymin>923</ymin>
      <xmax>1471</xmax>
      <ymax>1185</ymax>
    </bndbox>
  </object>
</annotation>
