<?xml version='1.0' encoding='UTF-8'?>
<annotation>
  <folder>images</folder>
  <filename>frame_65.jpg</filename>
  <object>
    <name>bird</name>
    <bndbox>
      <xmin>678</xmin>
      <ymin>706</ymin>
      <xmax>1269</xmax>
      <ymax>1025</ymax>
    </bndbox>
  </object>
  <object>
    <name>bird</name>
    <bndbox>
      <xmin>2355</xmin>
      <ymin>1217</ymin>
      <xmax>3059</xmax>
      <ymax>1574</ymax>
    </bndbox>
  </object>
  <object>
    <name>bird</name>
    <bndbox>
      <xmin>2173</xmin>
      <ymin>696</ymin>
      <xmax>2826</xmax>
      <ymax>962</ymax>
    </bndbox>
  </object>
  <object>
    <name>bird</name>
    <bndbox>
      <xmin>1538</xmin>
      <ymin>147</ymin>
      <xmax>2034</xmax>
      <ymax>454</ymax>
    </bndbox>
  </object>
  <object>
    <name>bird</name>
    <bndbox>
      <xmin>1194</xmin>
      <ymin>776</ymin>
      <xmax>1544</xmax>
      <ymax>1273</ymax>
    </bndbox>
  </object>
  <object>
    <name>bird</name>
    <bndbox>
      <xmin>1482</xmin>
      <ymin>1187</ymin>
      <xmax>2013</xmax>
      <ymax>1539</ymax>
    </bndbox>
  </object>
  <object>
    <name>bird</name>
    <bndbox>
      <xmin>523</xmin>
      <ymin>977</ymin>
      <xmax>1158</xmax>
      <ymax>1560</ymax>
    </bndbox>
  </object>
  <object>
    <name>bird</name>
    <bndbox>
      <xmin>1507</xmin>
      <ymin>672</ymin>
      <xmax>1918</xmax>
      <ymax>1215</ymax>
    </bndbox>
  </object>
  <object>
    <name>bird</name>
    <bndbox>
      <xmin>284</xmin>
      <ymin>31</ymin>
      <xmax>838</xmax>
      <ymax>251</ymax>
    </bndbox>
  </object>
  <object>
    <name>bird</name>
    <bndbox>
      <xmin>1861</xmin>
      <ymin>614</ymin>
      <xmax>2243</xmax>
      <ymax>1155</ymax>
    </bndbox>
  </object>
  <object>
    <name>bird</name>
    <bndbox>
      <xmin>2024</xmin>
      <ymin>1070</ymin>
      <xmax>2438</xmax>
      <ymax>1433</ymax>
    </bndbox>
  </object>
  <object>
    <name>bird</name>
    <bndbox>
      <xmin>2739</xmin>
      <ymin>1088</ymin>
      <xmax>3291</xmax>
      <ymax>1335</ymax>
    </bndbox>
  </object>
</annotation>
