<?xml version='1.0' encoding='UTF-8'?>
<annotation>
  <folder>images</folder>
  <filename>frame_92.jpg</filename>
  <object>
    <name>bird</name>
    <bndbox>
      <xmin>197</xmin>
      <ymin>256</ymin>
      <xmax>622</xmax>
      <ymax>608</ymax>
    </bndbox>
  </object>
  <object>
    <name>bird</name>
    <bndbox>
      <xmin>1793</xmin>
      <ymin>771</ymin>
      <xmax>2168</xmax>
      <ymax>1088</ymax>
    </bndbox>
  </object>
  <object>
    <name>bird</name>
    <bndbox>
      <xmin>1218</xmin>
      <ymin>919</ymin>
      <xmax>1782</xmax>
      <ymax>1196</ymax>
    </bndbox>
  </object>
  <object>
    <name>bird</name>
    <bndbox>
      <xmin>573</xmin>
      <ymin>516</ymin>
      <xmax>1403</xmax>
      <ymax>898</ymax>
    </bndbox>
  </object>
  <object>
    <name>bird</name>
    <bndbox>
      <xmin>1324</xmin>
      <ymin>492</ymin>
      <xmax>1670</xmax>
      <ymax>753</ymax>
    </bndbox>
  </object>
  <object>
    <name>bird</name>
    <bndbox>
      <xmin>1759</xmin>
      <ymin>406</ymin>
      <xmax>2024</xmax>
      <ymax>834</ymax>
    </bndbox>
  </object>
  <object>
    <name>bird</name>
    <bndbox>
      <xmin>2014</xmin>
      <ymin>718</ymin>
      <xmax>2631</xmax>
      <ymax>993</ymax>
    </bndbox>
  </object>
  <object>
    <name>bird</name>
    <bndbox>
      <xmin>2581</xmin>
      <ymin>569</ymin>
      <xmax>3034</xmax>
      <ymax>821</ymax>
    </bndbox>
  </object>
  <object>
    <name>bird</name>
    <bndbox>
      <xmin>2541</xmin>
      <ymin>773</ymin>
      <xmax>3208</xmax>
      <ymax>1084</ymax>
    </bndbox>
  </object>
</annotation>
