<?xml version='1.0' encoding='UTF-8'?>
<annotation>
  <folder>images</folder>
  <filename>frame_153.jpg</filename>
  <object>
    <name>bird</name>
    <bndbox>
      <xmin>1110</xmin>
      <ymin>1275</ymin>
      <xmax>1770</xmax>
      <ymax>1566</ymax>
    </bndbox>
  </object>
  <object>
    <name>bird</name>
    <bndbox>
      <xmin>1425</xmin>
      <ymin>980</ymin>
      <xmax>1668</xmax>
      <ymax>1363</ymax>
    </bndbox>
  </object>
  <object>
    <name>bird</name>
    <bndbox>
      <xmin>84</xmin>
      <ymin>1356</ymin>
      <xmax>624</xmax>
      <ymax>1650</ymax>
    </bndbox>
  </object>
  <object>
    <name>bird</name>
    <bndbox>
      <xmin>1671</xmin>
      <ymin>888</ymin>
      <xmax>1883</xmax>
      <ymax>1192</ymax>
    </bndbox>
  </object>
  <object>
    <name>bird</name>
    <bndbox>
      <xmin>814</xmin>
      <ymin>1161</ymin>
      <xmax>1224</xmax>
      <ymax>1399</ymax>
    </bndbox>
  </object>
  <object>
    <name>bird</name>
    <bndbox>
      <xmin>1754</xmin>
      <ymin>752</ymin>
      <xmax>1976</xmax>
      <ymax>1114</ymax>
    </bndbox>
  </object>
  <object>
    <name>bird</name>
    <bndbox>
      <xmin>1668</xmin>
      <ymin>1147</ymin>
      <xmax>2114</xmax>
      <ymax>1405</ymax>
    </bndbox>
  </object>
  <object>
    <name>bird</name>
    <bndbox>
      <xmin>1980</xmin>
      <ymin>1424</ymin>
      <xmax>2303</xmax>
      <ymax>1672</ymax>
    </bndbox>
  </object>
  <object>
    <name>bird</name>
    <bndbox>
      <xmin>2111</xmin>
      <ymin>1227</ymin>
      <xmax>2408</xmax>
      <ymax>1446</ymax>
    </bndbox>
  </object>
  <object>
    <name>bird</name>
    <bndbox>
      <xmin>1987</xmin>
      <ymin>772</ymin>
      <xmax>2255</xmax>
      <ymax>1091</ymax>
    </bndbox>
  </object>
  <object>
    <name>bird</name>
    <bndbox>
      <xmin>2452</xmin>
      <ymin>1046</ymin>
      <xmax>2692</xmax>
      <ymax>1381</ymax>
    </bndbox>
  </object>
</annotation>
