<?xml version='1.0' encoding='UTF-8'?>
<annotation>
  <folder>images</folder>
  <filename>frame_276.jpg</filename>
  <object>
    <name>bird</name>
    <bndbox>
      <xmin>2676</xmin>
      <ymin>1143</ymin>
      <xmax>3349</xmax>
      <ymax>1580</ymax>
    </bndbox>
  </object>
  <object>
    <name>bird</name>
    <bndbox>
      <xmin>2636</xmin>
      <ymin>1009</ymin>
      <xmax>3067</xmax>
      <ymax>1259</ymax>
    </bndbox>
  </object>
  <object>
    <name>bird</name>
    <bndbox>
      <xmin>2516</xmin>
      <ymin>717</ymin>
      <xmax>2761</xmax>
      <ymax>922</ymax>
    </bndbox>
  </object>
  <object>
    <name>bird</name>
    <bndbox>
      <xmin>0</xmin>
      <ymin>1659</ymin>
      <xmax>660</xmax>
      <ymax>2126</ymax>
    </bndbox>
  </object>
  <object>
    <name>bird</name>
    <bndbox>
      <xmin>947</xmin>
      <ymin>938</ymin>
      <xmax>1416</xmax>
      <ymax>1295</ymax>
    </bndbox>
  </object>
  <object>
    <name>bird</name>
    <bndbox>
      <xmin>2029</xmin>
      <ymin>1781</ymin>
      <xmax>2347</xmax>
      <ymax>2156</ymax>
    </bndbox>
  </object>
  <object>
    <name>bird</name>
    <bndbox>
      <xmin>1506</xmin>
      <ymin>1014</ymin>
      <xmax>1747</xmax>
      <ymax>1223</ymax>
    </bndbox>
  </object>
  <object>
    <name>bird</name>
    <bndbox>
      <xmin>2164</xmin>
      <ymin>875</ymin>
      <xmax>2480</xmax>
      <ymax>1250</ymax>
    </bndbox>
  </object>
  <object>
    <name>bird</name>
    <bndbox>
      <xmin>1202</xmin>
      <ymin>895</ymin>
      <xmax>1673</xmax>
      <ymax>1110</ymax>
    </bndbox>
  </object>
  <object>
    <name>bird</name>
    <bndbox>
      <xmin>2061</xmin>
      <ymin>692</ymin>
      <xmax>2455</xmax>
      <ymax>928</ymax>
    </bndbox>
  </object>
</annotation>
