<?xml version='1.0' encoding='UTF-8'?>
<annotation>
  <folder>images</folder>
  <filename>frame_364.jpg</filename>
  <object>
    <name>bird</name>
    <bndbox>
      <xmin>1634</xmin>
      <ymin>1495</ymin>
      <xmax>2235</xmax>
      <ymax>1909</ymax>
    </bndbox>
  </object>
  <object>
    <name>bird</name>
    <bndbox>
      <xmin>533</xmin>
      <ymin>898</ymin>
      <xmax>781</xmax>
      <ymax>1136</ymax>
    </bndbox>
  </object>
  <object>
    <name>bird</name>
    <bndbox>
      <xmin>665</xmin>
      <ymin>1763</ymin>
      <xmax>1104</xmax>
      <ymax>2157</ymax>
    </bndbox>
  </object>
  <object>
    <name>bird</name>
    <bndbox>
      <xmin>3019</xmin>
      <ymin>1557</ymin>
      <xmax>3268</xmax>
      <ymax>1862</ymax>
    </bndbox>
  </object>
  <object>
    <name>bird</name>
    <bndbox>
      <xmin>950</xmin>
      <ymin>1149</ymin>
      <xmax>1440</xmax>
      <ymax>1384</ymax>
    </bndbox>
  </object>
  <object>
    <name>bird</name>
    <bndbox>
      <xmin>934</xmin>
      <ymin>1655</ymin>
      <xmax>1449</xmax>
      <ymax>2019</ymax>
    </bndbox>
  </object>
  <object>
    <name>bird</name>
    <bndbox>
      <xmin>959</xmin>
      <ymin>938</ymin>
      <xmax>1403</xmax>
      <ymax>1162</ymax>
    </bndbox>
  </object>
  <object>
    <name>bird</name>
    <bndbox>
      <xmin>1489</xmin>
      <ymin>659</ymin>
      <xmax>1769</xmax>
      <ymax>835</ymax>
    </bndbox>
  </object>
  <object>
    <name>bird</name>
    <bndbox>
      <xmin>2121</xmin>
      <ymin>1039</ymin>
      <xmax>2383</xmax>
      <ymax>1249</ymax>
    </bndbox>
  </object>
  <object>
    <name>bird</name>
    <bndbox>
      <xmin>1640</xmin>
      <ymin>1052</ymin>
      <xmax>1884</xmax>
      <ymax>1239</ymax>
    </bndbox>
  </object>
  <object>
    <name>bird</name>
    <bndbox>
      <xmin>1268</xmin>
      <ymin>1965</ymin>
      <xmax>1859</xmax>
      <ymax>2153</ymax>
    </bndbox>
  </object>
  <object>
    <name>bird</name>
    <bndbox>
      <xmin>1322</xmin>
      <ymin>938</ymin>
      <xmax>1798</xmax>
      <ymax>1202</ymax>
    </bndbox>
  </object>
</annotation>
