<?xml version='1.0' encoding='UTF-8'?>
<annotation>
  <folder>images</folder>
  <filename>frame_349.jpg</filename>
  <object>
    <name>bird</name>
    <bndbox>
      <xmin>1437</xmin>
      <ymin>1716</ymin>
      <xmax>2098</xmax>
      <ymax>2005</ymax>
    </bndbox>
  </object>
  <object>
    <name>bird</name>
    <bndbox>
      <xmin>193</xmin>
      <ymin>1107</ymin>
      <xmax>753</xmax>
      <ymax>1449</ymax>
    </bndbox>
  </object>
  <object>
    <name>bird</name>
    <bndbox>
      <xmin>561</xmin>
      <ymin>1787</ymin>
      <xmax>932</xmax>
      <ymax>2157</ymax>
    </bndbox>
  </object>
  <object>
    <name>bird</name>
    <bndbox>
      <xmin>2843</xmin>
      <ymin>1223</ymin>
      <xmax>3100</xmax>
      <ymax>1506</ymax>
    </bndbox>
  </object>
  <object>
    <name>bird</name>
    <bndbox>
      <xmin>1109</xmin>
      <ymin>1150</ymin>
      <xmax>1440</xmax>
      <ymax>1418</ymax>
    </bndbox>
  </object>
  <object>
    <name>bird</name>
    <bndbox>
      <xmin>1447</xmin>
      <ymin>1090</ymin>
      <xmax>1765</xmax>
      <ymax>1305</ymax>
    </bndbox>
  </object>
  <object>
    <name>bird</name>
    <bndbox>
      <xmin>542</xmin>
      <ymin>1584</ymin>
      <xmax>878</xmax>
      <ymax>1894</ymax>
    </bndbox>
  </object>
  <object>
    <name>bird</name>
    <bndbox>
      <xmin>1743</xmin>
      <ymin>1105</ymin>
      <xmax>1958</xmax>
      <ymax>1340</ymax>
    </bndbox>
  </object>
  <object>
    <name>bird</name>
    <bndbox>
      <xmin>2020</xmin>
      <ymin>1060</ymin>
      <xmax>2297</xmax>
      <ymax>1257</ymax>
    </bndbox>
  </object>
  <object>
    <name>bird</name>
    <bndbox>
      <xmin>1859</xmin>
      <ymin>851</ymin>
      <xmax>2213</xmax>
      <ymax>1023</ymax>
    </bndbox>
  </object>
  <object>
    <name>bird</name>
    <bndbox>
      <xmin>1339</xmin>
      <ymin>2019</ymin>
      <xmax>1768</xmax>
      <ymax>2157</ymax>
    </bndbox>
  </object>
  <object>
    <name>bird</name>
    <bndbox>
      <xmin>884</xmin>
      <ymin>977</ymin>
      <xmax>1315</xmax>
      <ymax>1182</ymax>
    </bndbox>
  </object>
  <object>
    <name>bird</name>
    <bndbox>
      <xmin>1177</xmin>
      <ymin>680</ymin>
      <xmax>1614</xmax>
      <ymax>934</ymax>
    </bndbox>
  </object>
</annotation>
