<?xml version='1.0' encoding='UTF-8'?>
<annotation>
  <folder>images</folder>
  <filename>frame_123.jpg</filename>
  <object>
    <name>bird</name>
    <bndbox>
      <xmin>1747</xmin>
      <ymin>1367</ymin>
      <xmax>2156</xmax>
      <ymax>1611</ymax>
    </bndbox>
  </object>
  <object>
    <name>bird</name>
    <bndbox>
      <xmin>874</xmin>
      <ymin>1156</ymin>
      <xmax>1568</xmax>
      <ymax>1525</ymax>
    </bndbox>
  </object>
  <object>
    <name>bird</name>
    <bndbox>
      <xmin>1316</xmin>
      <ymin>808</ymin>
      <xmax>1599</xmax>
      <ymax>1299</ymax>
    </bndbox>
  </object>
  <object>
    <name>bird</name>
    <bndbox>
      <xmin>2169</xmin>
      <ymin>1046</ymin>
      <xmax>2943</xmax>
      <ymax>1484</ymax>
    </bndbox>
  </object>
  <object>
    <name>bird</name>
    <bndbox>
      <xmin>1556</xmin>
      <ymin>1045</ymin>
      <xmax>2226</xmax>
      <ymax>1304</ymax>
    </bndbox>
  </object>
  <object>
    <name>bird</name>
    <bndbox>
      <xmin>1644</xmin>
      <ymin>629</ymin>
      <xmax>1850</xmax>
      <ymax>956</ymax>
    </bndbox>
  </object>
  <object>
    <name>bird</name>
    <bndbox>
      <xmin>1543</xmin>
      <ymin>764</ymin>
      <xmax>1788</xmax>
      <ymax>1170</ymax>
    </bndbox>
  </object>
  <object>
    <name>bird</name>
    <bndbox>
      <xmin>107</xmin>
      <ymin>579</ymin>
      <xmax>250</xmax>
      <ymax>942</ymax>
    </bndbox>
  </object>
  <object>
    <name>bird</name>
    <bndbox>
      <xmin>942</xmin>
      <ymin>867</ymin>
      <xmax>1337</xmax>
      <ymax>1104</ymax>
    </bndbox>
  </object>
  <object>
    <name>bird</name>
    <bndbox>
      <xmin>1657</xmin>
      <ymin>1174</ymin>
      <xmax>2120</xmax>
      <ymax>1388</ymax>
    </bndbox>
  </object>
  <object>
    <name>bird</name>
    <bndbox>
      <xmin>2025</xmin>
      <ymin>884</ymin>
      <xmax>2393</xmax>
      <ymax>1054</ymax>
    </bndbox>
  </object>
  <object>
    <name>bird</name>
    <bndbox>
      <xmin>1825</xmin>
      <ymin>722</ymin>
      <xmax>2086</xmax>
      <ymax>971</ymax>
    </bndbox>
  </object>
</annotation>
