<?xml version='1.0' encoding='UTF-8'?>
<annotation>
  <folder>images</folder>
  <filename>frame_64.jpg</filename>
  <object>
    <name>bird</name>
    <bndbox>
      <xmin>742</xmin>
      <ymin>702</ymin>
      <xmax>1324</xmax>
      <ymax>1016</ymax>
    </bndbox>
  </object>
  <object>
    <name>bird</name>
    <bndbox>
      <xmin>2361</xmin>
      <ymin>1241</ymin>
      <xmax>3027</xmax>
      <ymax>1583</ymax>
    </bndbox>
  </object>
  <object>
    <name>bird</name>
    <bndbox>
      <xmin>2230</xmin>
      <ymin>705</ymin>
      <xmax>2848</xmax>
      <ymax>956</ymax>
    </bndbox>
  </object>
  <object>
    <name>bird</name>
    <bndbox>
      <xmin>1636</xmin>
      <ymin>151</ymin>
      <xmax>2116</xmax>
      <ymax>452</ymax>
    </bndbox>
  </object>
  <object>
    <name>bird</name>
    <bndbox>
      <xmin>1262</xmin>
      <ymin>842</ymin>
      <xmax>1549</xmax>
      <ymax>1267</ymax>
    </bndbox>
  </object>
  <object>
    <name>bird</name>
    <bndbox>
      <xmin>1484</xmin>
      <ymin>1214</ymin>
      <xmax>1991</xmax>
      <ymax>1538</ymax>
    </bndbox>
  </object>
  <object>
    <name>bird</name>
    <bndbox>
      <xmin>556</xmin>
      <ymin>976</ymin>
      <xmax>1228</xmax>
      <ymax>1564</ymax>
    </bndbox>
  </object>
  <object>
    <name>bird</name>
    <bndbox>
      <xmin>1523</xmin>
      <ymin>672</ymin>
      <xmax>1933</xmax>
      <ymax>1211</ymax>
    </bndbox>
  </object>
  <object>
    <name>bird</name>
    <bndbox>
      <xmin>339</xmin>
      <ymin>22</ymin>
      <xmax>912</xmax>
      <ymax>244</ymax>
    </bndbox>
  </object>
  <object>
    <name>bird</name>
    <bndbox>
      <xmin>1875</xmin>
      <ymin>618</ymin>
      <xmax>2271</xmax>
      <ymax>1161</ymax>
    </bndbox>
  </object>
  <object>
    <name>bird</name>
    <bndbox>
      <xmin>2018</xmin>
      <ymin>1044</ymin>
      <xmax>2455</xmax>
      <ymax>1433</ymax>
    </bndbox>
  </object>
</annotation>
