<?xml version='1.0' encoding='UTF-8'?>
<annotation>
  <folder>images</folder>
  <filename>frame_224.jpg</filename>
  <object>
    <name>bird</name>
    <bndbox>
      <xmin>1864</xmin>
      <ymin>714</ymin>
      <xmax>2156</xmax>
      <ymax>1034</ymax>
    </bndbox>
  </object>
  <object>
    <name>bird</name>
    <bndbox>
      <xmin>3232</xmin>
      <ymin>1103</ymin>
      <xmax>3602</xmax>
      <ymax>1400</ymax>
    </bndbox>
  </object>
  <object>
    <name>bird</name>
    <bndbox>
      <xmin>844</xmin>
      <ymin>1261</ymin>
      <xmax>1298</xmax>
      <ymax>1605</ymax>
    </bndbox>
  </object>
  <object>
    <name>bird</name>
    <bndbox>
      <xmin>2118</xmin>
      <ymin>1107</ymin>
      <xmax>2504</xmax>
      <ymax>1398</ymax>
    </bndbox>
  </object>
  <object>
    <name>bird</name>
    <bndbox>
      <xmin>1722</xmin>
      <ymin>1119</ymin>
      <xmax>2158</xmax>
      <ymax>1334</ymax>
    </bndbox>
  </object>
  <object>
    <name>bird</name>
    <bndbox>
      <xmin>1065</xmin>
      <ymin>819</ymin>
      <xmax>1478</xmax>
      <ymax>1017</ymax>
    </bndbox>
  </object>
  <object>
    <name>bird</name>
    <bndbox>
      <xmin>2124</xmin>
      <ymin>847</ymin>
      <xmax>2578</xmax>
      <ymax>1033</ymax>
    </bndbox>
  </object>
  <object>
    <name>bird</name>
    <bndbox>
      <xmin>1323</xmin>
      <ymin>1104</ymin>
      <xmax>1630</xmax>
      <ymax>1300</ymax>
    </bndbox>
  </object>
  <object>
    <name>bird</name>
    <bndbox>
      <xmin>1179</xmin>
      <ymin>976</ymin>
      <xmax>1597</xmax>
      <ymax>1114</ymax>
    </bndbox>
  </object>
</annotation>
