<?xml version='1.0' encoding='UTF-8'?>
<annotation>
  <folder>images</folder>
  <filename>frame_172.jpg</filename>
  <object>
    <name>bird</name>
    <bndbox>
      <xmin>627</xmin>
      <ymin>1304</ymin>
      <xmax>1224</xmax>
      <ymax>1599</ymax>
    </bndbox>
  </object>
  <object>
    <name>bird</name>
    <bndbox>
      <xmin>611</xmin>
      <ymin>1000</ymin>
      <xmax>1004</xmax>
      <ymax>1331</ymax>
    </bndbox>
  </object>
  <object>
    <name>bird</name>
    <bndbox>
      <xmin>1213</xmin>
      <ymin>1284</ymin>
      <xmax>1849</xmax>
      <ymax>1558</ymax>
    </bndbox>
  </object>
  <object>
    <name>bird</name>
    <bndbox>
      <xmin>907</xmin>
      <ymin>1143</ymin>
      <xmax>1369</xmax>
      <ymax>1374</ymax>
    </bndbox>
  </object>
  <object>
    <name>bird</name>
    <bndbox>
      <xmin>2456</xmin>
      <ymin>1039</ymin>
      <xmax>2723</xmax>
      <ymax>1269</ymax>
    </bndbox>
  </object>
  <object>
    <name>bird</name>
    <bndbox>
      <xmin>54</xmin>
      <ymin>500</ymin>
      <xmax>424</xmax>
      <ymax>841</ymax>
    </bndbox>
  </object>
  <object>
    <name>bird</name>
    <bndbox>
      <xmin>2097</xmin>
      <ymin>1337</ymin>
      <xmax>2446</xmax>
      <ymax>1590</ymax>
    </bndbox>
  </object>
</annotation>
