<?xml version='1.0' encoding='UTF-8'?>
<annotation>
  <folder>images</folder>
  <filename>frame_140.jpg</filename>
  <object>
    <name>bird</name>
    <bndbox>
      <xmin>1932</xmin>
      <ymin>1413</ymin>
      <xmax>2329</xmax>
      <ymax>1670</ymax>
    </bndbox>
  </object>
  <object>
    <name>bird</name>
    <bndbox>
      <xmin>1112</xmin>
      <ymin>1248</ymin>
      <xmax>1755</xmax>
      <ymax>1541</ymax>
    </bndbox>
  </object>
  <object>
    <name>bird</name>
    <bndbox>
      <xmin>1404</xmin>
      <ymin>930</ymin>
      <xmax>1650</xmax>
      <ymax>1327</ymax>
    </bndbox>
  </object>
  <object>
    <name>bird</name>
    <bndbox>
      <xmin>1659</xmin>
      <ymin>1106</ymin>
      <xmax>2254</xmax>
      <ymax>1411</ymax>
    </bndbox>
  </object>
  <object>
    <name>bird</name>
    <bndbox>
      <xmin>973</xmin>
      <ymin>735</ymin>
      <xmax>1424</xmax>
      <ymax>1018</ymax>
    </bndbox>
  </object>
  <object>
    <name>bird</name>
    <bndbox>
      <xmin>126</xmin>
      <ymin>1349</ymin>
      <xmax>497</xmax>
      <ymax>1650</ymax>
    </bndbox>
  </object>
  <object>
    <name>bird</name>
    <bndbox>
      <xmin>1649</xmin>
      <ymin>855</ymin>
      <xmax>1892</xmax>
      <ymax>1244</ymax>
    </bndbox>
  </object>
  <object>
    <name>bird</name>
    <bndbox>
      <xmin>2060</xmin>
      <ymin>1227</ymin>
      <xmax>2363</xmax>
      <ymax>1439</ymax>
    </bndbox>
  </object>
  <object>
    <name>bird</name>
    <bndbox>
      <xmin>1911</xmin>
      <ymin>1033</ymin>
      <xmax>2387</xmax>
      <ymax>1236</ymax>
    </bndbox>
  </object>
  <object>
    <name>bird</name>
    <bndbox>
      <xmin>784</xmin>
      <ymin>1139</ymin>
      <xmax>1206</xmax>
      <ymax>1381</ymax>
    </bndbox>
  </object>
  <object>
    <name>bird</name>
    <bndbox>
      <xmin>1725</xmin>
      <ymin>727</ymin>
      <xmax>1953</xmax>
      <ymax>1083</ymax>
    </bndbox>
  </object>
  <object>
    <name>bird</name>
    <bndbox>
      <xmin>1950</xmin>
      <ymin>766</ymin>
      <xmax>2211</xmax>
      <ymax>1057</ymax>
    </bndbox>
  </object>
  <object>
    <name>bird</name>
    <bndbox>
      <xmin>1062</xmin>
      <ymin>936</ymin>
      <xmax>1550</xmax>
      <ymax>1177</ymax>
    </bndbox>
  </object>
  <object>
    <name>bird</name>
    <bndbox>
      <xmin>2274</xmin>
      <ymin>1095</ymin>
      <xmax>2771</xmax>
      <ymax>1537</ymax>
    </bndbox>
  </object>
</annotation>
