<?xml version='1.0' encoding='UTF-8'?>
<annotation>
  <folder>images</folder>
  <filename>frame_120.jpg</filename>
  <object>
    <name>bird</name>
    <bndbox>
      <xmin>1734</xmin>
      <ymin>1347</ymin>
      <xmax>2187</xmax>
      <ymax>1601</ymax>
    </bndbox>
  </object>
  <object>
    <name>bird</name>
    <bndbox>
      <xmin>887</xmin>
      <ymin>1107</ymin>
      <xmax>1650</xmax>
      <ymax>1503</ymax>
    </bndbox>
  </object>
  <object>
    <name>bird</name>
    <bndbox>
      <xmin>1308</xmin>
      <ymin>786</ymin>
      <xmax>1591</xmax>
      <ymax>1258</ymax>
    </bndbox>
  </object>
  <object>
    <name>bird</name>
    <bndbox>
      <xmin>2203</xmin>
      <ymin>1043</ymin>
      <xmax>2972</xmax>
      <ymax>1449</ymax>
    </bndbox>
  </object>
  <object>
    <name>bird</name>
    <bndbox>
      <xmin>1534</xmin>
      <ymin>987</ymin>
      <xmax>2276</xmax>
      <ymax>1272</ymax>
    </bndbox>
  </object>
  <object>
    <name>bird</name>
    <bndbox>
      <xmin>1670</xmin>
      <ymin>1161</ymin>
      <xmax>2122</xmax>
      <ymax>1373</ymax>
    </bndbox>
  </object>
  <object>
    <name>bird</name>
    <bndbox>
      <xmin>1659</xmin>
      <ymin>597</ymin>
      <xmax>1870</xmax>
      <ymax>940</ymax>
    </bndbox>
  </object>
  <object>
    <name>bird</name>
    <bndbox>
      <xmin>1575</xmin>
      <ymin>740</ymin>
      <xmax>1820</xmax>
      <ymax>1158</ymax>
    </bndbox>
  </object>
  <object>
    <name>bird</name>
    <bndbox>
      <xmin>39</xmin>
      <ymin>568</ymin>
      <xmax>173</xmax>
      <ymax>971</ymax>
    </bndbox>
  </object>
  <object>
    <name>bird</name>
    <bndbox>
      <xmin>916</xmin>
      <ymin>821</ymin>
      <xmax>1322</xmax>
      <ymax>1089</ymax>
    </bndbox>
  </object>
  <object>
    <name>bird</name>
    <bndbox>
      <xmin>2050</xmin>
      <ymin>866</ymin>
      <xmax>2396</xmax>
      <ymax>1032</ymax>
    </bndbox>
  </object>
</annotation>
