<?xml version='1.0' encoding='UTF-8'?>
<annotation>
  <folder>images</folder>
  <filename>frame_367.jpg</filename>
  <object>
    <name>bird</name>
    <bndbox>
      <xmin>1748</xmin>
      <ymin>1507</ymin>
      <xmax>2186</xmax>
      <ymax>1862</ymax>
    </bndbox>
  </object>
  <object>
    <name>bird</name>
    <bndbox>
      <xmin>554</xmin>
      <ymin>859</ymin>
      <xmax>792</xmax>
      <ymax>1095</ymax>
    </bndbox>
  </object>
  <object>
    <name>bird</name>
    <bndbox>
      <xmin>669</xmin>
      <ymin>1753</ymin>
      <xmax>1096</xmax>
      <ymax>2157</ymax>
    </bndbox>
  </object>
  <object>
    <name>bird</name>
    <bndbox>
      <xmin>2974</xmin>
      <ymin>1617</ymin>
      <xmax>3224</xmax>
      <ymax>1931</ymax>
    </bndbox>
  </object>
  <object>
    <name>bird</name>
    <bndbox>
      <xmin>894</xmin>
      <ymin>1135</ymin>
      <xmax>1410</xmax>
      <ymax>1378</ymax>
    </bndbox>
  </object>
  <object>
    <name>bird</name>
    <bndbox>
      <xmin>948</xmin>
      <ymin>1639</ymin>
      <xmax>1451</xmax>
      <ymax>2010</ymax>
    </bndbox>
  </object>
  <object>
    <name>bird</name>
    <bndbox>
      <xmin>970</xmin>
      <ymin>926</ymin>
      <xmax>1395</xmax>
      <ymax>1152</ymax>
    </bndbox>
  </object>
  <object>
    <name>bird</name>
    <bndbox>
      <xmin>1499</xmin>
      <ymin>639</ymin>
      <xmax>1837</xmax>
      <ymax>832</ymax>
    </bndbox>
  </object>
  <object>
    <name>bird</name>
    <bndbox>
      <xmin>2109</xmin>
      <ymin>1014</ymin>
      <xmax>2365</xmax>
      <ymax>1221</ymax>
    </bndbox>
  </object>
  <object>
    <name>bird</name>
    <bndbox>
      <xmin>1517</xmin>
      <ymin>821</ymin>
      <xmax>1831</xmax>
      <ymax>1028</ymax>
    </bndbox>
  </object>
  <object>
    <name>bird</name>
    <bndbox>
      <xmin>1264</xmin>
      <ymin>1958</ymin>
      <xmax>1884</xmax>
      <ymax>2155</ymax>
    </bndbox>
  </object>
  <object>
    <name>bird</name>
    <bndbox>
      <xmin>1626</xmin>
      <ymin>989</ymin>
      <xmax>1913</xmax>
      <ymax>1225</ymax>
    </bndbox>
  </object>
</annotation>
