<?xml version='1.0' encoding='UTF-8'?>
<annotation>
  <folder>images</folder>
  <filename>frame_171.jpg</filename>
  <object>
    <name>bird</name>
    <bndbox>
      <xmin>497</xmin>
      <ymin>1297</ymin>
      <xmax>1143</xmax>
      <ymax>1620</ymax>
    </bndbox>
  </object>
  <object>
    <name>bird</name>
    <bndbox>
      <xmin>552</xmin>
      <ymin>1021</ymin>
      <xmax>890</xmax>
      <ymax>1321</ymax>
    </bndbox>
  </object>
  <object>
    <name>bird</name>
    <bndbox>
      <xmin>1161</xmin>
      <ymin>1286</ymin>
      <xmax>1785</xmax>
      <ymax>1553</ymax>
    </bndbox>
  </object>
  <object>
    <name>bird</name>
    <bndbox>
      <xmin>832</xmin>
      <ymin>1133</ymin>
      <xmax>1312</xmax>
      <ymax>1378</ymax>
    </bndbox>
  </object>
  <object>
    <name>bird</name>
    <bndbox>
      <xmin>2455</xmin>
      <ymin>1046</ymin>
      <xmax>2724</xmax>
      <ymax>1300</ymax>
    </bndbox>
  </object>
  <object>
    <name>bird</name>
    <bndbox>
      <xmin>1902</xmin>
      <ymin>930</ymin>
      <xmax>2409</xmax>
      <ymax>1213</ymax>
    </bndbox>
  </object>
  <object>
    <name>bird</name>
    <bndbox>
      <xmin>98</xmin>
      <ymin>487</ymin>
      <xmax>464</xmax>
      <ymax>823</ymax>
    </bndbox>
  </object>
  <object>
    <name>bird</name>
    <bndbox>
      <xmin>1425</xmin>
      <ymin>1122</ymin>
      <xmax>1924</xmax>
      <ymax>1423</ymax>
    </bndbox>
  </object>
  <object>
    <name>bird</name>
    <bndbox>
      <xmin>2133</xmin>
      <ymin>1215</ymin>
      <xmax>2448</xmax>
      <ymax>1609</ymax>
    </bndbox>
  </object>
</annotation>
