<?xml version='1.0' encoding='UTF-8'?>
<annotation>
  <folder>images</folder>
  <filename>frame_177.jpg</filename>
  <object>
    <name>bird</name>
    <bndbox>
      <xmin>952</xmin>
      <ymin>1175</ymin>
      <xmax>1550</xmax>
      <ymax>1482</ymax>
    </bndbox>
  </object>
  <object>
    <name>bird</name>
    <bndbox>
      <xmin>1488</xmin>
      <ymin>1155</ymin>
      <xmax>2059</xmax>
      <ymax>1401</ymax>
    </bndbox>
  </object>
  <object>
    <name>bird</name>
    <bndbox>
      <xmin>1</xmin>
      <ymin>563</ymin>
      <xmax>315</xmax>
      <ymax>850</ymax>
    </bndbox>
  </object>
  <object>
    <name>bird</name>
    <bndbox>
      <xmin>2292</xmin>
      <ymin>1186</ymin>
      <xmax>2726</xmax>
      <ymax>1429</ymax>
    </bndbox>
  </object>
  <object>
    <name>bird</name>
    <bndbox>
      <xmin>2560</xmin>
      <ymin>679</ymin>
      <xmax>2873</xmax>
      <ymax>914</ymax>
    </bndbox>
  </object>
  <object>
    <name>bird</name>
    <bndbox>
      <xmin>2071</xmin>
      <ymin>671</ymin>
      <xmax>2293</xmax>
      <ymax>1002</ymax>
    </bndbox>
  </object>
  <object>
    <name>bird</name>
    <bndbox>
      <xmin>1840</xmin>
      <ymin>769</ymin>
      <xmax>2092</xmax>
      <ymax>1023</ymax>
    </bndbox>
  </object>
  <object>
    <name>bird</name>
    <bndbox>
      <xmin>1736</xmin>
      <ymin>1010</ymin>
      <xmax>2187</xmax>
      <ymax>1300</ymax>
    </bndbox>
  </object>
  <object>
    <name>bird</name>
    <bndbox>
      <xmin>2270</xmin>
      <ymin>1008</ymin>
      <xmax>2639</xmax>
      <ymax>1216</ymax>
    </bndbox>
  </object>
  <object>
    <name>bird</name>
    <bndbox>
      <xmin>517</xmin>
      <ymin>1814</ymin>
      <xmax>1394</xmax>
      <ymax>2157</ymax>
    </bndbox>
  </object>
  <object>
    <name>bird</name>
    <bndbox>
      <xmin>2606</xmin>
      <ymin>909</ymin>
      <xmax>2951</xmax>
      <ymax>1157</ymax>
    </bndbox>
  </object>
  <object>
    <name>bird</name>
    <bndbox>
      <xmin>1023</xmin>
      <ymin>953</ymin>
      <xmax>1425</xmax>
      <ymax>1201</ymax>
    </bndbox>
  </object>
  <object>
    <name>bird</name>
    <bndbox>
      <xmin>1287</xmin>
      <ymin>688</ymin>
      <xmax>1782</xmax>
      <ymax>888</ymax>
    </bndbox>
  </object>
</annotation>
