<?xml version='1.0' encoding='UTF-8'?>
<annotation>
  <folder>images</folder>
  <filename>frame_119.jpg</filename>
  <object>
    <name>bird</name>
    <bndbox>
      <xmin>1746</xmin>
      <ymin>1332</ymin>
      <xmax>2198</xmax>
      <ymax>1581</ymax>
    </bndbox>
  </object>
  <object>
    <name>bird</name>
    <bndbox>
      <xmin>884</xmin>
      <ymin>1087</ymin>
      <xmax>1672</xmax>
      <ymax>1493</ymax>
    </bndbox>
  </object>
  <object>
    <name>bird</name>
    <bndbox>
      <xmin>1339</xmin>
      <ymin>773</ymin>
      <xmax>1624</xmax>
      <ymax>1246</ymax>
    </bndbox>
  </object>
  <object>
    <name>bird</name>
    <bndbox>
      <xmin>2252</xmin>
      <ymin>1035</ymin>
      <xmax>2966</xmax>
      <ymax>1404</ymax>
    </bndbox>
  </object>
  <object>
    <name>bird</name>
    <bndbox>
      <xmin>1555</xmin>
      <ymin>966</ymin>
      <xmax>2301</xmax>
      <ymax>1248</ymax>
    </bndbox>
  </object>
  <object>
    <name>bird</name>
    <bndbox>
      <xmin>1683</xmin>
      <ymin>1150</ymin>
      <xmax>2145</xmax>
      <ymax>1370</ymax>
    </bndbox>
  </object>
  <object>
    <name>bird</name>
    <bndbox>
      <xmin>1677</xmin>
      <ymin>594</ymin>
      <xmax>1885</xmax>
      <ymax>931</ymax>
    </bndbox>
  </object>
  <object>
    <name>bird</name>
    <bndbox>
      <xmin>1586</xmin>
      <ymin>739</ymin>
      <xmax>1822</xmax>
      <ymax>1147</ymax>
    </bndbox>
  </object>
  <object>
    <name>bird</name>
    <bndbox>
      <xmin>6</xmin>
      <ymin>562</ymin>
      <xmax>148</xmax>
      <ymax>996</ymax>
    </bndbox>
  </object>
  <object>
    <name>bird</name>
    <bndbox>
      <xmin>933</xmin>
      <ymin>810</ymin>
      <xmax>1342</xmax>
      <ymax>1082</ymax>
    </bndbox>
  </object>
  <object>
    <name>bird</name>
    <bndbox>
      <xmin>701</xmin>
      <ymin>1022</ymin>
      <xmax>1181</xmax>
      <ymax>1273</ymax>
    </bndbox>
  </object>
</annotation>
