<?xml version='1.0' encoding='UTF-8'?>
<annotation>
  <folder>images</folder>
  <filename>frame_63.jpg</filename>
  <object>
    <name>bird</name>
    <bndbox>
      <xmin>777</xmin>
      <ymin>694</ymin>
      <xmax>1332</xmax>
      <ymax>998</ymax>
    </bndbox>
  </object>
  <object>
    <name>bird</name>
    <bndbox>
      <xmin>2421</xmin>
      <ymin>1249</ymin>
      <xmax>3061</xmax>
      <ymax>1587</ymax>
    </bndbox>
  </object>
  <object>
    <name>bird</name>
    <bndbox>
      <xmin>2281</xmin>
      <ymin>706</ymin>
      <xmax>2890</xmax>
      <ymax>952</ymax>
    </bndbox>
  </object>
  <object>
    <name>bird</name>
    <bndbox>
      <xmin>1771</xmin>
      <ymin>144</ymin>
      <xmax>2242</xmax>
      <ymax>446</ymax>
    </bndbox>
  </object>
  <object>
    <name>bird</name>
    <bndbox>
      <xmin>1286</xmin>
      <ymin>801</ymin>
      <xmax>1577</xmax>
      <ymax>1258</ymax>
    </bndbox>
  </object>
  <object>
    <name>bird</name>
    <bndbox>
      <xmin>1482</xmin>
      <ymin>1203</ymin>
      <xmax>2000</xmax>
      <ymax>1527</ymax>
    </bndbox>
  </object>
  <object>
    <name>bird</name>
    <bndbox>
      <xmin>589</xmin>
      <ymin>981</ymin>
      <xmax>1308</xmax>
      <ymax>1580</ymax>
    </bndbox>
  </object>
  <object>
    <name>bird</name>
    <bndbox>
      <xmin>1561</xmin>
      <ymin>668</ymin>
      <xmax>1966</xmax>
      <ymax>1209</ymax>
    </bndbox>
  </object>
  <object>
    <name>bird</name>
    <bndbox>
      <xmin>404</xmin>
      <ymin>15</ymin>
      <xmax>985</xmax>
      <ymax>233</ymax>
    </bndbox>
  </object>
  <object>
    <name>bird</name>
    <bndbox>
      <xmin>1906</xmin>
      <ymin>616</ymin>
      <xmax>2321</xmax>
      <ymax>1170</ymax>
    </bndbox>
  </object>
  <object>
    <name>bird</name>
    <bndbox>
      <xmin>2071</xmin>
      <ymin>1070</ymin>
      <xmax>2481</xmax>
      <ymax>1435</ymax>
    </bndbox>
  </object>
</annotation>
