<?xml version='1.0' encoding='UTF-8'?>
<annotation>
  <folder>images</folder>
  <filename>frame_361.jpg</filename>
  <object>
    <name>bird</name>
    <bndbox>
      <xmin>1519</xmin>
      <ymin>1552</ymin>
      <xmax>2274</xmax>
      <ymax>1986</ymax>
    </bndbox>
  </object>
  <object>
    <name>bird</name>
    <bndbox>
      <xmin>456</xmin>
      <ymin>931</ymin>
      <xmax>738</xmax>
      <ymax>1196</ymax>
    </bndbox>
  </object>
  <object>
    <name>bird</name>
    <bndbox>
      <xmin>634</xmin>
      <ymin>1775</ymin>
      <xmax>1087</xmax>
      <ymax>2157</ymax>
    </bndbox>
  </object>
  <object>
    <name>bird</name>
    <bndbox>
      <xmin>3056</xmin>
      <ymin>1484</ymin>
      <xmax>3311</xmax>
      <ymax>1790</ymax>
    </bndbox>
  </object>
  <object>
    <name>bird</name>
    <bndbox>
      <xmin>1009</xmin>
      <ymin>1160</ymin>
      <xmax>1451</xmax>
      <ymax>1385</ymax>
    </bndbox>
  </object>
  <object>
    <name>bird</name>
    <bndbox>
      <xmin>887</xmin>
      <ymin>1656</ymin>
      <xmax>1390</xmax>
      <ymax>2005</ymax>
    </bndbox>
  </object>
  <object>
    <name>bird</name>
    <bndbox>
      <xmin>931</xmin>
      <ymin>949</ymin>
      <xmax>1380</xmax>
      <ymax>1169</ymax>
    </bndbox>
  </object>
  <object>
    <name>bird</name>
    <bndbox>
      <xmin>1208</xmin>
      <ymin>953</ymin>
      <xmax>1694</xmax>
      <ymax>1220</ymax>
    </bndbox>
  </object>
  <object>
    <name>bird</name>
    <bndbox>
      <xmin>1462</xmin>
      <ymin>678</ymin>
      <xmax>1716</xmax>
      <ymax>871</ymax>
    </bndbox>
  </object>
  <object>
    <name>bird</name>
    <bndbox>
      <xmin>2095</xmin>
      <ymin>1044</ymin>
      <xmax>2373</xmax>
      <ymax>1266</ymax>
    </bndbox>
  </object>
  <object>
    <name>bird</name>
    <bndbox>
      <xmin>1622</xmin>
      <ymin>1060</ymin>
      <xmax>1885</xmax>
      <ymax>1246</ymax>
    </bndbox>
  </object>
</annotation>
