<?xml version='1.0' encoding='UTF-8'?>
<annotation>
  <folder>images</folder>
  <filename>frame_342.jpg</filename>
  <object>
    <name>bird</name>
    <bndbox>
      <xmin>1441</xmin>
      <ymin>1722</ymin>
      <xmax>2046</xmax>
      <ymax>1980</ymax>
    </bndbox>
  </object>
  <object>
    <name>bird</name>
    <bndbox>
      <xmin>387</xmin>
      <ymin>1239</ymin>
      <xmax>905</xmax>
      <ymax>1485</ymax>
    </bndbox>
  </object>
  <object>
    <name>bird</name>
    <bndbox>
      <xmin>562</xmin>
      <ymin>1778</ymin>
      <xmax>930</xmax>
      <ymax>2157</ymax>
    </bndbox>
  </object>
  <object>
    <name>bird</name>
    <bndbox>
      <xmin>2866</xmin>
      <ymin>1120</ymin>
      <xmax>3139</xmax>
      <ymax>1390</ymax>
    </bndbox>
  </object>
  <object>
    <name>bird</name>
    <bndbox>
      <xmin>1103</xmin>
      <ymin>1183</ymin>
      <xmax>1414</xmax>
      <ymax>1410</ymax>
    </bndbox>
  </object>
  <object>
    <name>bird</name>
    <bndbox>
      <xmin>1415</xmin>
      <ymin>1083</ymin>
      <xmax>1728</xmax>
      <ymax>1297</ymax>
    </bndbox>
  </object>
  <object>
    <name>bird</name>
    <bndbox>
      <xmin>2984</xmin>
      <ymin>1878</ymin>
      <xmax>3247</xmax>
      <ymax>2160</ymax>
    </bndbox>
  </object>
  <object>
    <name>bird</name>
    <bndbox>
      <xmin>870</xmin>
      <ymin>966</ymin>
      <xmax>1268</xmax>
      <ymax>1158</ymax>
    </bndbox>
  </object>
  <object>
    <name>bird</name>
    <bndbox>
      <xmin>996</xmin>
      <ymin>701</ymin>
      <xmax>1376</xmax>
      <ymax>941</ymax>
    </bndbox>
  </object>
  <object>
    <name>bird</name>
    <bndbox>
      <xmin>102</xmin>
      <ymin>1575</ymin>
      <xmax>351</xmax>
      <ymax>1973</ymax>
    </bndbox>
  </object>
  <object>
    <name>bird</name>
    <bndbox>
      <xmin>1725</xmin>
      <ymin>1108</ymin>
      <xmax>1966</xmax>
      <ymax>1343</ymax>
    </bndbox>
  </object>
</annotation>
