<?xml version='1.0' encoding='UTF-8'?>
<annotation>
  <folder>images</folder>
  <filename>frame_196.jpg</filename>
  <object>
    <name>bird</name>
    <bndbox>
      <xmin>1413</xmin>
      <ymin>1088</ymin>
      <xmax>2005</xmax>
      <ymax>1424</ymax>
    </bndbox>
  </object>
  <object>
    <name>bird</name>
    <bndbox>
      <xmin>2349</xmin>
      <ymin>985</ymin>
      <xmax>2767</xmax>
      <ymax>1185</ymax>
    </bndbox>
  </object>
  <object>
    <name>bird</name>
    <bndbox>
      <xmin>2180</xmin>
      <ymin>552</ymin>
      <xmax>2553</xmax>
      <ymax>870</ymax>
    </bndbox>
  </object>
  <object>
    <name>bird</name>
    <bndbox>
      <xmin>2455</xmin>
      <ymin>1583</ymin>
      <xmax>3127</xmax>
      <ymax>1863</ymax>
    </bndbox>
  </object>
  <object>
    <name>bird</name>
    <bndbox>
      <xmin>831</xmin>
      <ymin>922</ymin>
      <xmax>1371</xmax>
      <ymax>1138</ymax>
    </bndbox>
  </object>
  <object>
    <name>bird</name>
    <bndbox>
      <xmin>2369</xmin>
      <ymin>754</ymin>
      <xmax>2821</xmax>
      <ymax>940</ymax>
    </bndbox>
  </object>
  <object>
    <name>bird</name>
    <bndbox>
      <xmin>1319</xmin>
      <ymin>786</ymin>
      <xmax>1746</xmax>
      <ymax>1011</ymax>
    </bndbox>
  </object>
  <object>
    <name>bird</name>
    <bndbox>
      <xmin>1688</xmin>
      <ymin>982</ymin>
      <xmax>2234</xmax>
      <ymax>1233</ymax>
    </bndbox>
  </object>
</annotation>
