<?xml version='1.0' encoding='UTF-8'?>
<annotation>
  <folder>images</folder>
  <filename>frame_6.jpg</filename>
  <object>
    <name>bird</name>
    <bndbox>
      <xmin>465</xmin>
      <ymin>274</ymin>
      <xmax>1086</xmax>
      <ymax>624</ymax>
    </bndbox>
  </object>
  <object>
    <name>bird</name>
    <bndbox>
      <xmin>2577</xmin>
      <ymin>311</ymin>
      <xmax>3088</xmax>
      <ymax>618</ymax>
    </bndbox>
  </object>
  <object>
    <name>bird</name>
    <bndbox>
      <xmin>533</xmin>
      <ymin>651</ymin>
      <xmax>1075</xmax>
      <ymax>983</ymax>
    </bndbox>
  </object>
  <object>
    <name>bird</name>
    <bndbox>
      <xmin>2174</xmin>
      <ymin>614</ymin>
      <xmax>2492</xmax>
      <ymax>948</ymax>
    </bndbox>
  </object>
  <object>
    <name>bird</name>
    <bndbox>
      <xmin>1465</xmin>
      <ymin>5</ymin>
      <xmax>1855</xmax>
      <ymax>277</ymax>
    </bndbox>
  </object>
  <object>
    <name>bird</name>
    <bndbox>
      <xmin>1555</xmin>
      <ymin>574</ymin>
      <xmax>2030</xmax>
      <ymax>1015</ymax>
    </bndbox>
  </object>
  <object>
    <name>bird</name>
    <bndbox>
      <xmin>1295</xmin>
      <ymin>648</ymin>
      <xmax>1507</xmax>
      <ymax>999</ymax>
    </bndbox>
  </object>
  <object>
    <name>bird</name>
    <bndbox>
      <xmin>1109</xmin>
      <ymin>455</ymin>
      <xmax>1368</xmax>
      <ymax>908</ymax>
    </bndbox>
  </object>
  <object>
    <name>bird</name>
    <bndbox>
      <xmin>1709</xmin>
      <ymin>1027</ymin>
      <xmax>2133</xmax>
      <ymax>1378</ymax>
    </bndbox>
  </object>
  <object>
    <name>bird</name>
    <bndbox>
      <xmin>1579</xmin>
      <ymin>1138</ymin>
      <xmax>1898</xmax>
      <ymax>1440</ymax>
    </bndbox>
  </object>
  <object>
    <name>bird</name>
    <bndbox>
      <xmin>1098</xmin>
      <ymin>0</ymin>
      <xmax>1252</xmax>
      <ymax>95</ymax>
    </bndbox>
  </object>
  <object>
    <name>bird</name>
    <bndbox>
      <xmin>2032</xmin>
      <ymin>1018</ymin>
      <xmax>2590</xmax>
      <ymax>1263</ymax>
    </bndbox>
  </object>
</annotation>
