<?xml version='1.0' encoding='UTF-8'?>
<annotation>
  <folder>images</folder>
  <filename>frame_116.jpg</filename>
  <object>
    <name>bird</name>
    <bndbox>
      <xmin>1824</xmin>
      <ymin>1286</ymin>
      <xmax>2333</xmax>
      <ymax>1559</ymax>
    </bndbox>
  </object>
  <object>
    <name>bird</name>
    <bndbox>
      <xmin>958</xmin>
      <ymin>1060</ymin>
      <xmax>1757</xmax>
      <ymax>1459</ymax>
    </bndbox>
  </object>
  <object>
    <name>bird</name>
    <bndbox>
      <xmin>1439</xmin>
      <ymin>770</ymin>
      <xmax>1682</xmax>
      <ymax>1187</ymax>
    </bndbox>
  </object>
  <object>
    <name>bird</name>
    <bndbox>
      <xmin>0</xmin>
      <ymin>653</ymin>
      <xmax>468</xmax>
      <ymax>1072</ymax>
    </bndbox>
  </object>
  <object>
    <name>bird</name>
    <bndbox>
      <xmin>2321</xmin>
      <ymin>1002</ymin>
      <xmax>3123</xmax>
      <ymax>1418</ymax>
    </bndbox>
  </object>
  <object>
    <name>bird</name>
    <bndbox>
      <xmin>1711</xmin>
      <ymin>954</ymin>
      <xmax>2427</xmax>
      <ymax>1211</ymax>
    </bndbox>
  </object>
  <object>
    <name>bird</name>
    <bndbox>
      <xmin>1762</xmin>
      <ymin>1120</ymin>
      <xmax>2244</xmax>
      <ymax>1351</ymax>
    </bndbox>
  </object>
  <object>
    <name>bird</name>
    <bndbox>
      <xmin>1782</xmin>
      <ymin>552</ymin>
      <xmax>1992</xmax>
      <ymax>898</ymax>
    </bndbox>
  </object>
  <object>
    <name>bird</name>
    <bndbox>
      <xmin>1018</xmin>
      <ymin>733</ymin>
      <xmax>1480</xmax>
      <ymax>1052</ymax>
    </bndbox>
  </object>
  <object>
    <name>bird</name>
    <bndbox>
      <xmin>1686</xmin>
      <ymin>697</ymin>
      <xmax>1920</xmax>
      <ymax>1113</ymax>
    </bndbox>
  </object>
  <object>
    <name>bird</name>
    <bndbox>
      <xmin>1947</xmin>
      <ymin>656</ymin>
      <xmax>2229</xmax>
      <ymax>915</ymax>
    </bndbox>
  </object>
</annotation>
