<?xml version='1.0' encoding='UTF-8'?>
<annotation>
  <folder>images</folder>
  <filename>frame_3.jpg</filename>
  <object>
    <name>bird</name>
    <bndbox>
      <xmin>467</xmin>
      <ymin>309</ymin>
      <xmax>1087</xmax>
      <ymax>631</ymax>
    </bndbox>
  </object>
  <object>
    <name>bird</name>
    <bndbox>
      <xmin>2694</xmin>
      <ymin>297</ymin>
      <xmax>3226</xmax>
      <ymax>619</ymax>
    </bndbox>
  </object>
  <object>
    <name>bird</name>
    <bndbox>
      <xmin>537</xmin>
      <ymin>644</ymin>
      <xmax>1104</xmax>
      <ymax>992</ymax>
    </bndbox>
  </object>
  <object>
    <name>bird</name>
    <bndbox>
      <xmin>2181</xmin>
      <ymin>609</ymin>
      <xmax>2455</xmax>
      <ymax>921</ymax>
    </bndbox>
  </object>
  <object>
    <name>bird</name>
    <bndbox>
      <xmin>1492</xmin>
      <ymin>0</ymin>
      <xmax>1851</xmax>
      <ymax>232</ymax>
    </bndbox>
  </object>
  <object>
    <name>bird</name>
    <bndbox>
      <xmin>1522</xmin>
      <ymin>541</ymin>
      <xmax>2049</xmax>
      <ymax>1031</ymax>
    </bndbox>
  </object>
  <object>
    <name>bird</name>
    <bndbox>
      <xmin>1298</xmin>
      <ymin>560</ymin>
      <xmax>1550</xmax>
      <ymax>995</ymax>
    </bndbox>
  </object>
  <object>
    <name>bird</name>
    <bndbox>
      <xmin>1111</xmin>
      <ymin>453</ymin>
      <xmax>1373</xmax>
      <ymax>917</ymax>
    </bndbox>
  </object>
  <object>
    <name>bird</name>
    <bndbox>
      <xmin>1726</xmin>
      <ymin>1013</ymin>
      <xmax>2151</xmax>
      <ymax>1362</ymax>
    </bndbox>
  </object>
  <object>
    <name>bird</name>
    <bndbox>
      <xmin>827</xmin>
      <ymin>917</ymin>
      <xmax>1464</xmax>
      <ymax>1173</ymax>
    </bndbox>
  </object>
  <object>
    <name>bird</name>
    <bndbox>
      <xmin>2056</xmin>
      <ymin>1013</ymin>
      <xmax>2610</xmax>
      <ymax>1256</ymax>
    </bndbox>
  </object>
</annotation>
