<?xml version='1.0' encoding='UTF-8'?>
<annotation>
  <folder>images</folder>
  <filename>frame_193.jpg</filename>
  <object>
    <name>bird</name>
    <bndbox>
      <xmin>1373</xmin>
      <ymin>1104</ymin>
      <xmax>1933</xmax>
      <ymax>1404</ymax>
    </bndbox>
  </object>
  <object>
    <name>bird</name>
    <bndbox>
      <xmin>2368</xmin>
      <ymin>997</ymin>
      <xmax>2792</xmax>
      <ymax>1205</ymax>
    </bndbox>
  </object>
  <object>
    <name>bird</name>
    <bndbox>
      <xmin>2237</xmin>
      <ymin>566</ymin>
      <xmax>2631</xmax>
      <ymax>887</ymax>
    </bndbox>
  </object>
  <object>
    <name>bird</name>
    <bndbox>
      <xmin>2226</xmin>
      <ymin>1592</ymin>
      <xmax>2976</xmax>
      <ymax>1916</ymax>
    </bndbox>
  </object>
  <object>
    <name>bird</name>
    <bndbox>
      <xmin>1668</xmin>
      <ymin>589</ymin>
      <xmax>1945</xmax>
      <ymax>793</ymax>
    </bndbox>
  </object>
  <object>
    <name>bird</name>
    <bndbox>
      <xmin>1341</xmin>
      <ymin>684</ymin>
      <xmax>1922</xmax>
      <ymax>1015</ymax>
    </bndbox>
  </object>
  <object>
    <name>bird</name>
    <bndbox>
      <xmin>859</xmin>
      <ymin>906</ymin>
      <xmax>1435</xmax>
      <ymax>1131</ymax>
    </bndbox>
  </object>
  <object>
    <name>bird</name>
    <bndbox>
      <xmin>1704</xmin>
      <ymin>985</ymin>
      <xmax>2248</xmax>
      <ymax>1232</ymax>
    </bndbox>
  </object>
</annotation>
