<?xml version='1.0' encoding='UTF-8'?>
<annotation>
  <folder>images</folder>
  <filename>frame_226.jpg</filename>
  <object>
    <name>bird</name>
    <bndbox>
      <xmin>3147</xmin>
      <ymin>1147</ymin>
      <xmax>3500</xmax>
      <ymax>1390</ymax>
    </bndbox>
  </object>
  <object>
    <name>bird</name>
    <bndbox>
      <xmin>976</xmin>
      <ymin>1316</ymin>
      <xmax>1401</xmax>
      <ymax>1630</ymax>
    </bndbox>
  </object>
  <object>
    <name>bird</name>
    <bndbox>
      <xmin>2152</xmin>
      <ymin>1155</ymin>
      <xmax>2483</xmax>
      <ymax>1414</ymax>
    </bndbox>
  </object>
  <object>
    <name>bird</name>
    <bndbox>
      <xmin>1679</xmin>
      <ymin>1135</ymin>
      <xmax>2105</xmax>
      <ymax>1350</ymax>
    </bndbox>
  </object>
  <object>
    <name>bird</name>
    <bndbox>
      <xmin>1040</xmin>
      <ymin>838</ymin>
      <xmax>1439</xmax>
      <ymax>1028</ymax>
    </bndbox>
  </object>
  <object>
    <name>bird</name>
    <bndbox>
      <xmin>2115</xmin>
      <ymin>869</ymin>
      <xmax>2495</xmax>
      <ymax>1036</ymax>
    </bndbox>
  </object>
  <object>
    <name>bird</name>
    <bndbox>
      <xmin>900</xmin>
      <ymin>1021</ymin>
      <xmax>1516</xmax>
      <ymax>1309</ymax>
    </bndbox>
  </object>
  <object>
    <name>bird</name>
    <bndbox>
      <xmin>2163</xmin>
      <ymin>1073</ymin>
      <xmax>2571</xmax>
      <ymax>1235</ymax>
    </bndbox>
  </object>
  <object>
    <name>bird</name>
    <bndbox>
      <xmin>1852</xmin>
      <ymin>733</ymin>
      <xmax>2113</xmax>
      <ymax>1025</ymax>
    </bndbox>
  </object>
</annotation>
