<?xml version='1.0' encoding='UTF-8'?>
<annotation>
  <folder>images</folder>
  <filename>frame_170.jpg</filename>
  <object>
    <name>bird</name>
    <bndbox>
      <xmin>378</xmin>
      <ymin>1296</ymin>
      <xmax>1040</xmax>
      <ymax>1626</ymax>
    </bndbox>
  </object>
  <object>
    <name>bird</name>
    <bndbox>
      <xmin>2028</xmin>
      <ymin>1350</ymin>
      <xmax>2385</xmax>
      <ymax>1625</ymax>
    </bndbox>
  </object>
  <object>
    <name>bird</name>
    <bndbox>
      <xmin>464</xmin>
      <ymin>1017</ymin>
      <xmax>761</xmax>
      <ymax>1298</ymax>
    </bndbox>
  </object>
  <object>
    <name>bird</name>
    <bndbox>
      <xmin>1091</xmin>
      <ymin>1288</ymin>
      <xmax>1716</xmax>
      <ymax>1556</ymax>
    </bndbox>
  </object>
  <object>
    <name>bird</name>
    <bndbox>
      <xmin>709</xmin>
      <ymin>1115</ymin>
      <xmax>1246</xmax>
      <ymax>1395</ymax>
    </bndbox>
  </object>
  <object>
    <name>bird</name>
    <bndbox>
      <xmin>2007</xmin>
      <ymin>1173</ymin>
      <xmax>2415</xmax>
      <ymax>1420</ymax>
    </bndbox>
  </object>
  <object>
    <name>bird</name>
    <bndbox>
      <xmin>2400</xmin>
      <ymin>1049</ymin>
      <xmax>2650</xmax>
      <ymax>1300</ymax>
    </bndbox>
  </object>
  <object>
    <name>bird</name>
    <bndbox>
      <xmin>1869</xmin>
      <ymin>956</ymin>
      <xmax>2341</xmax>
      <ymax>1205</ymax>
    </bndbox>
  </object>
  <object>
    <name>bird</name>
    <bndbox>
      <xmin>1372</xmin>
      <ymin>1113</ymin>
      <xmax>1906</xmax>
      <ymax>1429</ymax>
    </bndbox>
  </object>
</annotation>
