<?xml version='1.0' encoding='UTF-8'?>
<annotation>
  <folder>images</folder>
  <filename>frame_255.jpg</filename>
  <object>
    <name>bird</name>
    <bndbox>
      <xmin>2476</xmin>
      <ymin>866</ymin>
      <xmax>2866</xmax>
      <ymax>1201</ymax>
    </bndbox>
  </object>
  <object>
    <name>bird</name>
    <bndbox>
      <xmin>2225</xmin>
      <ymin>1556</ymin>
      <xmax>2774</xmax>
      <ymax>1836</ymax>
    </bndbox>
  </object>
  <object>
    <name>bird</name>
    <bndbox>
      <xmin>2579</xmin>
      <ymin>1232</ymin>
      <xmax>2926</xmax>
      <ymax>1492</ymax>
    </bndbox>
  </object>
  <object>
    <name>bird</name>
    <bndbox>
      <xmin>800</xmin>
      <ymin>1128</ymin>
      <xmax>1296</xmax>
      <ymax>1354</ymax>
    </bndbox>
  </object>
  <object>
    <name>bird</name>
    <bndbox>
      <xmin>1931</xmin>
      <ymin>1081</ymin>
      <xmax>2341</xmax>
      <ymax>1394</ymax>
    </bndbox>
  </object>
  <object>
    <name>bird</name>
    <bndbox>
      <xmin>1811</xmin>
      <ymin>1152</ymin>
      <xmax>2091</xmax>
      <ymax>1365</ymax>
    </bndbox>
  </object>
  <object>
    <name>bird</name>
    <bndbox>
      <xmin>1905</xmin>
      <ymin>785</ymin>
      <xmax>2111</xmax>
      <ymax>1083</ymax>
    </bndbox>
  </object>
  <object>
    <name>bird</name>
    <bndbox>
      <xmin>2129</xmin>
      <ymin>875</ymin>
      <xmax>2610</xmax>
      <ymax>1097</ymax>
    </bndbox>
  </object>
</annotation>
