<?xml version='1.0' encoding='UTF-8'?>
<annotation>
  <folder>images</folder>
  <filename>frame_312.jpg</filename>
  <object>
    <name>bird</name>
    <bndbox>
      <xmin>3030</xmin>
      <ymin>951</ymin>
      <xmax>3422</xmax>
      <ymax>1249</ymax>
    </bndbox>
  </object>
  <object>
    <name>bird</name>
    <bndbox>
      <xmin>1193</xmin>
      <ymin>1580</ymin>
      <xmax>1797</xmax>
      <ymax>1931</ymax>
    </bndbox>
  </object>
  <object>
    <name>bird</name>
    <bndbox>
      <xmin>626</xmin>
      <ymin>1172</ymin>
      <xmax>1154</xmax>
      <ymax>1505</ymax>
    </bndbox>
  </object>
  <object>
    <name>bird</name>
    <bndbox>
      <xmin>911</xmin>
      <ymin>1889</ymin>
      <xmax>1300</xmax>
      <ymax>2098</ymax>
    </bndbox>
  </object>
  <object>
    <name>bird</name>
    <bndbox>
      <xmin>139</xmin>
      <ymin>1735</ymin>
      <xmax>605</xmax>
      <ymax>2048</ymax>
    </bndbox>
  </object>
  <object>
    <name>bird</name>
    <bndbox>
      <xmin>2202</xmin>
      <ymin>916</ymin>
      <xmax>2519</xmax>
      <ymax>1217</ymax>
    </bndbox>
  </object>
  <object>
    <name>bird</name>
    <bndbox>
      <xmin>1410</xmin>
      <ymin>1006</ymin>
      <xmax>1630</xmax>
      <ymax>1244</ymax>
    </bndbox>
  </object>
  <object>
    <name>bird</name>
    <bndbox>
      <xmin>2053</xmin>
      <ymin>749</ymin>
      <xmax>2418</xmax>
      <ymax>933</ymax>
    </bndbox>
  </object>
  <object>
    <name>bird</name>
    <bndbox>
      <xmin>1605</xmin>
      <ymin>681</ymin>
      <xmax>2035</xmax>
      <ymax>883</ymax>
    </bndbox>
  </object>
  <object>
    <name>bird</name>
    <bndbox>
      <xmin>1386</xmin>
      <ymin>685</ymin>
      <xmax>1597</xmax>
      <ymax>885</ymax>
    </bndbox>
  </object>
  <object>
    <name>bird</name>
    <bndbox>
      <xmin>703</xmin>
      <ymin>1917</ymin>
      <xmax>1087</xmax>
      <ymax>2159</ymax>
    </bndbox>
  </object>
  <object>
    <name>bird</name>
    <bndbox>
      <xmin>876</xmin>
      <ymin>751</ymin>
      <xmax>1083</xmax>
      <ymax>896</ymax>
    </bndbox>
  </object>
  <object>
    <name>bird</name>
    <bndbox>
      <xmin>817</xmin>
      <ymin>1088</ymin>
      <xmax>1148</xmax>
      <ymax>1290</ymax>
    </bndbox>
  </object>
  <object>
    <name>bird</name>
    <bndbox>
      <xmin>1313</xmin>
      <ymin>2061</ymin>
      <xmax>1820</xmax>
      <ymax>2159</ymax>
    </bndbox>
  </object>
</annotation>
