<?xml version='1.0' encoding='UTF-8'?>
<annotation>
  <folder>images</folder>
  <filename>frame_201.jpg</filename>
  <object>
    <name>bird</name>
    <bndbox>
      <xmin>1672</xmin>
      <ymin>1149</ymin>
      <xmax>2199</xmax>
      <ymax>1438</ymax>
    </bndbox>
  </object>
  <object>
    <name>bird</name>
    <bndbox>
      <xmin>2056</xmin>
      <ymin>585</ymin>
      <xmax>2391</xmax>
      <ymax>899</ymax>
    </bndbox>
  </object>
  <object>
    <name>bird</name>
    <bndbox>
      <xmin>2734</xmin>
      <ymin>1538</ymin>
      <xmax>3546</xmax>
      <ymax>1888</ymax>
    </bndbox>
  </object>
  <object>
    <name>bird</name>
    <bndbox>
      <xmin>2289</xmin>
      <ymin>776</ymin>
      <xmax>2702</xmax>
      <ymax>941</ymax>
    </bndbox>
  </object>
  <object>
    <name>bird</name>
    <bndbox>
      <xmin>1157</xmin>
      <ymin>720</ymin>
      <xmax>1759</xmax>
      <ymax>1035</ymax>
    </bndbox>
  </object>
  <object>
    <name>bird</name>
    <bndbox>
      <xmin>1826</xmin>
      <ymin>914</ymin>
      <xmax>2279</xmax>
      <ymax>1165</ymax>
    </bndbox>
  </object>
</annotation>
