<?xml version='1.0' encoding='UTF-8'?>
<annotation>
  <folder>images</folder>
  <filename>frame_125.jpg</filename>
  <object>
    <name>bird</name>
    <bndbox>
      <xmin>1763</xmin>
      <ymin>1369</ymin>
      <xmax>2186</xmax>
      <ymax>1629</ymax>
    </bndbox>
  </object>
  <object>
    <name>bird</name>
    <bndbox>
      <xmin>897</xmin>
      <ymin>1172</ymin>
      <xmax>1573</xmax>
      <ymax>1533</ymax>
    </bndbox>
  </object>
  <object>
    <name>bird</name>
    <bndbox>
      <xmin>1344</xmin>
      <ymin>827</ymin>
      <xmax>1602</xmax>
      <ymax>1285</ymax>
    </bndbox>
  </object>
  <object>
    <name>bird</name>
    <bndbox>
      <xmin>2182</xmin>
      <ymin>1051</ymin>
      <xmax>2916</xmax>
      <ymax>1490</ymax>
    </bndbox>
  </object>
  <object>
    <name>bird</name>
    <bndbox>
      <xmin>1561</xmin>
      <ymin>1054</ymin>
      <xmax>2256</xmax>
      <ymax>1327</ymax>
    </bndbox>
  </object>
  <object>
    <name>bird</name>
    <bndbox>
      <xmin>1653</xmin>
      <ymin>644</ymin>
      <xmax>1859</xmax>
      <ymax>964</ymax>
    </bndbox>
  </object>
  <object>
    <name>bird</name>
    <bndbox>
      <xmin>1546</xmin>
      <ymin>774</ymin>
      <xmax>1787</xmax>
      <ymax>1173</ymax>
    </bndbox>
  </object>
  <object>
    <name>bird</name>
    <bndbox>
      <xmin>143</xmin>
      <ymin>580</ymin>
      <xmax>311</xmax>
      <ymax>929</ymax>
    </bndbox>
  </object>
  <object>
    <name>bird</name>
    <bndbox>
      <xmin>952</xmin>
      <ymin>882</ymin>
      <xmax>1343</xmax>
      <ymax>1104</ymax>
    </bndbox>
  </object>
  <object>
    <name>bird</name>
    <bndbox>
      <xmin>1712</xmin>
      <ymin>1174</ymin>
      <xmax>2168</xmax>
      <ymax>1384</ymax>
    </bndbox>
  </object>
  <object>
    <name>bird</name>
    <bndbox>
      <xmin>2017</xmin>
      <ymin>896</ymin>
      <xmax>2414</xmax>
      <ymax>1070</ymax>
    </bndbox>
  </object>
  <object>
    <name>bird</name>
    <bndbox>
      <xmin>657</xmin>
      <ymin>1065</ymin>
      <xmax>1121</xmax>
      <ymax>1305</ymax>
    </bndbox>
  </object>
</annotation>
