<?xml version='1.0' encoding='UTF-8'?>
<annotation>
  <folder>images</folder>
  <filename>frame_38.jpg</filename>
  <object>
    <name>bird</name>
    <bndbox>
      <xmin>463</xmin>
      <ymin>479</ymin>
      <xmax>781</xmax>
      <ymax>845</ymax>
    </bndbox>
  </object>
  <object>
    <name>bird</name>
    <bndbox>
      <xmin>933</xmin>
      <ymin>0</ymin>
      <xmax>1194</xmax>
      <ymax>205</ymax>
    </bndbox>
  </object>
  <object>
    <name>bird</name>
    <bndbox>
      <xmin>1561</xmin>
      <ymin>576</ymin>
      <xmax>2178</xmax>
      <ymax>1056</ymax>
    </bndbox>
  </object>
  <object>
    <name>bird</name>
    <bndbox>
      <xmin>1258</xmin>
      <ymin>638</ymin>
      <xmax>1584</xmax>
      <ymax>1052</ymax>
    </bndbox>
  </object>
  <object>
    <name>bird</name>
    <bndbox>
      <xmin>1514</xmin>
      <ymin>1211</ymin>
      <xmax>2158</xmax>
      <ymax>1566</ymax>
    </bndbox>
  </object>
  <object>
    <name>bird</name>
    <bndbox>
      <xmin>2095</xmin>
      <ymin>731</ymin>
      <xmax>2664</xmax>
      <ymax>998</ymax>
    </bndbox>
  </object>
  <object>
    <name>bird</name>
    <bndbox>
      <xmin>2152</xmin>
      <ymin>209</ymin>
      <xmax>2610</xmax>
      <ymax>538</ymax>
    </bndbox>
  </object>
  <object>
    <name>bird</name>
    <bndbox>
      <xmin>517</xmin>
      <ymin>785</ymin>
      <xmax>1030</xmax>
      <ymax>1124</ymax>
    </bndbox>
  </object>
  <object>
    <name>bird</name>
    <bndbox>
      <xmin>1983</xmin>
      <ymin>1168</ymin>
      <xmax>2463</xmax>
      <ymax>1476</ymax>
    </bndbox>
  </object>
  <object>
    <name>bird</name>
    <bndbox>
      <xmin>844</xmin>
      <ymin>991</ymin>
      <xmax>1501</xmax>
      <ymax>1312</ymax>
    </bndbox>
  </object>
  <object>
    <name>bird</name>
    <bndbox>
      <xmin>1617</xmin>
      <ymin>1</ymin>
      <xmax>1928</xmax>
      <ymax>102</ymax>
    </bndbox>
  </object>
</annotation>
