<?xml version='1.0' encoding='UTF-8'?>
<annotation>
  <folder>images</folder>
  <filename>frame_203.jpg</filename>
  <object>
    <name>bird</name>
    <bndbox>
      <xmin>1731</xmin>
      <ymin>1142</ymin>
      <xmax>2306</xmax>
      <ymax>1461</ymax>
    </bndbox>
  </object>
  <object>
    <name>bird</name>
    <bndbox>
      <xmin>2045</xmin>
      <ymin>612</ymin>
      <xmax>2359</xmax>
      <ymax>918</ymax>
    </bndbox>
  </object>
  <object>
    <name>bird</name>
    <bndbox>
      <xmin>2846</xmin>
      <ymin>1521</ymin>
      <xmax>3644</xmax>
      <ymax>1869</ymax>
    </bndbox>
  </object>
  <object>
    <name>bird</name>
    <bndbox>
      <xmin>2267</xmin>
      <ymin>802</ymin>
      <xmax>2693</xmax>
      <ymax>971</ymax>
    </bndbox>
  </object>
  <object>
    <name>bird</name>
    <bndbox>
      <xmin>2260</xmin>
      <ymin>984</ymin>
      <xmax>2732</xmax>
      <ymax>1204</ymax>
    </bndbox>
  </object>
  <object>
    <name>bird</name>
    <bndbox>
      <xmin>822</xmin>
      <ymin>978</ymin>
      <xmax>1412</xmax>
      <ymax>1226</ymax>
    </bndbox>
  </object>
</annotation>
