<?xml version='1.0' encoding='UTF-8'?>
<annotation>
  <folder>images</folder>
  <filename>frame_70.jpg</filename>
  <object>
    <name>bird</name>
    <bndbox>
      <xmin>776</xmin>
      <ymin>754</ymin>
      <xmax>1406</xmax>
      <ymax>1064</ymax>
    </bndbox>
  </object>
  <object>
    <name>bird</name>
    <bndbox>
      <xmin>2530</xmin>
      <ymin>1150</ymin>
      <xmax>3282</xmax>
      <ymax>1534</ymax>
    </bndbox>
  </object>
  <object>
    <name>bird</name>
    <bndbox>
      <xmin>1326</xmin>
      <ymin>188</ymin>
      <xmax>1846</xmax>
      <ymax>482</ymax>
    </bndbox>
  </object>
  <object>
    <name>bird</name>
    <bndbox>
      <xmin>1246</xmin>
      <ymin>805</ymin>
      <xmax>1676</xmax>
      <ymax>1287</ymax>
    </bndbox>
  </object>
  <object>
    <name>bird</name>
    <bndbox>
      <xmin>1754</xmin>
      <ymin>1216</ymin>
      <xmax>2160</xmax>
      <ymax>1530</ymax>
    </bndbox>
  </object>
  <object>
    <name>bird</name>
    <bndbox>
      <xmin>774</xmin>
      <ymin>1160</ymin>
      <xmax>1162</xmax>
      <ymax>1546</ymax>
    </bndbox>
  </object>
  <object>
    <name>bird</name>
    <bndbox>
      <xmin>1609</xmin>
      <ymin>669</ymin>
      <xmax>1980</xmax>
      <ymax>1189</ymax>
    </bndbox>
  </object>
  <object>
    <name>bird</name>
    <bndbox>
      <xmin>104</xmin>
      <ymin>73</ymin>
      <xmax>601</xmax>
      <ymax>308</ymax>
    </bndbox>
  </object>
  <object>
    <name>bird</name>
    <bndbox>
      <xmin>1960</xmin>
      <ymin>646</ymin>
      <xmax>2294</xmax>
      <ymax>1174</ymax>
    </bndbox>
  </object>
  <object>
    <name>bird</name>
    <bndbox>
      <xmin>2200</xmin>
      <ymin>1131</ymin>
      <xmax>2618</xmax>
      <ymax>1425</ymax>
    </bndbox>
  </object>
  <object>
    <name>bird</name>
    <bndbox>
      <xmin>0</xmin>
      <ymin>17</ymin>
      <xmax>255</xmax>
      <ymax>250</ymax>
    </bndbox>
  </object>
  <object>
    <name>bird</name>
    <bndbox>
      <xmin>2702</xmin>
      <ymin>789</ymin>
      <xmax>3447</xmax>
      <ymax>1124</ymax>
    </bndbox>
  </object>
  <object>
    <name>bird</name>
    <bndbox>
      <xmin>2667</xmin>
      <ymin>610</ymin>
      <xmax>3492</xmax>
      <ymax>899</ymax>
    </bndbox>
  </object>
  <object>
    <name>bird</name>
    <bndbox>
      <xmin>2124</xmin>
      <ymin>695</ymin>
      <xmax>2881</xmax>
      <ymax>1213</ymax>
    </bndbox>
  </object>
</annotation>
