<?xml version='1.0' encoding='UTF-8'?>
<annotation>
  <folder>images</folder>
  <filename>frame_317.jpg</filename>
  <object>
    <name>bird</name>
    <bndbox>
      <xmin>3413</xmin>
      <ymin>1013</ymin>
      <xmax>3837</xmax>
      <ymax>1313</ymax>
    </bndbox>
  </object>
  <object>
    <name>bird</name>
    <bndbox>
      <xmin>1419</xmin>
      <ymin>1650</ymin>
      <xmax>2003</xmax>
      <ymax>1969</ymax>
    </bndbox>
  </object>
  <object>
    <name>bird</name>
    <bndbox>
      <xmin>654</xmin>
      <ymin>1208</ymin>
      <xmax>1110</xmax>
      <ymax>1495</ymax>
    </bndbox>
  </object>
  <object>
    <name>bird</name>
    <bndbox>
      <xmin>310</xmin>
      <ymin>1717</ymin>
      <xmax>874</xmax>
      <ymax>2100</ymax>
    </bndbox>
  </object>
  <object>
    <name>bird</name>
    <bndbox>
      <xmin>2388</xmin>
      <ymin>948</ymin>
      <xmax>2691</xmax>
      <ymax>1254</ymax>
    </bndbox>
  </object>
  <object>
    <name>bird</name>
    <bndbox>
      <xmin>1538</xmin>
      <ymin>1027</ymin>
      <xmax>1759</xmax>
      <ymax>1270</ymax>
    </bndbox>
  </object>
  <object>
    <name>bird</name>
    <bndbox>
      <xmin>2251</xmin>
      <ymin>782</ymin>
      <xmax>2647</xmax>
      <ymax>968</ymax>
    </bndbox>
  </object>
  <object>
    <name>bird</name>
    <bndbox>
      <xmin>681</xmin>
      <ymin>920</ymin>
      <xmax>1072</xmax>
      <ymax>1118</ymax>
    </bndbox>
  </object>
  <object>
    <name>bird</name>
    <bndbox>
      <xmin>919</xmin>
      <ymin>1133</ymin>
      <xmax>1290</xmax>
      <ymax>1342</ymax>
    </bndbox>
  </object>
  <object>
    <name>bird</name>
    <bndbox>
      <xmin>1101</xmin>
      <ymin>1011</ymin>
      <xmax>1545</xmax>
      <ymax>1256</ymax>
    </bndbox>
  </object>
</annotation>
