<?xml version='1.0' encoding='UTF-8'?>
<annotation>
  <folder>images</folder>
  <filename>frame_31.jpg</filename>
  <object>
    <name>bird</name>
    <bndbox>
      <xmin>459</xmin>
      <ymin>392</ymin>
      <xmax>753</xmax>
      <ymax>747</ymax>
    </bndbox>
  </object>
  <object>
    <name>bird</name>
    <bndbox>
      <xmin>833</xmin>
      <ymin>6</ymin>
      <xmax>1285</xmax>
      <ymax>317</ymax>
    </bndbox>
  </object>
  <object>
    <name>bird</name>
    <bndbox>
      <xmin>1363</xmin>
      <ymin>562</ymin>
      <xmax>2031</xmax>
      <ymax>986</ymax>
    </bndbox>
  </object>
  <object>
    <name>bird</name>
    <bndbox>
      <xmin>1094</xmin>
      <ymin>583</ymin>
      <xmax>1395</xmax>
      <ymax>993</ymax>
    </bndbox>
  </object>
  <object>
    <name>bird</name>
    <bndbox>
      <xmin>881</xmin>
      <ymin>494</ymin>
      <xmax>1153</xmax>
      <ymax>945</ymax>
    </bndbox>
  </object>
  <object>
    <name>bird</name>
    <bndbox>
      <xmin>1348</xmin>
      <ymin>1180</ymin>
      <xmax>1847</xmax>
      <ymax>1474</ymax>
    </bndbox>
  </object>
  <object>
    <name>bird</name>
    <bndbox>
      <xmin>1920</xmin>
      <ymin>701</ymin>
      <xmax>2466</xmax>
      <ymax>957</ymax>
    </bndbox>
  </object>
  <object>
    <name>bird</name>
    <bndbox>
      <xmin>1914</xmin>
      <ymin>1003</ymin>
      <xmax>2482</xmax>
      <ymax>1268</ymax>
    </bndbox>
  </object>
  <object>
    <name>bird</name>
    <bndbox>
      <xmin>1582</xmin>
      <ymin>850</ymin>
      <xmax>2050</xmax>
      <ymax>1097</ymax>
    </bndbox>
  </object>
  <object>
    <name>bird</name>
    <bndbox>
      <xmin>626</xmin>
      <ymin>929</ymin>
      <xmax>1230</xmax>
      <ymax>1185</ymax>
    </bndbox>
  </object>
  <object>
    <name>bird</name>
    <bndbox>
      <xmin>979</xmin>
      <ymin>951</ymin>
      <xmax>1684</xmax>
      <ymax>1250</ymax>
    </bndbox>
  </object>
  <object>
    <name>bird</name>
    <bndbox>
      <xmin>1932</xmin>
      <ymin>219</ymin>
      <xmax>2486</xmax>
      <ymax>585</ymax>
    </bndbox>
  </object>
  <object>
    <name>bird</name>
    <bndbox>
      <xmin>387</xmin>
      <ymin>691</ymin>
      <xmax>894</xmax>
      <ymax>1031</ymax>
    </bndbox>
  </object>
</annotation>
