<?xml version='1.0' encoding='UTF-8'?>
<annotation>
  <folder>images</folder>
  <filename>frame_107.jpg</filename>
  <object>
    <name>bird</name>
    <bndbox>
      <xmin>99</xmin>
      <ymin>835</ymin>
      <xmax>405</xmax>
      <ymax>1181</ymax>
    </bndbox>
  </object>
  <object>
    <name>bird</name>
    <bndbox>
      <xmin>1408</xmin>
      <ymin>1138</ymin>
      <xmax>2114</xmax>
      <ymax>1517</ymax>
    </bndbox>
  </object>
  <object>
    <name>bird</name>
    <bndbox>
      <xmin>1160</xmin>
      <ymin>974</ymin>
      <xmax>1896</xmax>
      <ymax>1299</ymax>
    </bndbox>
  </object>
  <object>
    <name>bird</name>
    <bndbox>
      <xmin>739</xmin>
      <ymin>800</ymin>
      <xmax>1285</xmax>
      <ymax>1144</ymax>
    </bndbox>
  </object>
  <object>
    <name>bird</name>
    <bndbox>
      <xmin>1710</xmin>
      <ymin>589</ymin>
      <xmax>1937</xmax>
      <ymax>1078</ymax>
    </bndbox>
  </object>
  <object>
    <name>bird</name>
    <bndbox>
      <xmin>2857</xmin>
      <ymin>948</ymin>
      <xmax>3074</xmax>
      <ymax>1218</ymax>
    </bndbox>
  </object>
  <object>
    <name>bird</name>
    <bndbox>
      <xmin>810</xmin>
      <ymin>653</ymin>
      <xmax>1172</xmax>
      <ymax>894</ymax>
    </bndbox>
  </object>
  <object>
    <name>bird</name>
    <bndbox>
      <xmin>1302</xmin>
      <ymin>637</ymin>
      <xmax>1714</xmax>
      <ymax>939</ymax>
    </bndbox>
  </object>
  <object>
    <name>bird</name>
    <bndbox>
      <xmin>1984</xmin>
      <ymin>863</ymin>
      <xmax>2690</xmax>
      <ymax>1097</ymax>
    </bndbox>
  </object>
  <object>
    <name>bird</name>
    <bndbox>
      <xmin>2015</xmin>
      <ymin>1019</ymin>
      <xmax>2420</xmax>
      <ymax>1283</ymax>
    </bndbox>
  </object>
  <object>
    <name>bird</name>
    <bndbox>
      <xmin>1985</xmin>
      <ymin>437</ymin>
      <xmax>2473</xmax>
      <ymax>817</ymax>
    </bndbox>
  </object>
  <object>
    <name>bird</name>
    <bndbox>
      <xmin>2500</xmin>
      <ymin>732</ymin>
      <xmax>2938</xmax>
      <ymax>1007</ymax>
    </bndbox>
  </object>
</annotation>
