<?xml version='1.0' encoding='UTF-8'?>
<annotation>
  <folder>images</folder>
  <filename>frame_339.jpg</filename>
  <object>
    <name>bird</name>
    <bndbox>
      <xmin>1433</xmin>
      <ymin>1717</ymin>
      <xmax>2041</xmax>
      <ymax>1979</ymax>
    </bndbox>
  </object>
  <object>
    <name>bird</name>
    <bndbox>
      <xmin>404</xmin>
      <ymin>1234</ymin>
      <xmax>879</xmax>
      <ymax>1467</ymax>
    </bndbox>
  </object>
  <object>
    <name>bird</name>
    <bndbox>
      <xmin>545</xmin>
      <ymin>1761</ymin>
      <xmax>926</xmax>
      <ymax>2158</ymax>
    </bndbox>
  </object>
  <object>
    <name>bird</name>
    <bndbox>
      <xmin>2907</xmin>
      <ymin>1071</ymin>
      <xmax>3199</xmax>
      <ymax>1341</ymax>
    </bndbox>
  </object>
  <object>
    <name>bird</name>
    <bndbox>
      <xmin>1090</xmin>
      <ymin>1173</ymin>
      <xmax>1420</xmax>
      <ymax>1407</ymax>
    </bndbox>
  </object>
  <object>
    <name>bird</name>
    <bndbox>
      <xmin>1412</xmin>
      <ymin>1077</ymin>
      <xmax>1729</xmax>
      <ymax>1297</ymax>
    </bndbox>
  </object>
  <object>
    <name>bird</name>
    <bndbox>
      <xmin>2865</xmin>
      <ymin>1752</ymin>
      <xmax>3168</xmax>
      <ymax>2131</ymax>
    </bndbox>
  </object>
  <object>
    <name>bird</name>
    <bndbox>
      <xmin>1906</xmin>
      <ymin>823</ymin>
      <xmax>2250</xmax>
      <ymax>985</ymax>
    </bndbox>
  </object>
  <object>
    <name>bird</name>
    <bndbox>
      <xmin>897</xmin>
      <ymin>964</ymin>
      <xmax>1271</xmax>
      <ymax>1148</ymax>
    </bndbox>
  </object>
  <object>
    <name>bird</name>
    <bndbox>
      <xmin>1146</xmin>
      <ymin>827</ymin>
      <xmax>1494</xmax>
      <ymax>1002</ymax>
    </bndbox>
  </object>
  <object>
    <name>bird</name>
    <bndbox>
      <xmin>972</xmin>
      <ymin>723</ymin>
      <xmax>1300</xmax>
      <ymax>944</ymax>
    </bndbox>
  </object>
</annotation>
