<?xml version='1.0' encoding='UTF-8'?>
<annotation>
  <folder>images</folder>
  <filename>frame_365.jpg</filename>
  <object>
    <name>bird</name>
    <bndbox>
      <xmin>1661</xmin>
      <ymin>1488</ymin>
      <xmax>2233</xmax>
      <ymax>1907</ymax>
    </bndbox>
  </object>
  <object>
    <name>bird</name>
    <bndbox>
      <xmin>559</xmin>
      <ymin>894</ymin>
      <xmax>788</xmax>
      <ymax>1113</ymax>
    </bndbox>
  </object>
  <object>
    <name>bird</name>
    <bndbox>
      <xmin>669</xmin>
      <ymin>1756</ymin>
      <xmax>1107</xmax>
      <ymax>2157</ymax>
    </bndbox>
  </object>
  <object>
    <name>bird</name>
    <bndbox>
      <xmin>3008</xmin>
      <ymin>1568</ymin>
      <xmax>3271</xmax>
      <ymax>1892</ymax>
    </bndbox>
  </object>
  <object>
    <name>bird</name>
    <bndbox>
      <xmin>933</xmin>
      <ymin>1145</ymin>
      <xmax>1428</xmax>
      <ymax>1380</ymax>
    </bndbox>
  </object>
  <object>
    <name>bird</name>
    <bndbox>
      <xmin>941</xmin>
      <ymin>1653</ymin>
      <xmax>1452</xmax>
      <ymax>2020</ymax>
    </bndbox>
  </object>
  <object>
    <name>bird</name>
    <bndbox>
      <xmin>964</xmin>
      <ymin>938</ymin>
      <xmax>1402</xmax>
      <ymax>1161</ymax>
    </bndbox>
  </object>
  <object>
    <name>bird</name>
    <bndbox>
      <xmin>1492</xmin>
      <ymin>655</ymin>
      <xmax>1787</xmax>
      <ymax>830</ymax>
    </bndbox>
  </object>
  <object>
    <name>bird</name>
    <bndbox>
      <xmin>2122</xmin>
      <ymin>1036</ymin>
      <xmax>2388</xmax>
      <ymax>1248</ymax>
    </bndbox>
  </object>
  <object>
    <name>bird</name>
    <bndbox>
      <xmin>1641</xmin>
      <ymin>1052</ymin>
      <xmax>1878</xmax>
      <ymax>1238</ymax>
    </bndbox>
  </object>
  <object>
    <name>bird</name>
    <bndbox>
      <xmin>1409</xmin>
      <ymin>756</ymin>
      <xmax>1836</xmax>
      <ymax>1043</ymax>
    </bndbox>
  </object>
  <object>
    <name>bird</name>
    <bndbox>
      <xmin>1855</xmin>
      <ymin>843</ymin>
      <xmax>2260</xmax>
      <ymax>1033</ymax>
    </bndbox>
  </object>
</annotation>
