<?xml version='1.0' encoding='UTF-8'?>
<annotation>
  <folder>images</folder>
  <filename>frame_111.jpg</filename>
  <object>
    <name>bird</name>
    <bndbox>
      <xmin>1760</xmin>
      <ymin>1225</ymin>
      <xmax>2407</xmax>
      <ymax>1586</ymax>
    </bndbox>
  </object>
  <object>
    <name>bird</name>
    <bndbox>
      <xmin>1091</xmin>
      <ymin>1060</ymin>
      <xmax>1906</xmax>
      <ymax>1438</ymax>
    </bndbox>
  </object>
  <object>
    <name>bird</name>
    <bndbox>
      <xmin>896</xmin>
      <ymin>936</ymin>
      <xmax>1371</xmax>
      <ymax>1203</ymax>
    </bndbox>
  </object>
  <object>
    <name>bird</name>
    <bndbox>
      <xmin>1645</xmin>
      <ymin>765</ymin>
      <xmax>1857</xmax>
      <ymax>1166</ymax>
    </bndbox>
  </object>
  <object>
    <name>bird</name>
    <bndbox>
      <xmin>447</xmin>
      <ymin>703</ymin>
      <xmax>1071</xmax>
      <ymax>1088</ymax>
    </bndbox>
  </object>
  <object>
    <name>bird</name>
    <bndbox>
      <xmin>2350</xmin>
      <ymin>808</ymin>
      <xmax>2798</xmax>
      <ymax>1061</ymax>
    </bndbox>
  </object>
  <object>
    <name>bird</name>
    <bndbox>
      <xmin>2614</xmin>
      <ymin>1016</ymin>
      <xmax>3135</xmax>
      <ymax>1272</ymax>
    </bndbox>
  </object>
  <object>
    <name>bird</name>
    <bndbox>
      <xmin>1834</xmin>
      <ymin>927</ymin>
      <xmax>2653</xmax>
      <ymax>1208</ymax>
    </bndbox>
  </object>
  <object>
    <name>bird</name>
    <bndbox>
      <xmin>1960</xmin>
      <ymin>549</ymin>
      <xmax>2170</xmax>
      <ymax>898</ymax>
    </bndbox>
  </object>
  <object>
    <name>bird</name>
    <bndbox>
      <xmin>1194</xmin>
      <ymin>693</ymin>
      <xmax>1667</xmax>
      <ymax>1036</ymax>
    </bndbox>
  </object>
</annotation>
