<?xml version='1.0' encoding='UTF-8'?>
<annotation>
  <folder>images</folder>
  <filename>frame_258.jpg</filename>
  <object>
    <name>bird</name>
    <bndbox>
      <xmin>2484</xmin>
      <ymin>833</ymin>
      <xmax>2832</xmax>
      <ymax>1173</ymax>
    </bndbox>
  </object>
  <object>
    <name>bird</name>
    <bndbox>
      <xmin>2141</xmin>
      <ymin>1539</ymin>
      <xmax>2755</xmax>
      <ymax>1848</ymax>
    </bndbox>
  </object>
  <object>
    <name>bird</name>
    <bndbox>
      <xmin>2587</xmin>
      <ymin>1228</ymin>
      <xmax>2899</xmax>
      <ymax>1481</ymax>
    </bndbox>
  </object>
  <object>
    <name>bird</name>
    <bndbox>
      <xmin>749</xmin>
      <ymin>1137</ymin>
      <xmax>1261</xmax>
      <ymax>1359</ymax>
    </bndbox>
  </object>
  <object>
    <name>bird</name>
    <bndbox>
      <xmin>1951</xmin>
      <ymin>1109</ymin>
      <xmax>2291</xmax>
      <ymax>1393</ymax>
    </bndbox>
  </object>
  <object>
    <name>bird</name>
    <bndbox>
      <xmin>1776</xmin>
      <ymin>1156</ymin>
      <xmax>2041</xmax>
      <ymax>1366</ymax>
    </bndbox>
  </object>
  <object>
    <name>bird</name>
    <bndbox>
      <xmin>1869</xmin>
      <ymin>788</ymin>
      <xmax>2068</xmax>
      <ymax>1088</ymax>
    </bndbox>
  </object>
  <object>
    <name>bird</name>
    <bndbox>
      <xmin>2104</xmin>
      <ymin>879</ymin>
      <xmax>2572</xmax>
      <ymax>1086</ymax>
    </bndbox>
  </object>
</annotation>
