<?xml version='1.0' encoding='UTF-8'?>
<annotation>
  <folder>images</folder>
  <filename>frame_330.jpg</filename>
  <object>
    <name>bird</name>
    <bndbox>
      <xmin>1521</xmin>
      <ymin>1695</ymin>
      <xmax>2070</xmax>
      <ymax>1953</ymax>
    </bndbox>
  </object>
  <object>
    <name>bird</name>
    <bndbox>
      <xmin>524</xmin>
      <ymin>1193</ymin>
      <xmax>996</xmax>
      <ymax>1476</ymax>
    </bndbox>
  </object>
  <object>
    <name>bird</name>
    <bndbox>
      <xmin>470</xmin>
      <ymin>1679</ymin>
      <xmax>1015</xmax>
      <ymax>2141</ymax>
    </bndbox>
  </object>
  <object>
    <name>bird</name>
    <bndbox>
      <xmin>1754</xmin>
      <ymin>1031</ymin>
      <xmax>2031</xmax>
      <ymax>1314</ymax>
    </bndbox>
  </object>
  <object>
    <name>bird</name>
    <bndbox>
      <xmin>2831</xmin>
      <ymin>961</ymin>
      <xmax>3197</xmax>
      <ymax>1213</ymax>
    </bndbox>
  </object>
  <object>
    <name>bird</name>
    <bndbox>
      <xmin>1068</xmin>
      <ymin>1135</ymin>
      <xmax>1502</xmax>
      <ymax>1385</ymax>
    </bndbox>
  </object>
  <object>
    <name>bird</name>
    <bndbox>
      <xmin>1438</xmin>
      <ymin>1051</ymin>
      <xmax>1771</xmax>
      <ymax>1270</ymax>
    </bndbox>
  </object>
  <object>
    <name>bird</name>
    <bndbox>
      <xmin>630</xmin>
      <ymin>799</ymin>
      <xmax>920</xmax>
      <ymax>1066</ymax>
    </bndbox>
  </object>
  <object>
    <name>bird</name>
    <bndbox>
      <xmin>1345</xmin>
      <ymin>1963</ymin>
      <xmax>1761</xmax>
      <ymax>2158</ymax>
    </bndbox>
  </object>
  <object>
    <name>bird</name>
    <bndbox>
      <xmin>2584</xmin>
      <ymin>1328</ymin>
      <xmax>2834</xmax>
      <ymax>1639</ymax>
    </bndbox>
  </object>
  <object>
    <name>bird</name>
    <bndbox>
      <xmin>1862</xmin>
      <ymin>766</ymin>
      <xmax>2269</xmax>
      <ymax>990</ymax>
    </bndbox>
  </object>
  <object>
    <name>bird</name>
    <bndbox>
      <xmin>2001</xmin>
      <ymin>1013</ymin>
      <xmax>2337</xmax>
      <ymax>1218</ymax>
    </bndbox>
  </object>
</annotation>
