<?xml version='1.0' encoding='UTF-8'?>
<annotation>
  <folder>images</folder>
  <filename>frame_48.jpg</filename>
  <object>
    <name>bird</name>
    <bndbox>
      <xmin>305</xmin>
      <ymin>559</ymin>
      <xmax>782</xmax>
      <ymax>910</ymax>
    </bndbox>
  </object>
  <object>
    <name>bird</name>
    <bndbox>
      <xmin>1500</xmin>
      <ymin>573</ymin>
      <xmax>2022</xmax>
      <ymax>1075</ymax>
    </bndbox>
  </object>
  <object>
    <name>bird</name>
    <bndbox>
      <xmin>1728</xmin>
      <ymin>1264</ymin>
      <xmax>2268</xmax>
      <ymax>1584</ymax>
    </bndbox>
  </object>
  <object>
    <name>bird</name>
    <bndbox>
      <xmin>2010</xmin>
      <ymin>676</ymin>
      <xmax>2547</xmax>
      <ymax>936</ymax>
    </bndbox>
  </object>
  <object>
    <name>bird</name>
    <bndbox>
      <xmin>1975</xmin>
      <ymin>103</ymin>
      <xmax>2528</xmax>
      <ymax>484</ymax>
    </bndbox>
  </object>
  <object>
    <name>bird</name>
    <bndbox>
      <xmin>2122</xmin>
      <ymin>1152</ymin>
      <xmax>2659</xmax>
      <ymax>1444</ymax>
    </bndbox>
  </object>
  <object>
    <name>bird</name>
    <bndbox>
      <xmin>976</xmin>
      <ymin>0</ymin>
      <xmax>1382</xmax>
      <ymax>130</ymax>
    </bndbox>
  </object>
  <object>
    <name>bird</name>
    <bndbox>
      <xmin>928</xmin>
      <ymin>632</ymin>
      <xmax>1200</xmax>
      <ymax>1123</ymax>
    </bndbox>
  </object>
  <object>
    <name>bird</name>
    <bndbox>
      <xmin>867</xmin>
      <ymin>1071</ymin>
      <xmax>1455</xmax>
      <ymax>1363</ymax>
    </bndbox>
  </object>
  <object>
    <name>bird</name>
    <bndbox>
      <xmin>1711</xmin>
      <ymin>1012</ymin>
      <xmax>2024</xmax>
      <ymax>1274</ymax>
    </bndbox>
  </object>
  <object>
    <name>bird</name>
    <bndbox>
      <xmin>1419</xmin>
      <ymin>1022</ymin>
      <xmax>1717</xmax>
      <ymax>1334</ymax>
    </bndbox>
  </object>
</annotation>
