<?xml version='1.0' encoding='UTF-8'?>
<annotation>
  <folder>images</folder>
  <filename>frame_146.jpg</filename>
  <object>
    <name>bird</name>
    <bndbox>
      <xmin>1129</xmin>
      <ymin>1260</ymin>
      <xmax>1815</xmax>
      <ymax>1563</ymax>
    </bndbox>
  </object>
  <object>
    <name>bird</name>
    <bndbox>
      <xmin>1439</xmin>
      <ymin>952</ymin>
      <xmax>1693</xmax>
      <ymax>1372</ymax>
    </bndbox>
  </object>
  <object>
    <name>bird</name>
    <bndbox>
      <xmin>81</xmin>
      <ymin>1371</ymin>
      <xmax>553</xmax>
      <ymax>1670</ymax>
    </bndbox>
  </object>
  <object>
    <name>bird</name>
    <bndbox>
      <xmin>1677</xmin>
      <ymin>867</ymin>
      <xmax>1918</xmax>
      <ymax>1251</ymax>
    </bndbox>
  </object>
  <object>
    <name>bird</name>
    <bndbox>
      <xmin>832</xmin>
      <ymin>1154</ymin>
      <xmax>1263</xmax>
      <ymax>1406</ymax>
    </bndbox>
  </object>
  <object>
    <name>bird</name>
    <bndbox>
      <xmin>1751</xmin>
      <ymin>736</ymin>
      <xmax>1979</xmax>
      <ymax>1106</ymax>
    </bndbox>
  </object>
  <object>
    <name>bird</name>
    <bndbox>
      <xmin>1974</xmin>
      <ymin>788</ymin>
      <xmax>2227</xmax>
      <ymax>1080</ymax>
    </bndbox>
  </object>
  <object>
    <name>bird</name>
    <bndbox>
      <xmin>1707</xmin>
      <ymin>1133</ymin>
      <xmax>2249</xmax>
      <ymax>1428</ymax>
    </bndbox>
  </object>
</annotation>
