<?xml version='1.0' encoding='UTF-8'?>
<annotation>
  <folder>images</folder>
  <filename>frame_133.jpg</filename>
  <object>
    <name>bird</name>
    <bndbox>
      <xmin>1832</xmin>
      <ymin>1400</ymin>
      <xmax>2244</xmax>
      <ymax>1661</ymax>
    </bndbox>
  </object>
  <object>
    <name>bird</name>
    <bndbox>
      <xmin>1056</xmin>
      <ymin>1212</ymin>
      <xmax>1699</xmax>
      <ymax>1521</ymax>
    </bndbox>
  </object>
  <object>
    <name>bird</name>
    <bndbox>
      <xmin>1371</xmin>
      <ymin>962</ymin>
      <xmax>1595</xmax>
      <ymax>1328</ymax>
    </bndbox>
  </object>
  <object>
    <name>bird</name>
    <bndbox>
      <xmin>1589</xmin>
      <ymin>1059</ymin>
      <xmax>2350</xmax>
      <ymax>1399</ymax>
    </bndbox>
  </object>
  <object>
    <name>bird</name>
    <bndbox>
      <xmin>1711</xmin>
      <ymin>681</ymin>
      <xmax>1927</xmax>
      <ymax>1013</ymax>
    </bndbox>
  </object>
  <object>
    <name>bird</name>
    <bndbox>
      <xmin>755</xmin>
      <ymin>737</ymin>
      <xmax>1045</xmax>
      <ymax>991</ymax>
    </bndbox>
  </object>
  <object>
    <name>bird</name>
    <bndbox>
      <xmin>990</xmin>
      <ymin>923</ymin>
      <xmax>1463</xmax>
      <ymax>1159</ymax>
    </bndbox>
  </object>
  <object>
    <name>bird</name>
    <bndbox>
      <xmin>712</xmin>
      <ymin>1103</ymin>
      <xmax>1184</xmax>
      <ymax>1363</ymax>
    </bndbox>
  </object>
  <object>
    <name>bird</name>
    <bndbox>
      <xmin>110</xmin>
      <ymin>1299</ymin>
      <xmax>355</xmax>
      <ymax>1646</ymax>
    </bndbox>
  </object>
  <object>
    <name>bird</name>
    <bndbox>
      <xmin>1898</xmin>
      <ymin>739</ymin>
      <xmax>2160</xmax>
      <ymax>1014</ymax>
    </bndbox>
  </object>
</annotation>
