<?xml version='1.0' encoding='UTF-8'?>
<annotation>
  <folder>images</folder>
  <filename>frame_299.jpg</filename>
  <object>
    <name>bird</name>
    <bndbox>
      <xmin>2996</xmin>
      <ymin>1021</ymin>
      <xmax>3253</xmax>
      <ymax>1284</ymax>
    </bndbox>
  </object>
  <object>
    <name>bird</name>
    <bndbox>
      <xmin>1146</xmin>
      <ymin>1587</ymin>
      <xmax>1556</xmax>
      <ymax>1865</ymax>
    </bndbox>
  </object>
  <object>
    <name>bird</name>
    <bndbox>
      <xmin>997</xmin>
      <ymin>1017</ymin>
      <xmax>1378</xmax>
      <ymax>1259</ymax>
    </bndbox>
  </object>
  <object>
    <name>bird</name>
    <bndbox>
      <xmin>1409</xmin>
      <ymin>1164</ymin>
      <xmax>1847</xmax>
      <ymax>1504</ymax>
    </bndbox>
  </object>
  <object>
    <name>bird</name>
    <bndbox>
      <xmin>611</xmin>
      <ymin>1792</ymin>
      <xmax>971</xmax>
      <ymax>2059</ymax>
    </bndbox>
  </object>
  <object>
    <name>bird</name>
    <bndbox>
      <xmin>1913</xmin>
      <ymin>898</ymin>
      <xmax>2095</xmax>
      <ymax>1112</ymax>
    </bndbox>
  </object>
  <object>
    <name>bird</name>
    <bndbox>
      <xmin>2329</xmin>
      <ymin>802</ymin>
      <xmax>2702</xmax>
      <ymax>991</ymax>
    </bndbox>
  </object>
  <object>
    <name>bird</name>
    <bndbox>
      <xmin>265</xmin>
      <ymin>1801</ymin>
      <xmax>785</xmax>
      <ymax>2157</ymax>
    </bndbox>
  </object>
  <object>
    <name>bird</name>
    <bndbox>
      <xmin>1</xmin>
      <ymin>1634</ymin>
      <xmax>223</xmax>
      <ymax>1944</ymax>
    </bndbox>
  </object>
  <object>
    <name>bird</name>
    <bndbox>
      <xmin>2141</xmin>
      <ymin>838</ymin>
      <xmax>2505</xmax>
      <ymax>1209</ymax>
    </bndbox>
  </object>
  <object>
    <name>bird</name>
    <bndbox>
      <xmin>768</xmin>
      <ymin>2002</ymin>
      <xmax>1517</xmax>
      <ymax>2158</ymax>
    </bndbox>
  </object>
  <object>
    <name>bird</name>
    <bndbox>
      <xmin>1481</xmin>
      <ymin>878</ymin>
      <xmax>1791</xmax>
      <ymax>1195</ymax>
    </bndbox>
  </object>
  <object>
    <name>bird</name>
    <bndbox>
      <xmin>1997</xmin>
      <ymin>696</ymin>
      <xmax>2302</xmax>
      <ymax>858</ymax>
    </bndbox>
  </object>
  <object>
    <name>bird</name>
    <bndbox>
      <xmin>1047</xmin>
      <ymin>811</ymin>
      <xmax>1681</xmax>
      <ymax>1138</ymax>
    </bndbox>
  </object>
</annotation>
