<?xml version='1.0' encoding='UTF-8'?>
<annotation>
  <folder>images</folder>
  <filename>frame_303.jpg</filename>
  <object>
    <name>bird</name>
    <bndbox>
      <xmin>2978</xmin>
      <ymin>990</ymin>
      <xmax>3222</xmax>
      <ymax>1260</ymax>
    </bndbox>
  </object>
  <object>
    <name>bird</name>
    <bndbox>
      <xmin>1188</xmin>
      <ymin>1600</ymin>
      <xmax>1646</xmax>
      <ymax>1872</ymax>
    </bndbox>
  </object>
  <object>
    <name>bird</name>
    <bndbox>
      <xmin>959</xmin>
      <ymin>1032</ymin>
      <xmax>1292</xmax>
      <ymax>1251</ymax>
    </bndbox>
  </object>
  <object>
    <name>bird</name>
    <bndbox>
      <xmin>1196</xmin>
      <ymin>1168</ymin>
      <xmax>1642</xmax>
      <ymax>1477</ymax>
    </bndbox>
  </object>
  <object>
    <name>bird</name>
    <bndbox>
      <xmin>725</xmin>
      <ymin>1803</ymin>
      <xmax>1123</xmax>
      <ymax>2072</ymax>
    </bndbox>
  </object>
  <object>
    <name>bird</name>
    <bndbox>
      <xmin>411</xmin>
      <ymin>1815</ymin>
      <xmax>890</xmax>
      <ymax>2157</ymax>
    </bndbox>
  </object>
  <object>
    <name>bird</name>
    <bndbox>
      <xmin>79</xmin>
      <ymin>1580</ymin>
      <xmax>352</xmax>
      <ymax>1923</ymax>
    </bndbox>
  </object>
  <object>
    <name>bird</name>
    <bndbox>
      <xmin>2065</xmin>
      <ymin>753</ymin>
      <xmax>2429</xmax>
      <ymax>1150</ymax>
    </bndbox>
  </object>
  <object>
    <name>bird</name>
    <bndbox>
      <xmin>887</xmin>
      <ymin>1976</ymin>
      <xmax>1713</xmax>
      <ymax>2158</ymax>
    </bndbox>
  </object>
  <object>
    <name>bird</name>
    <bndbox>
      <xmin>1541</xmin>
      <ymin>970</ymin>
      <xmax>1774</xmax>
      <ymax>1215</ymax>
    </bndbox>
  </object>
  <object>
    <name>bird</name>
    <bndbox>
      <xmin>1084</xmin>
      <ymin>926</ymin>
      <xmax>1558</xmax>
      <ymax>1163</ymax>
    </bndbox>
  </object>
  <object>
    <name>bird</name>
    <bndbox>
      <xmin>1944</xmin>
      <ymin>702</ymin>
      <xmax>2247</xmax>
      <ymax>848</ymax>
    </bndbox>
  </object>
  <object>
    <name>bird</name>
    <bndbox>
      <xmin>1663</xmin>
      <ymin>661</ymin>
      <xmax>1856</xmax>
      <ymax>842</ymax>
    </bndbox>
  </object>
  <object>
    <name>bird</name>
    <bndbox>
      <xmin>1862</xmin>
      <ymin>740</ymin>
      <xmax>2210</xmax>
      <ymax>983</ymax>
    </bndbox>
  </object>
</annotation>
