<?xml version='1.0' encoding='UTF-8'?>
<annotation>
  <folder>images</folder>
  <filename>frame_30.jpg</filename>
  <object>
    <name>bird</name>
    <bndbox>
      <xmin>450</xmin>
      <ymin>395</ymin>
      <xmax>747</xmax>
      <ymax>745</ymax>
    </bndbox>
  </object>
  <object>
    <name>bird</name>
    <bndbox>
      <xmin>820</xmin>
      <ymin>20</ymin>
      <xmax>1301</xmax>
      <ymax>334</ymax>
    </bndbox>
  </object>
  <object>
    <name>bird</name>
    <bndbox>
      <xmin>1363</xmin>
      <ymin>594</ymin>
      <xmax>1987</xmax>
      <ymax>983</ymax>
    </bndbox>
  </object>
  <object>
    <name>bird</name>
    <bndbox>
      <xmin>1086</xmin>
      <ymin>609</ymin>
      <xmax>1379</xmax>
      <ymax>1013</ymax>
    </bndbox>
  </object>
  <object>
    <name>bird</name>
    <bndbox>
      <xmin>856</xmin>
      <ymin>514</ymin>
      <xmax>1126</xmax>
      <ymax>953</ymax>
    </bndbox>
  </object>
  <object>
    <name>bird</name>
    <bndbox>
      <xmin>1291</xmin>
      <ymin>1198</ymin>
      <xmax>1830</xmax>
      <ymax>1518</ymax>
    </bndbox>
  </object>
  <object>
    <name>bird</name>
    <bndbox>
      <xmin>1914</xmin>
      <ymin>722</ymin>
      <xmax>2431</xmax>
      <ymax>966</ymax>
    </bndbox>
  </object>
  <object>
    <name>bird</name>
    <bndbox>
      <xmin>1867</xmin>
      <ymin>1011</ymin>
      <xmax>2466</xmax>
      <ymax>1291</ymax>
    </bndbox>
  </object>
  <object>
    <name>bird</name>
    <bndbox>
      <xmin>2006</xmin>
      <ymin>910</ymin>
      <xmax>2596</xmax>
      <ymax>1089</ymax>
    </bndbox>
  </object>
  <object>
    <name>bird</name>
    <bndbox>
      <xmin>1642</xmin>
      <ymin>1103</ymin>
      <xmax>1980</xmax>
      <ymax>1432</ymax>
    </bndbox>
  </object>
  <object>
    <name>bird</name>
    <bndbox>
      <xmin>1554</xmin>
      <ymin>862</ymin>
      <xmax>2026</xmax>
      <ymax>1112</ymax>
    </bndbox>
  </object>
</annotation>
