<?xml version='1.0' encoding='UTF-8'?>
<annotation>
  <folder>images</folder>
  <filename>frame_25.jpg</filename>
  <object>
    <name>bird</name>
    <bndbox>
      <xmin>456</xmin>
      <ymin>380</ymin>
      <xmax>764</xmax>
      <ymax>740</ymax>
    </bndbox>
  </object>
  <object>
    <name>bird</name>
    <bndbox>
      <xmin>2065</xmin>
      <ymin>358</ymin>
      <xmax>2710</xmax>
      <ymax>710</ymax>
    </bndbox>
  </object>
  <object>
    <name>bird</name>
    <bndbox>
      <xmin>363</xmin>
      <ymin>676</ymin>
      <xmax>928</xmax>
      <ymax>1050</ymax>
    </bndbox>
  </object>
  <object>
    <name>bird</name>
    <bndbox>
      <xmin>1044</xmin>
      <ymin>84</ymin>
      <xmax>1515</xmax>
      <ymax>353</ymax>
    </bndbox>
  </object>
  <object>
    <name>bird</name>
    <bndbox>
      <xmin>1414</xmin>
      <ymin>625</ymin>
      <xmax>2003</xmax>
      <ymax>981</ymax>
    </bndbox>
  </object>
  <object>
    <name>bird</name>
    <bndbox>
      <xmin>1118</xmin>
      <ymin>600</ymin>
      <xmax>1405</xmax>
      <ymax>1026</ymax>
    </bndbox>
  </object>
  <object>
    <name>bird</name>
    <bndbox>
      <xmin>941</xmin>
      <ymin>499</ymin>
      <xmax>1234</xmax>
      <ymax>949</ymax>
    </bndbox>
  </object>
  <object>
    <name>bird</name>
    <bndbox>
      <xmin>1302</xmin>
      <ymin>1218</ymin>
      <xmax>1806</xmax>
      <ymax>1525</ymax>
    </bndbox>
  </object>
  <object>
    <name>bird</name>
    <bndbox>
      <xmin>1561</xmin>
      <ymin>886</ymin>
      <xmax>2000</xmax>
      <ymax>1111</ymax>
    </bndbox>
  </object>
  <object>
    <name>bird</name>
    <bndbox>
      <xmin>1957</xmin>
      <ymin>748</ymin>
      <xmax>2410</xmax>
      <ymax>979</ymax>
    </bndbox>
  </object>
  <object>
    <name>bird</name>
    <bndbox>
      <xmin>1513</xmin>
      <ymin>0</ymin>
      <xmax>1902</xmax>
      <ymax>135</ymax>
    </bndbox>
  </object>
  <object>
    <name>bird</name>
    <bndbox>
      <xmin>1926</xmin>
      <ymin>1052</ymin>
      <xmax>2480</xmax>
      <ymax>1311</ymax>
    </bndbox>
  </object>
  <object>
    <name>bird</name>
    <bndbox>
      <xmin>972</xmin>
      <ymin>986</ymin>
      <xmax>1610</xmax>
      <ymax>1277</ymax>
    </bndbox>
  </object>
  <object>
    <name>bird</name>
    <bndbox>
      <xmin>577</xmin>
      <ymin>946</ymin>
      <xmax>1247</xmax>
      <ymax>1222</ymax>
    </bndbox>
  </object>
  <object>
    <name>bird</name>
    <bndbox>
      <xmin>901</xmin>
      <ymin>1</ymin>
      <xmax>1085</xmax>
      <ymax>110</ymax>
    </bndbox>
  </object>
</annotation>
