<?xml version='1.0' encoding='UTF-8'?>
<annotation>
  <folder>images</folder>
  <filename>frame_247.jpg</filename>
  <object>
    <name>bird</name>
    <bndbox>
      <xmin>2544</xmin>
      <ymin>977</ymin>
      <xmax>3060</xmax>
      <ymax>1315</ymax>
    </bndbox>
  </object>
  <object>
    <name>bird</name>
    <bndbox>
      <xmin>2262</xmin>
      <ymin>1539</ymin>
      <xmax>2737</xmax>
      <ymax>1841</ymax>
    </bndbox>
  </object>
  <object>
    <name>bird</name>
    <bndbox>
      <xmin>2417</xmin>
      <ymin>1122</ymin>
      <xmax>2805</xmax>
      <ymax>1462</ymax>
    </bndbox>
  </object>
  <object>
    <name>bird</name>
    <bndbox>
      <xmin>1768</xmin>
      <ymin>1173</ymin>
      <xmax>2119</xmax>
      <ymax>1384</ymax>
    </bndbox>
  </object>
  <object>
    <name>bird</name>
    <bndbox>
      <xmin>798</xmin>
      <ymin>1088</ymin>
      <xmax>1334</xmax>
      <ymax>1364</ymax>
    </bndbox>
  </object>
  <object>
    <name>bird</name>
    <bndbox>
      <xmin>1923</xmin>
      <ymin>795</ymin>
      <xmax>2119</xmax>
      <ymax>1062</ymax>
    </bndbox>
  </object>
  <object>
    <name>bird</name>
    <bndbox>
      <xmin>1247</xmin>
      <ymin>1106</ymin>
      <xmax>1770</xmax>
      <ymax>1342</ymax>
    </bndbox>
  </object>
  <object>
    <name>bird</name>
    <bndbox>
      <xmin>1569</xmin>
      <ymin>950</ymin>
      <xmax>2031</xmax>
      <ymax>1216</ymax>
    </bndbox>
  </object>
  <object>
    <name>bird</name>
    <bndbox>
      <xmin>1745</xmin>
      <ymin>994</ymin>
      <xmax>2521</xmax>
      <ymax>1380</ymax>
    </bndbox>
  </object>
  <object>
    <name>bird</name>
    <bndbox>
      <xmin>2201</xmin>
      <ymin>877</ymin>
      <xmax>2567</xmax>
      <ymax>1048</ymax>
    </bndbox>
  </object>
</annotation>
