<?xml version='1.0' encoding='UTF-8'?>
<annotation>
  <folder>images</folder>
  <filename>frame_85.jpg</filename>
  <object>
    <name>bird</name>
    <bndbox>
      <xmin>2809</xmin>
      <ymin>1044</ymin>
      <xmax>3321</xmax>
      <ymax>1426</ymax>
    </bndbox>
  </object>
  <object>
    <name>bird</name>
    <bndbox>
      <xmin>543</xmin>
      <ymin>312</ymin>
      <xmax>1038</xmax>
      <ymax>642</ymax>
    </bndbox>
  </object>
  <object>
    <name>bird</name>
    <bndbox>
      <xmin>1375</xmin>
      <ymin>863</ymin>
      <xmax>1905</xmax>
      <ymax>1220</ymax>
    </bndbox>
  </object>
  <object>
    <name>bird</name>
    <bndbox>
      <xmin>2155</xmin>
      <ymin>1062</ymin>
      <xmax>2527</xmax>
      <ymax>1398</ymax>
    </bndbox>
  </object>
  <object>
    <name>bird</name>
    <bndbox>
      <xmin>1278</xmin>
      <ymin>1159</ymin>
      <xmax>1909</xmax>
      <ymax>1485</ymax>
    </bndbox>
  </object>
  <object>
    <name>bird</name>
    <bndbox>
      <xmin>1587</xmin>
      <ymin>686</ymin>
      <xmax>1991</xmax>
      <ymax>1064</ymax>
    </bndbox>
  </object>
  <object>
    <name>bird</name>
    <bndbox>
      <xmin>2082</xmin>
      <ymin>616</ymin>
      <xmax>2344</xmax>
      <ymax>1087</ymax>
    </bndbox>
  </object>
  <object>
    <name>bird</name>
    <bndbox>
      <xmin>2755</xmin>
      <ymin>620</ymin>
      <xmax>3390</xmax>
      <ymax>989</ymax>
    </bndbox>
  </object>
  <object>
    <name>bird</name>
    <bndbox>
      <xmin>2566</xmin>
      <ymin>440</ymin>
      <xmax>3285</xmax>
      <ymax>855</ymax>
    </bndbox>
  </object>
  <object>
    <name>bird</name>
    <bndbox>
      <xmin>2337</xmin>
      <ymin>675</ymin>
      <xmax>2857</xmax>
      <ymax>1063</ymax>
    </bndbox>
  </object>
  <object>
    <name>bird</name>
    <bndbox>
      <xmin>2881</xmin>
      <ymin>864</ymin>
      <xmax>3534</xmax>
      <ymax>1089</ymax>
    </bndbox>
  </object>
  <object>
    <name>bird</name>
    <bndbox>
      <xmin>1025</xmin>
      <ymin>699</ymin>
      <xmax>1509</xmax>
      <ymax>921</ymax>
    </bndbox>
  </object>
</annotation>
