<?xml version='1.0' encoding='UTF-8'?>
<annotation>
  <folder>images</folder>
  <filename>frame_360.jpg</filename>
  <object>
    <name>bird</name>
    <bndbox>
      <xmin>1530</xmin>
      <ymin>1574</ymin>
      <xmax>2266</xmax>
      <ymax>1976</ymax>
    </bndbox>
  </object>
  <object>
    <name>bird</name>
    <bndbox>
      <xmin>449</xmin>
      <ymin>936</ymin>
      <xmax>737</xmax>
      <ymax>1207</ymax>
    </bndbox>
  </object>
  <object>
    <name>bird</name>
    <bndbox>
      <xmin>622</xmin>
      <ymin>1779</ymin>
      <xmax>1077</xmax>
      <ymax>2157</ymax>
    </bndbox>
  </object>
  <object>
    <name>bird</name>
    <bndbox>
      <xmin>3040</xmin>
      <ymin>1458</ymin>
      <xmax>3308</xmax>
      <ymax>1778</ymax>
    </bndbox>
  </object>
  <object>
    <name>bird</name>
    <bndbox>
      <xmin>1020</xmin>
      <ymin>1161</ymin>
      <xmax>1464</xmax>
      <ymax>1393</ymax>
    </bndbox>
  </object>
  <object>
    <name>bird</name>
    <bndbox>
      <xmin>867</xmin>
      <ymin>1638</ymin>
      <xmax>1383</xmax>
      <ymax>2001</ymax>
    </bndbox>
  </object>
  <object>
    <name>bird</name>
    <bndbox>
      <xmin>933</xmin>
      <ymin>952</ymin>
      <xmax>1380</xmax>
      <ymax>1172</ymax>
    </bndbox>
  </object>
  <object>
    <name>bird</name>
    <bndbox>
      <xmin>1248</xmin>
      <ymin>1973</ymin>
      <xmax>1844</xmax>
      <ymax>2157</ymax>
    </bndbox>
  </object>
  <object>
    <name>bird</name>
    <bndbox>
      <xmin>1279</xmin>
      <ymin>834</ymin>
      <xmax>1564</xmax>
      <ymax>1014</ymax>
    </bndbox>
  </object>
  <object>
    <name>bird</name>
    <bndbox>
      <xmin>1426</xmin>
      <ymin>675</ymin>
      <xmax>1718</xmax>
      <ymax>903</ymax>
    </bndbox>
  </object>
  <object>
    <name>bird</name>
    <bndbox>
      <xmin>2089</xmin>
      <ymin>1043</ymin>
      <xmax>2366</xmax>
      <ymax>1261</ymax>
    </bndbox>
  </object>
  <object>
    <name>bird</name>
    <bndbox>
      <xmin>1601</xmin>
      <ymin>1060</ymin>
      <xmax>1880</xmax>
      <ymax>1251</ymax>
    </bndbox>
  </object>
</annotation>
