<?xml version='1.0' encoding='UTF-8'?>
<annotation>
  <folder>images</folder>
  <filename>frame_40.jpg</filename>
  <object>
    <name>bird</name>
    <bndbox>
      <xmin>393</xmin>
      <ymin>520</ymin>
      <xmax>722</xmax>
      <ymax>879</ymax>
    </bndbox>
  </object>
  <object>
    <name>bird</name>
    <bndbox>
      <xmin>815</xmin>
      <ymin>0</ymin>
      <xmax>1066</xmax>
      <ymax>205</ymax>
    </bndbox>
  </object>
  <object>
    <name>bird</name>
    <bndbox>
      <xmin>1528</xmin>
      <ymin>577</ymin>
      <xmax>2129</xmax>
      <ymax>1070</ymax>
    </bndbox>
  </object>
  <object>
    <name>bird</name>
    <bndbox>
      <xmin>1202</xmin>
      <ymin>651</ymin>
      <xmax>1542</xmax>
      <ymax>1069</ymax>
    </bndbox>
  </object>
  <object>
    <name>bird</name>
    <bndbox>
      <xmin>1554</xmin>
      <ymin>1243</ymin>
      <xmax>2145</xmax>
      <ymax>1570</ymax>
    </bndbox>
  </object>
  <object>
    <name>bird</name>
    <bndbox>
      <xmin>2070</xmin>
      <ymin>728</ymin>
      <xmax>2613</xmax>
      <ymax>979</ymax>
    </bndbox>
  </object>
  <object>
    <name>bird</name>
    <bndbox>
      <xmin>2081</xmin>
      <ymin>203</ymin>
      <xmax>2566</xmax>
      <ymax>540</ymax>
    </bndbox>
  </object>
  <object>
    <name>bird</name>
    <bndbox>
      <xmin>465</xmin>
      <ymin>835</ymin>
      <xmax>972</xmax>
      <ymax>1147</ymax>
    </bndbox>
  </object>
  <object>
    <name>bird</name>
    <bndbox>
      <xmin>1950</xmin>
      <ymin>1078</ymin>
      <xmax>2547</xmax>
      <ymax>1460</ymax>
    </bndbox>
  </object>
  <object>
    <name>bird</name>
    <bndbox>
      <xmin>1510</xmin>
      <ymin>0</ymin>
      <xmax>1837</xmax>
      <ymax>101</ymax>
    </bndbox>
  </object>
  <object>
    <name>bird</name>
    <bndbox>
      <xmin>1650</xmin>
      <ymin>1033</ymin>
      <xmax>1915</xmax>
      <ymax>1275</ymax>
    </bndbox>
  </object>
  <object>
    <name>bird</name>
    <bndbox>
      <xmin>496</xmin>
      <ymin>0</ymin>
      <xmax>810</xmax>
      <ymax>131</ymax>
    </bndbox>
  </object>
  <object>
    <name>bird</name>
    <bndbox>
      <xmin>996</xmin>
      <ymin>598</ymin>
      <xmax>1258</xmax>
      <ymax>1073</ymax>
    </bndbox>
  </object>
  <object>
    <name>bird</name>
    <bndbox>
      <xmin>1813</xmin>
      <ymin>905</ymin>
      <xmax>2282</xmax>
      <ymax>1154</ymax>
    </bndbox>
  </object>
</annotation>
