<?xml version='1.0' encoding='UTF-8'?>
<annotation>
  <folder>images</folder>
  <filename>frame_187.jpg</filename>
  <object>
    <name>bird</name>
    <bndbox>
      <xmin>1173</xmin>
      <ymin>1106</ymin>
      <xmax>1740</xmax>
      <ymax>1404</ymax>
    </bndbox>
  </object>
  <object>
    <name>bird</name>
    <bndbox>
      <xmin>1679</xmin>
      <ymin>1041</ymin>
      <xmax>2245</xmax>
      <ymax>1287</ymax>
    </bndbox>
  </object>
  <object>
    <name>bird</name>
    <bndbox>
      <xmin>2379</xmin>
      <ymin>1061</ymin>
      <xmax>2831</xmax>
      <ymax>1283</ymax>
    </bndbox>
  </object>
  <object>
    <name>bird</name>
    <bndbox>
      <xmin>2311</xmin>
      <ymin>590</ymin>
      <xmax>2769</xmax>
      <ymax>926</ymax>
    </bndbox>
  </object>
  <object>
    <name>bird</name>
    <bndbox>
      <xmin>1768</xmin>
      <ymin>1700</ymin>
      <xmax>2637</xmax>
      <ymax>2072</ymax>
    </bndbox>
  </object>
  <object>
    <name>bird</name>
    <bndbox>
      <xmin>982</xmin>
      <ymin>931</ymin>
      <xmax>1548</xmax>
      <ymax>1150</ymax>
    </bndbox>
  </object>
  <object>
    <name>bird</name>
    <bndbox>
      <xmin>2478</xmin>
      <ymin>820</ymin>
      <xmax>2907</xmax>
      <ymax>1021</ymax>
    </bndbox>
  </object>
  <object>
    <name>bird</name>
    <bndbox>
      <xmin>1777</xmin>
      <ymin>618</ymin>
      <xmax>2052</xmax>
      <ymax>835</ymax>
    </bndbox>
  </object>
</annotation>
