<?xml version='1.0' encoding='UTF-8'?>
<annotation>
  <folder>images</folder>
  <filename>frame_44.jpg</filename>
  <object>
    <name>bird</name>
    <bndbox>
      <xmin>250</xmin>
      <ymin>534</ymin>
      <xmax>716</xmax>
      <ymax>938</ymax>
    </bndbox>
  </object>
  <object>
    <name>bird</name>
    <bndbox>
      <xmin>1559</xmin>
      <ymin>576</ymin>
      <xmax>2110</xmax>
      <ymax>1070</ymax>
    </bndbox>
  </object>
  <object>
    <name>bird</name>
    <bndbox>
      <xmin>1218</xmin>
      <ymin>673</ymin>
      <xmax>1579</xmax>
      <ymax>1092</ymax>
    </bndbox>
  </object>
  <object>
    <name>bird</name>
    <bndbox>
      <xmin>1686</xmin>
      <ymin>1262</ymin>
      <xmax>2222</xmax>
      <ymax>1571</ymax>
    </bndbox>
  </object>
  <object>
    <name>bird</name>
    <bndbox>
      <xmin>2072</xmin>
      <ymin>687</ymin>
      <xmax>2633</xmax>
      <ymax>950</ymax>
    </bndbox>
  </object>
  <object>
    <name>bird</name>
    <bndbox>
      <xmin>2069</xmin>
      <ymin>178</ymin>
      <xmax>2577</xmax>
      <ymax>520</ymax>
    </bndbox>
  </object>
  <object>
    <name>bird</name>
    <bndbox>
      <xmin>2115</xmin>
      <ymin>1150</ymin>
      <xmax>2598</xmax>
      <ymax>1441</ymax>
    </bndbox>
  </object>
  <object>
    <name>bird</name>
    <bndbox>
      <xmin>1294</xmin>
      <ymin>0</ymin>
      <xmax>1653</xmax>
      <ymax>114</ymax>
    </bndbox>
  </object>
  <object>
    <name>bird</name>
    <bndbox>
      <xmin>1035</xmin>
      <ymin>652</ymin>
      <xmax>1272</xmax>
      <ymax>1084</ymax>
    </bndbox>
  </object>
  <object>
    <name>bird</name>
    <bndbox>
      <xmin>919</xmin>
      <ymin>1060</ymin>
      <xmax>1487</xmax>
      <ymax>1337</ymax>
    </bndbox>
  </object>
  <object>
    <name>bird</name>
    <bndbox>
      <xmin>1845</xmin>
      <ymin>890</ymin>
      <xmax>2346</xmax>
      <ymax>1157</ymax>
    </bndbox>
  </object>
  <object>
    <name>bird</name>
    <bndbox>
      <xmin>410</xmin>
      <ymin>910</ymin>
      <xmax>1087</xmax>
      <ymax>1188</ymax>
    </bndbox>
  </object>
  <object>
    <name>bird</name>
    <bndbox>
      <xmin>1698</xmin>
      <ymin>1010</ymin>
      <xmax>1987</xmax>
      <ymax>1274</ymax>
    </bndbox>
  </object>
</annotation>
