<?xml version='1.0' encoding='UTF-8'?>
<annotation>
  <folder>images</folder>
  <filename>frame_156.jpg</filename>
  <object>
    <name>bird</name>
    <bndbox>
      <xmin>1076</xmin>
      <ymin>1288</ymin>
      <xmax>1712</xmax>
      <ymax>1570</ymax>
    </bndbox>
  </object>
  <object>
    <name>bird</name>
    <bndbox>
      <xmin>1373</xmin>
      <ymin>993</ymin>
      <xmax>1645</xmax>
      <ymax>1385</ymax>
    </bndbox>
  </object>
  <object>
    <name>bird</name>
    <bndbox>
      <xmin>58</xmin>
      <ymin>1365</ymin>
      <xmax>620</xmax>
      <ymax>1664</ymax>
    </bndbox>
  </object>
  <object>
    <name>bird</name>
    <bndbox>
      <xmin>1635</xmin>
      <ymin>908</ymin>
      <xmax>1860</xmax>
      <ymax>1207</ymax>
    </bndbox>
  </object>
  <object>
    <name>bird</name>
    <bndbox>
      <xmin>795</xmin>
      <ymin>1164</ymin>
      <xmax>1211</xmax>
      <ymax>1402</ymax>
    </bndbox>
  </object>
  <object>
    <name>bird</name>
    <bndbox>
      <xmin>1725</xmin>
      <ymin>769</ymin>
      <xmax>1954</xmax>
      <ymax>1146</ymax>
    </bndbox>
  </object>
  <object>
    <name>bird</name>
    <bndbox>
      <xmin>1639</xmin>
      <ymin>1160</ymin>
      <xmax>2058</xmax>
      <ymax>1402</ymax>
    </bndbox>
  </object>
  <object>
    <name>bird</name>
    <bndbox>
      <xmin>2074</xmin>
      <ymin>1226</ymin>
      <xmax>2396</xmax>
      <ymax>1448</ymax>
    </bndbox>
  </object>
  <object>
    <name>bird</name>
    <bndbox>
      <xmin>1965</xmin>
      <ymin>782</ymin>
      <xmax>2232</xmax>
      <ymax>1093</ymax>
    </bndbox>
  </object>
  <object>
    <name>bird</name>
    <bndbox>
      <xmin>2433</xmin>
      <ymin>1106</ymin>
      <xmax>2615</xmax>
      <ymax>1353</ymax>
    </bndbox>
  </object>
  <object>
    <name>bird</name>
    <bndbox>
      <xmin>924</xmin>
      <ymin>775</ymin>
      <xmax>1580</xmax>
      <ymax>1197</ymax>
    </bndbox>
  </object>
  <object>
    <name>bird</name>
    <bndbox>
      <xmin>1969</xmin>
      <ymin>1427</ymin>
      <xmax>2294</xmax>
      <ymax>1681</ymax>
    </bndbox>
  </object>
</annotation>
