<?xml version='1.0' encoding='UTF-8'?>
<annotation>
  <folder>images</folder>
  <filename>frame_278.jpg</filename>
  <object>
    <name>bird</name>
    <bndbox>
      <xmin>2845</xmin>
      <ymin>1087</ymin>
      <xmax>3461</xmax>
      <ymax>1536</ymax>
    </bndbox>
  </object>
  <object>
    <name>bird</name>
    <bndbox>
      <xmin>2646</xmin>
      <ymin>984</ymin>
      <xmax>3058</xmax>
      <ymax>1238</ymax>
    </bndbox>
  </object>
  <object>
    <name>bird</name>
    <bndbox>
      <xmin>2460</xmin>
      <ymin>721</ymin>
      <xmax>2756</xmax>
      <ymax>949</ymax>
    </bndbox>
  </object>
  <object>
    <name>bird</name>
    <bndbox>
      <xmin>95</xmin>
      <ymin>1646</ymin>
      <xmax>798</xmax>
      <ymax>2115</ymax>
    </bndbox>
  </object>
  <object>
    <name>bird</name>
    <bndbox>
      <xmin>1032</xmin>
      <ymin>988</ymin>
      <xmax>1447</xmax>
      <ymax>1285</ymax>
    </bndbox>
  </object>
  <object>
    <name>bird</name>
    <bndbox>
      <xmin>2119</xmin>
      <ymin>1691</ymin>
      <xmax>2503</xmax>
      <ymax>2152</ymax>
    </bndbox>
  </object>
  <object>
    <name>bird</name>
    <bndbox>
      <xmin>1545</xmin>
      <ymin>1020</ymin>
      <xmax>1773</xmax>
      <ymax>1219</ymax>
    </bndbox>
  </object>
  <object>
    <name>bird</name>
    <bndbox>
      <xmin>2218</xmin>
      <ymin>842</ymin>
      <xmax>2531</xmax>
      <ymax>1236</ymax>
    </bndbox>
  </object>
  <object>
    <name>bird</name>
    <bndbox>
      <xmin>1949</xmin>
      <ymin>945</ymin>
      <xmax>2243</xmax>
      <ymax>1201</ymax>
    </bndbox>
  </object>
  <object>
    <name>bird</name>
    <bndbox>
      <xmin>1231</xmin>
      <ymin>903</ymin>
      <xmax>1692</xmax>
      <ymax>1113</ymax>
    </bndbox>
  </object>
</annotation>
