<?xml version='1.0' encoding='UTF-8'?>
<annotation>
  <folder>images</folder>
  <filename>frame_266.jpg</filename>
  <object>
    <name>bird</name>
    <bndbox>
      <xmin>1985</xmin>
      <ymin>1466</ymin>
      <xmax>2627</xmax>
      <ymax>1794</ymax>
    </bndbox>
  </object>
  <object>
    <name>bird</name>
    <bndbox>
      <xmin>2411</xmin>
      <ymin>1189</ymin>
      <xmax>2797</xmax>
      <ymax>1451</ymax>
    </bndbox>
  </object>
  <object>
    <name>bird</name>
    <bndbox>
      <xmin>492</xmin>
      <ymin>1124</ymin>
      <xmax>1046</xmax>
      <ymax>1359</ymax>
    </bndbox>
  </object>
  <object>
    <name>bird</name>
    <bndbox>
      <xmin>1781</xmin>
      <ymin>1130</ymin>
      <xmax>2027</xmax>
      <ymax>1373</ymax>
    </bndbox>
  </object>
  <object>
    <name>bird</name>
    <bndbox>
      <xmin>1854</xmin>
      <ymin>798</ymin>
      <xmax>2347</xmax>
      <ymax>1030</ymax>
    </bndbox>
  </object>
  <object>
    <name>bird</name>
    <bndbox>
      <xmin>934</xmin>
      <ymin>989</ymin>
      <xmax>1315</xmax>
      <ymax>1149</ymax>
    </bndbox>
  </object>
  <object>
    <name>bird</name>
    <bndbox>
      <xmin>1685</xmin>
      <ymin>774</ymin>
      <xmax>1867</xmax>
      <ymax>1066</ymax>
    </bndbox>
  </object>
  <object>
    <name>bird</name>
    <bndbox>
      <xmin>1404</xmin>
      <ymin>1046</ymin>
      <xmax>1742</xmax>
      <ymax>1265</ymax>
    </bndbox>
  </object>
  <object>
    <name>bird</name>
    <bndbox>
      <xmin>1570</xmin>
      <ymin>1136</ymin>
      <xmax>1829</xmax>
      <ymax>1358</ymax>
    </bndbox>
  </object>
  <object>
    <name>bird</name>
    <bndbox>
      <xmin>1057</xmin>
      <ymin>1117</ymin>
      <xmax>1460</xmax>
      <ymax>1333</ymax>
    </bndbox>
  </object>
</annotation>
