<?xml version='1.0' encoding='UTF-8'?>
<annotation>
  <folder>images</folder>
  <filename>frame_132.jpg</filename>
  <object>
    <name>bird</name>
    <bndbox>
      <xmin>1822</xmin>
      <ymin>1396</ymin>
      <xmax>2240</xmax>
      <ymax>1662</ymax>
    </bndbox>
  </object>
  <object>
    <name>bird</name>
    <bndbox>
      <xmin>1056</xmin>
      <ymin>1216</ymin>
      <xmax>1685</xmax>
      <ymax>1520</ymax>
    </bndbox>
  </object>
  <object>
    <name>bird</name>
    <bndbox>
      <xmin>1373</xmin>
      <ymin>950</ymin>
      <xmax>1594</xmax>
      <ymax>1318</ymax>
    </bndbox>
  </object>
  <object>
    <name>bird</name>
    <bndbox>
      <xmin>1590</xmin>
      <ymin>1071</ymin>
      <xmax>2319</xmax>
      <ymax>1390</ymax>
    </bndbox>
  </object>
  <object>
    <name>bird</name>
    <bndbox>
      <xmin>1699</xmin>
      <ymin>678</ymin>
      <xmax>1915</xmax>
      <ymax>1011</ymax>
    </bndbox>
  </object>
  <object>
    <name>bird</name>
    <bndbox>
      <xmin>574</xmin>
      <ymin>701</ymin>
      <xmax>903</xmax>
      <ymax>1040</ymax>
    </bndbox>
  </object>
  <object>
    <name>bird</name>
    <bndbox>
      <xmin>978</xmin>
      <ymin>921</ymin>
      <xmax>1447</xmax>
      <ymax>1157</ymax>
    </bndbox>
  </object>
  <object>
    <name>bird</name>
    <bndbox>
      <xmin>1969</xmin>
      <ymin>1198</ymin>
      <xmax>2346</xmax>
      <ymax>1418</ymax>
    </bndbox>
  </object>
  <object>
    <name>bird</name>
    <bndbox>
      <xmin>709</xmin>
      <ymin>1100</ymin>
      <xmax>1178</xmax>
      <ymax>1355</ymax>
    </bndbox>
  </object>
  <object>
    <name>bird</name>
    <bndbox>
      <xmin>66</xmin>
      <ymin>1294</ymin>
      <xmax>304</xmax>
      <ymax>1655</ymax>
    </bndbox>
  </object>
  <object>
    <name>bird</name>
    <bndbox>
      <xmin>2262</xmin>
      <ymin>1065</ymin>
      <xmax>2674</xmax>
      <ymax>1460</ymax>
    </bndbox>
  </object>
  <object>
    <name>bird</name>
    <bndbox>
      <xmin>1881</xmin>
      <ymin>737</ymin>
      <xmax>2149</xmax>
      <ymax>1013</ymax>
    </bndbox>
  </object>
  <object>
    <name>bird</name>
    <bndbox>
      <xmin>1602</xmin>
      <ymin>832</ymin>
      <xmax>1833</xmax>
      <ymax>1202</ymax>
    </bndbox>
  </object>
</annotation>
