<?xml version='1.0' encoding='UTF-8'?>
<annotation>
  <folder>images</folder>
  <filename>frame_302.jpg</filename>
  <object>
    <name>bird</name>
    <bndbox>
      <xmin>2973</xmin>
      <ymin>1004</ymin>
      <xmax>3209</xmax>
      <ymax>1261</ymax>
    </bndbox>
  </object>
  <object>
    <name>bird</name>
    <bndbox>
      <xmin>1164</xmin>
      <ymin>1599</ymin>
      <xmax>1612</xmax>
      <ymax>1872</ymax>
    </bndbox>
  </object>
  <object>
    <name>bird</name>
    <bndbox>
      <xmin>958</xmin>
      <ymin>1029</ymin>
      <xmax>1296</xmax>
      <ymax>1250</ymax>
    </bndbox>
  </object>
  <object>
    <name>bird</name>
    <bndbox>
      <xmin>1232</xmin>
      <ymin>1169</ymin>
      <xmax>1672</xmax>
      <ymax>1480</ymax>
    </bndbox>
  </object>
  <object>
    <name>bird</name>
    <bndbox>
      <xmin>704</xmin>
      <ymin>1799</ymin>
      <xmax>1090</xmax>
      <ymax>2063</ymax>
    </bndbox>
  </object>
  <object>
    <name>bird</name>
    <bndbox>
      <xmin>364</xmin>
      <ymin>1808</ymin>
      <xmax>855</xmax>
      <ymax>2157</ymax>
    </bndbox>
  </object>
  <object>
    <name>bird</name>
    <bndbox>
      <xmin>38</xmin>
      <ymin>1568</ymin>
      <xmax>301</xmax>
      <ymax>1925</ymax>
    </bndbox>
  </object>
  <object>
    <name>bird</name>
    <bndbox>
      <xmin>2071</xmin>
      <ymin>755</ymin>
      <xmax>2440</xmax>
      <ymax>1172</ymax>
    </bndbox>
  </object>
  <object>
    <name>bird</name>
    <bndbox>
      <xmin>818</xmin>
      <ymin>1972</ymin>
      <xmax>1672</xmax>
      <ymax>2158</ymax>
    </bndbox>
  </object>
  <object>
    <name>bird</name>
    <bndbox>
      <xmin>1541</xmin>
      <ymin>964</ymin>
      <xmax>1778</xmax>
      <ymax>1210</ymax>
    </bndbox>
  </object>
  <object>
    <name>bird</name>
    <bndbox>
      <xmin>1102</xmin>
      <ymin>915</ymin>
      <xmax>1574</xmax>
      <ymax>1154</ymax>
    </bndbox>
  </object>
  <object>
    <name>bird</name>
    <bndbox>
      <xmin>1951</xmin>
      <ymin>699</ymin>
      <xmax>2252</xmax>
      <ymax>848</ymax>
    </bndbox>
  </object>
  <object>
    <name>bird</name>
    <bndbox>
      <xmin>1684</xmin>
      <ymin>669</ymin>
      <xmax>1869</xmax>
      <ymax>842</ymax>
    </bndbox>
  </object>
</annotation>
