<?xml version='1.0' encoding='UTF-8'?>
<annotation>
  <folder>images</folder>
  <filename>frame_164.jpg</filename>
  <object>
    <name>bird</name>
    <bndbox>
      <xmin>40</xmin>
      <ymin>1359</ymin>
      <xmax>651</xmax>
      <ymax>1674</ymax>
    </bndbox>
  </object>
  <object>
    <name>bird</name>
    <bndbox>
      <xmin>1551</xmin>
      <ymin>769</ymin>
      <xmax>1764</xmax>
      <ymax>1105</ymax>
    </bndbox>
  </object>
  <object>
    <name>bird</name>
    <bndbox>
      <xmin>1785</xmin>
      <ymin>811</ymin>
      <xmax>2032</xmax>
      <ymax>1085</ymax>
    </bndbox>
  </object>
  <object>
    <name>bird</name>
    <bndbox>
      <xmin>1818</xmin>
      <ymin>1418</ymin>
      <xmax>2165</xmax>
      <ymax>1682</ymax>
    </bndbox>
  </object>
  <object>
    <name>bird</name>
    <bndbox>
      <xmin>50</xmin>
      <ymin>1074</ymin>
      <xmax>265</xmax>
      <ymax>1366</ymax>
    </bndbox>
  </object>
  <object>
    <name>bird</name>
    <bndbox>
      <xmin>891</xmin>
      <ymin>1308</ymin>
      <xmax>1530</xmax>
      <ymax>1583</ymax>
    </bndbox>
  </object>
  <object>
    <name>bird</name>
    <bndbox>
      <xmin>617</xmin>
      <ymin>1168</ymin>
      <xmax>1127</xmax>
      <ymax>1430</ymax>
    </bndbox>
  </object>
  <object>
    <name>bird</name>
    <bndbox>
      <xmin>1870</xmin>
      <ymin>1227</ymin>
      <xmax>2192</xmax>
      <ymax>1437</ymax>
    </bndbox>
  </object>
  <object>
    <name>bird</name>
    <bndbox>
      <xmin>2204</xmin>
      <ymin>1106</ymin>
      <xmax>2530</xmax>
      <ymax>1558</ymax>
    </bndbox>
  </object>
  <object>
    <name>bird</name>
    <bndbox>
      <xmin>1233</xmin>
      <ymin>1121</ymin>
      <xmax>1536</xmax>
      <ymax>1451</ymax>
    </bndbox>
  </object>
</annotation>
