<?xml version='1.0' encoding='UTF-8'?>
<annotation>
  <folder>images</folder>
  <filename>frame_128.jpg</filename>
  <object>
    <name>bird</name>
    <bndbox>
      <xmin>1796</xmin>
      <ymin>1369</ymin>
      <xmax>2222</xmax>
      <ymax>1641</ymax>
    </bndbox>
  </object>
  <object>
    <name>bird</name>
    <bndbox>
      <xmin>1029</xmin>
      <ymin>1194</ymin>
      <xmax>1617</xmax>
      <ymax>1489</ymax>
    </bndbox>
  </object>
  <object>
    <name>bird</name>
    <bndbox>
      <xmin>1373</xmin>
      <ymin>845</ymin>
      <xmax>1625</xmax>
      <ymax>1297</ymax>
    </bndbox>
  </object>
  <object>
    <name>bird</name>
    <bndbox>
      <xmin>2173</xmin>
      <ymin>1011</ymin>
      <xmax>2859</xmax>
      <ymax>1451</ymax>
    </bndbox>
  </object>
  <object>
    <name>bird</name>
    <bndbox>
      <xmin>1540</xmin>
      <ymin>1050</ymin>
      <xmax>2308</xmax>
      <ymax>1369</ymax>
    </bndbox>
  </object>
  <object>
    <name>bird</name>
    <bndbox>
      <xmin>1666</xmin>
      <ymin>644</ymin>
      <xmax>1885</xmax>
      <ymax>981</ymax>
    </bndbox>
  </object>
  <object>
    <name>bird</name>
    <bndbox>
      <xmin>1576</xmin>
      <ymin>789</ymin>
      <xmax>1815</xmax>
      <ymax>1187</ymax>
    </bndbox>
  </object>
  <object>
    <name>bird</name>
    <bndbox>
      <xmin>185</xmin>
      <ymin>644</ymin>
      <xmax>409</xmax>
      <ymax>983</ymax>
    </bndbox>
  </object>
  <object>
    <name>bird</name>
    <bndbox>
      <xmin>956</xmin>
      <ymin>899</ymin>
      <xmax>1381</xmax>
      <ymax>1124</ymax>
    </bndbox>
  </object>
  <object>
    <name>bird</name>
    <bndbox>
      <xmin>1866</xmin>
      <ymin>1177</ymin>
      <xmax>2340</xmax>
      <ymax>1415</ymax>
    </bndbox>
  </object>
  <object>
    <name>bird</name>
    <bndbox>
      <xmin>683</xmin>
      <ymin>1080</ymin>
      <xmax>1143</xmax>
      <ymax>1320</ymax>
    </bndbox>
  </object>
  <object>
    <name>bird</name>
    <bndbox>
      <xmin>0</xmin>
      <ymin>1302</ymin>
      <xmax>197</xmax>
      <ymax>1631</ymax>
    </bndbox>
  </object>
  <object>
    <name>bird</name>
    <bndbox>
      <xmin>1849</xmin>
      <ymin>724</ymin>
      <xmax>2119</xmax>
      <ymax>989</ymax>
    </bndbox>
  </object>
</annotation>
