<?xml version='1.0' encoding='UTF-8'?>
<annotation>
  <folder>images</folder>
  <filename>frame_231.jpg</filename>
  <object>
    <name>bird</name>
    <bndbox>
      <xmin>2976</xmin>
      <ymin>1137</ymin>
      <xmax>3408</xmax>
      <ymax>1370</ymax>
    </bndbox>
  </object>
  <object>
    <name>bird</name>
    <bndbox>
      <xmin>1344</xmin>
      <ymin>1346</ymin>
      <xmax>1829</xmax>
      <ymax>1674</ymax>
    </bndbox>
  </object>
  <object>
    <name>bird</name>
    <bndbox>
      <xmin>2170</xmin>
      <ymin>1098</ymin>
      <xmax>2519</xmax>
      <ymax>1418</ymax>
    </bndbox>
  </object>
  <object>
    <name>bird</name>
    <bndbox>
      <xmin>1696</xmin>
      <ymin>1145</ymin>
      <xmax>2081</xmax>
      <ymax>1346</ymax>
    </bndbox>
  </object>
  <object>
    <name>bird</name>
    <bndbox>
      <xmin>1871</xmin>
      <ymin>756</ymin>
      <xmax>2080</xmax>
      <ymax>1010</ymax>
    </bndbox>
  </object>
  <object>
    <name>bird</name>
    <bndbox>
      <xmin>1065</xmin>
      <ymin>861</ymin>
      <xmax>1435</xmax>
      <ymax>1033</ymax>
    </bndbox>
  </object>
  <object>
    <name>bird</name>
    <bndbox>
      <xmin>1084</xmin>
      <ymin>1104</ymin>
      <xmax>1568</xmax>
      <ymax>1308</ymax>
    </bndbox>
  </object>
</annotation>
