<?xml version='1.0' encoding='UTF-8'?>
<annotation>
  <folder>images</folder>
  <filename>frame_99.jpg</filename>
  <object>
    <name>bird</name>
    <bndbox>
      <xmin>426</xmin>
      <ymin>698</ymin>
      <xmax>655</xmax>
      <ymax>1071</ymax>
    </bndbox>
  </object>
  <object>
    <name>bird</name>
    <bndbox>
      <xmin>2995</xmin>
      <ymin>1145</ymin>
      <xmax>3323</xmax>
      <ymax>1457</ymax>
    </bndbox>
  </object>
  <object>
    <name>bird</name>
    <bndbox>
      <xmin>1473</xmin>
      <ymin>645</ymin>
      <xmax>1777</xmax>
      <ymax>1052</ymax>
    </bndbox>
  </object>
  <object>
    <name>bird</name>
    <bndbox>
      <xmin>1506</xmin>
      <ymin>1279</ymin>
      <xmax>2087</xmax>
      <ymax>1580</ymax>
    </bndbox>
  </object>
  <object>
    <name>bird</name>
    <bndbox>
      <xmin>1430</xmin>
      <ymin>1043</ymin>
      <xmax>2063</xmax>
      <ymax>1340</ymax>
    </bndbox>
  </object>
  <object>
    <name>bird</name>
    <bndbox>
      <xmin>1994</xmin>
      <ymin>1178</ymin>
      <xmax>2453</xmax>
      <ymax>1491</ymax>
    </bndbox>
  </object>
  <object>
    <name>bird</name>
    <bndbox>
      <xmin>2798</xmin>
      <ymin>894</ymin>
      <xmax>3227</xmax>
      <ymax>1180</ymax>
    </bndbox>
  </object>
  <object>
    <name>bird</name>
    <bndbox>
      <xmin>2585</xmin>
      <ymin>740</ymin>
      <xmax>2911</xmax>
      <ymax>983</ymax>
    </bndbox>
  </object>
</annotation>
