<?xml version='1.0' encoding='UTF-8'?>
<annotation>
  <folder>images</folder>
  <filename>frame_9.jpg</filename>
  <object>
    <name>bird</name>
    <bndbox>
      <xmin>495</xmin>
      <ymin>281</ymin>
      <xmax>1076</xmax>
      <ymax>657</ymax>
    </bndbox>
  </object>
  <object>
    <name>bird</name>
    <bndbox>
      <xmin>2456</xmin>
      <ymin>338</ymin>
      <xmax>2991</xmax>
      <ymax>656</ymax>
    </bndbox>
  </object>
  <object>
    <name>bird</name>
    <bndbox>
      <xmin>502</xmin>
      <ymin>651</ymin>
      <xmax>1086</xmax>
      <ymax>1016</ymax>
    </bndbox>
  </object>
  <object>
    <name>bird</name>
    <bndbox>
      <xmin>1464</xmin>
      <ymin>11</ymin>
      <xmax>1832</xmax>
      <ymax>290</ymax>
    </bndbox>
  </object>
  <object>
    <name>bird</name>
    <bndbox>
      <xmin>1537</xmin>
      <ymin>582</ymin>
      <xmax>2016</xmax>
      <ymax>1024</ymax>
    </bndbox>
  </object>
  <object>
    <name>bird</name>
    <bndbox>
      <xmin>1281</xmin>
      <ymin>630</ymin>
      <xmax>1513</xmax>
      <ymax>1002</ymax>
    </bndbox>
  </object>
  <object>
    <name>bird</name>
    <bndbox>
      <xmin>1106</xmin>
      <ymin>464</ymin>
      <xmax>1367</xmax>
      <ymax>910</ymax>
    </bndbox>
  </object>
  <object>
    <name>bird</name>
    <bndbox>
      <xmin>1561</xmin>
      <ymin>1129</ymin>
      <xmax>1886</xmax>
      <ymax>1438</ymax>
    </bndbox>
  </object>
  <object>
    <name>bird</name>
    <bndbox>
      <xmin>1232</xmin>
      <ymin>1022</ymin>
      <xmax>1692</xmax>
      <ymax>1273</ymax>
    </bndbox>
  </object>
  <object>
    <name>bird</name>
    <bndbox>
      <xmin>2049</xmin>
      <ymin>940</ymin>
      <xmax>2709</xmax>
      <ymax>1236</ymax>
    </bndbox>
  </object>
  <object>
    <name>bird</name>
    <bndbox>
      <xmin>1629</xmin>
      <ymin>826</ymin>
      <xmax>2203</xmax>
      <ymax>1083</ymax>
    </bndbox>
  </object>
  <object>
    <name>bird</name>
    <bndbox>
      <xmin>784</xmin>
      <ymin>906</ymin>
      <xmax>1549</xmax>
      <ymax>1213</ymax>
    </bndbox>
  </object>
  <object>
    <name>bird</name>
    <bndbox>
      <xmin>2186</xmin>
      <ymin>640</ymin>
      <xmax>2506</xmax>
      <ymax>963</ymax>
    </bndbox>
  </object>
  <object>
    <name>bird</name>
    <bndbox>
      <xmin>1718</xmin>
      <ymin>1054</ymin>
      <xmax>2102</xmax>
      <ymax>1375</ymax>
    </bndbox>
  </object>
</annotation>
