<?xml version='1.0' encoding='UTF-8'?>
<annotation>
  <folder>images</folder>
  <filename>frame_190.jpg</filename>
  <object>
    <name>bird</name>
    <bndbox>
      <xmin>1323</xmin>
      <ymin>1095</ymin>
      <xmax>1877</xmax>
      <ymax>1387</ymax>
    </bndbox>
  </object>
  <object>
    <name>bird</name>
    <bndbox>
      <xmin>2381</xmin>
      <ymin>1021</ymin>
      <xmax>2818</xmax>
      <ymax>1235</ymax>
    </bndbox>
  </object>
  <object>
    <name>bird</name>
    <bndbox>
      <xmin>2300</xmin>
      <ymin>574</ymin>
      <xmax>2727</xmax>
      <ymax>906</ymax>
    </bndbox>
  </object>
  <object>
    <name>bird</name>
    <bndbox>
      <xmin>2064</xmin>
      <ymin>1650</ymin>
      <xmax>2826</xmax>
      <ymax>1978</ymax>
    </bndbox>
  </object>
  <object>
    <name>bird</name>
    <bndbox>
      <xmin>1742</xmin>
      <ymin>589</ymin>
      <xmax>2022</xmax>
      <ymax>805</ymax>
    </bndbox>
  </object>
  <object>
    <name>bird</name>
    <bndbox>
      <xmin>2482</xmin>
      <ymin>792</ymin>
      <xmax>2923</xmax>
      <ymax>992</ymax>
    </bndbox>
  </object>
  <object>
    <name>bird</name>
    <bndbox>
      <xmin>929</xmin>
      <ymin>909</ymin>
      <xmax>1525</xmax>
      <ymax>1135</ymax>
    </bndbox>
  </object>
</annotation>
