<?xml version='1.0' encoding='UTF-8'?>
<annotation>
  <folder>images</folder>
  <filename>frame_96.jpg</filename>
  <object>
    <name>bird</name>
    <bndbox>
      <xmin>428</xmin>
      <ymin>442</ymin>
      <xmax>678</xmax>
      <ymax>854</ymax>
    </bndbox>
  </object>
  <object>
    <name>bird</name>
    <bndbox>
      <xmin>2979</xmin>
      <ymin>931</ymin>
      <xmax>3333</xmax>
      <ymax>1242</ymax>
    </bndbox>
  </object>
  <object>
    <name>bird</name>
    <bndbox>
      <xmin>1780</xmin>
      <ymin>416</ymin>
      <xmax>2321</xmax>
      <ymax>952</ymax>
    </bndbox>
  </object>
  <object>
    <name>bird</name>
    <bndbox>
      <xmin>1624</xmin>
      <ymin>496</ymin>
      <xmax>1856</xmax>
      <ymax>833</ymax>
    </bndbox>
  </object>
  <object>
    <name>bird</name>
    <bndbox>
      <xmin>2423</xmin>
      <ymin>543</ymin>
      <xmax>3247</xmax>
      <ymax>889</ymax>
    </bndbox>
  </object>
  <object>
    <name>bird</name>
    <bndbox>
      <xmin>2299</xmin>
      <ymin>885</ymin>
      <xmax>2808</xmax>
      <ymax>1154</ymax>
    </bndbox>
  </object>
  <object>
    <name>bird</name>
    <bndbox>
      <xmin>2352</xmin>
      <ymin>359</ymin>
      <xmax>2877</xmax>
      <ymax>742</ymax>
    </bndbox>
  </object>
  <object>
    <name>bird</name>
    <bndbox>
      <xmin>2778</xmin>
      <ymin>735</ymin>
      <xmax>3343</xmax>
      <ymax>1001</ymax>
    </bndbox>
  </object>
  <object>
    <name>bird</name>
    <bndbox>
      <xmin>1282</xmin>
      <ymin>820</ymin>
      <xmax>1964</xmax>
      <ymax>1149</ymax>
    </bndbox>
  </object>
</annotation>
