<?xml version='1.0' encoding='UTF-8'?>
<annotation>
  <folder>images</folder>
  <filename>frame_313.jpg</filename>
  <object>
    <name>bird</name>
    <bndbox>
      <xmin>3064</xmin>
      <ymin>962</ymin>
      <xmax>3471</xmax>
      <ymax>1261</ymax>
    </bndbox>
  </object>
  <object>
    <name>bird</name>
    <bndbox>
      <xmin>1219</xmin>
      <ymin>1595</ymin>
      <xmax>1812</xmax>
      <ymax>1938</ymax>
    </bndbox>
  </object>
  <object>
    <name>bird</name>
    <bndbox>
      <xmin>595</xmin>
      <ymin>1178</ymin>
      <xmax>1122</xmax>
      <ymax>1512</ymax>
    </bndbox>
  </object>
  <object>
    <name>bird</name>
    <bndbox>
      <xmin>951</xmin>
      <ymin>1897</ymin>
      <xmax>1345</xmax>
      <ymax>2106</ymax>
    </bndbox>
  </object>
  <object>
    <name>bird</name>
    <bndbox>
      <xmin>150</xmin>
      <ymin>1743</ymin>
      <xmax>634</xmax>
      <ymax>2060</ymax>
    </bndbox>
  </object>
  <object>
    <name>bird</name>
    <bndbox>
      <xmin>2203</xmin>
      <ymin>925</ymin>
      <xmax>2523</xmax>
      <ymax>1222</ymax>
    </bndbox>
  </object>
  <object>
    <name>bird</name>
    <bndbox>
      <xmin>1409</xmin>
      <ymin>1012</ymin>
      <xmax>1624</xmax>
      <ymax>1244</ymax>
    </bndbox>
  </object>
  <object>
    <name>bird</name>
    <bndbox>
      <xmin>2081</xmin>
      <ymin>752</ymin>
      <xmax>2428</xmax>
      <ymax>921</ymax>
    </bndbox>
  </object>
  <object>
    <name>bird</name>
    <bndbox>
      <xmin>1621</xmin>
      <ymin>690</ymin>
      <xmax>2017</xmax>
      <ymax>877</ymax>
    </bndbox>
  </object>
  <object>
    <name>bird</name>
    <bndbox>
      <xmin>1392</xmin>
      <ymin>704</ymin>
      <xmax>1585</xmax>
      <ymax>884</ymax>
    </bndbox>
  </object>
  <object>
    <name>bird</name>
    <bndbox>
      <xmin>753</xmin>
      <ymin>1939</ymin>
      <xmax>1115</xmax>
      <ymax>2160</ymax>
    </bndbox>
  </object>
  <object>
    <name>bird</name>
    <bndbox>
      <xmin>1741</xmin>
      <ymin>940</ymin>
      <xmax>1947</xmax>
      <ymax>1148</ymax>
    </bndbox>
  </object>
</annotation>
