<?xml version='1.0' encoding='UTF-8'?>
<annotation>
  <folder>images</folder>
  <filename>frame_129.jpg</filename>
  <object>
    <name>bird</name>
    <bndbox>
      <xmin>1802</xmin>
      <ymin>1378</ymin>
      <xmax>2228</xmax>
      <ymax>1651</ymax>
    </bndbox>
  </object>
  <object>
    <name>bird</name>
    <bndbox>
      <xmin>1040</xmin>
      <ymin>1196</ymin>
      <xmax>1635</xmax>
      <ymax>1490</ymax>
    </bndbox>
  </object>
  <object>
    <name>bird</name>
    <bndbox>
      <xmin>1389</xmin>
      <ymin>885</ymin>
      <xmax>1622</xmax>
      <ymax>1297</ymax>
    </bndbox>
  </object>
  <object>
    <name>bird</name>
    <bndbox>
      <xmin>1542</xmin>
      <ymin>1057</ymin>
      <xmax>2296</xmax>
      <ymax>1376</ymax>
    </bndbox>
  </object>
  <object>
    <name>bird</name>
    <bndbox>
      <xmin>1671</xmin>
      <ymin>650</ymin>
      <xmax>1891</xmax>
      <ymax>988</ymax>
    </bndbox>
  </object>
  <object>
    <name>bird</name>
    <bndbox>
      <xmin>300</xmin>
      <ymin>673</ymin>
      <xmax>544</xmax>
      <ymax>1000</ymax>
    </bndbox>
  </object>
  <object>
    <name>bird</name>
    <bndbox>
      <xmin>962</xmin>
      <ymin>906</ymin>
      <xmax>1397</xmax>
      <ymax>1132</ymax>
    </bndbox>
  </object>
  <object>
    <name>bird</name>
    <bndbox>
      <xmin>1897</xmin>
      <ymin>1182</ymin>
      <xmax>2363</xmax>
      <ymax>1425</ymax>
    </bndbox>
  </object>
  <object>
    <name>bird</name>
    <bndbox>
      <xmin>685</xmin>
      <ymin>1086</ymin>
      <xmax>1151</xmax>
      <ymax>1331</ymax>
    </bndbox>
  </object>
  <object>
    <name>bird</name>
    <bndbox>
      <xmin>0</xmin>
      <ymin>1300</ymin>
      <xmax>222</xmax>
      <ymax>1661</ymax>
    </bndbox>
  </object>
</annotation>
