<?xml version='1.0' encoding='UTF-8'?>
<annotation>
  <folder>images</folder>
  <filename>frame_105.jpg</filename>
  <object>
    <name>bird</name>
    <bndbox>
      <xmin>100</xmin>
      <ymin>787</ymin>
      <xmax>363</xmax>
      <ymax>1126</ymax>
    </bndbox>
  </object>
  <object>
    <name>bird</name>
    <bndbox>
      <xmin>1226</xmin>
      <ymin>1068</ymin>
      <xmax>1989</xmax>
      <ymax>1478</ymax>
    </bndbox>
  </object>
  <object>
    <name>bird</name>
    <bndbox>
      <xmin>1132</xmin>
      <ymin>974</ymin>
      <xmax>1776</xmax>
      <ymax>1255</ymax>
    </bndbox>
  </object>
  <object>
    <name>bird</name>
    <bndbox>
      <xmin>589</xmin>
      <ymin>725</ymin>
      <xmax>1236</xmax>
      <ymax>1143</ymax>
    </bndbox>
  </object>
  <object>
    <name>bird</name>
    <bndbox>
      <xmin>1657</xmin>
      <ymin>576</ymin>
      <xmax>1876</xmax>
      <ymax>1063</ymax>
    </bndbox>
  </object>
  <object>
    <name>bird</name>
    <bndbox>
      <xmin>2783</xmin>
      <ymin>950</ymin>
      <xmax>3004</xmax>
      <ymax>1259</ymax>
    </bndbox>
  </object>
  <object>
    <name>bird</name>
    <bndbox>
      <xmin>2276</xmin>
      <ymin>531</ymin>
      <xmax>2545</xmax>
      <ymax>838</ymax>
    </bndbox>
  </object>
  <object>
    <name>bird</name>
    <bndbox>
      <xmin>1958</xmin>
      <ymin>426</ymin>
      <xmax>2473</xmax>
      <ymax>806</ymax>
    </bndbox>
  </object>
  <object>
    <name>bird</name>
    <bndbox>
      <xmin>964</xmin>
      <ymin>644</ymin>
      <xmax>1302</xmax>
      <ymax>898</ymax>
    </bndbox>
  </object>
  <object>
    <name>bird</name>
    <bndbox>
      <xmin>2480</xmin>
      <ymin>742</ymin>
      <xmax>2889</xmax>
      <ymax>1006</ymax>
    </bndbox>
  </object>
</annotation>
