<?xml version='1.0' encoding='UTF-8'?>
<annotation>
  <folder>images</folder>
  <filename>frame_135.jpg</filename>
  <object>
    <name>bird</name>
    <bndbox>
      <xmin>1855</xmin>
      <ymin>1404</ymin>
      <xmax>2255</xmax>
      <ymax>1657</ymax>
    </bndbox>
  </object>
  <object>
    <name>bird</name>
    <bndbox>
      <xmin>1005</xmin>
      <ymin>1193</ymin>
      <xmax>1705</xmax>
      <ymax>1522</ymax>
    </bndbox>
  </object>
  <object>
    <name>bird</name>
    <bndbox>
      <xmin>1344</xmin>
      <ymin>889</ymin>
      <xmax>1601</xmax>
      <ymax>1303</ymax>
    </bndbox>
  </object>
  <object>
    <name>bird</name>
    <bndbox>
      <xmin>1636</xmin>
      <ymin>1068</ymin>
      <xmax>2351</xmax>
      <ymax>1400</ymax>
    </bndbox>
  </object>
  <object>
    <name>bird</name>
    <bndbox>
      <xmin>1706</xmin>
      <ymin>686</ymin>
      <xmax>1928</xmax>
      <ymax>1028</ymax>
    </bndbox>
  </object>
  <object>
    <name>bird</name>
    <bndbox>
      <xmin>924</xmin>
      <ymin>774</ymin>
      <xmax>1237</xmax>
      <ymax>996</ymax>
    </bndbox>
  </object>
  <object>
    <name>bird</name>
    <bndbox>
      <xmin>145</xmin>
      <ymin>1310</ymin>
      <xmax>408</xmax>
      <ymax>1624</ymax>
    </bndbox>
  </object>
  <object>
    <name>bird</name>
    <bndbox>
      <xmin>1915</xmin>
      <ymin>742</ymin>
      <xmax>2173</xmax>
      <ymax>1018</ymax>
    </bndbox>
  </object>
  <object>
    <name>bird</name>
    <bndbox>
      <xmin>1614</xmin>
      <ymin>824</ymin>
      <xmax>1862</xmax>
      <ymax>1226</ymax>
    </bndbox>
  </object>
  <object>
    <name>bird</name>
    <bndbox>
      <xmin>1974</xmin>
      <ymin>919</ymin>
      <xmax>2406</xmax>
      <ymax>1089</ymax>
    </bndbox>
  </object>
  <object>
    <name>bird</name>
    <bndbox>
      <xmin>2002</xmin>
      <ymin>1206</ymin>
      <xmax>2348</xmax>
      <ymax>1415</ymax>
    </bndbox>
  </object>
  <object>
    <name>bird</name>
    <bndbox>
      <xmin>1032</xmin>
      <ymin>924</ymin>
      <xmax>1488</xmax>
      <ymax>1152</ymax>
    </bndbox>
  </object>
  <object>
    <name>bird</name>
    <bndbox>
      <xmin>736</xmin>
      <ymin>1113</ymin>
      <xmax>1194</xmax>
      <ymax>1371</ymax>
    </bndbox>
  </object>
</annotation>
