<?xml version='1.0' encoding='UTF-8'?>
<annotation>
  <folder>images</folder>
  <filename>frame_236.jpg</filename>
  <object>
    <name>bird</name>
    <bndbox>
      <xmin>2667</xmin>
      <ymin>1089</ymin>
      <xmax>3196</xmax>
      <ymax>1372</ymax>
    </bndbox>
  </object>
  <object>
    <name>bird</name>
    <bndbox>
      <xmin>1705</xmin>
      <ymin>1356</ymin>
      <xmax>2209</xmax>
      <ymax>1674</ymax>
    </bndbox>
  </object>
  <object>
    <name>bird</name>
    <bndbox>
      <xmin>2222</xmin>
      <ymin>1181</ymin>
      <xmax>2474</xmax>
      <ymax>1423</ymax>
    </bndbox>
  </object>
  <object>
    <name>bird</name>
    <bndbox>
      <xmin>1705</xmin>
      <ymin>1152</ymin>
      <xmax>2081</xmax>
      <ymax>1353</ymax>
    </bndbox>
  </object>
  <object>
    <name>bird</name>
    <bndbox>
      <xmin>1887</xmin>
      <ymin>785</ymin>
      <xmax>2085</xmax>
      <ymax>1030</ymax>
    </bndbox>
  </object>
</annotation>
