<?xml version='1.0' encoding='UTF-8'?>
<annotation>
  <folder>images</folder>
  <filename>frame_281.jpg</filename>
  <object>
    <name>bird</name>
    <bndbox>
      <xmin>2913</xmin>
      <ymin>1084</ymin>
      <xmax>3413</xmax>
      <ymax>1493</ymax>
    </bndbox>
  </object>
  <object>
    <name>bird</name>
    <bndbox>
      <xmin>296</xmin>
      <ymin>1610</ymin>
      <xmax>929</xmax>
      <ymax>2091</ymax>
    </bndbox>
  </object>
  <object>
    <name>bird</name>
    <bndbox>
      <xmin>1038</xmin>
      <ymin>1056</ymin>
      <xmax>1404</xmax>
      <ymax>1300</ymax>
    </bndbox>
  </object>
  <object>
    <name>bird</name>
    <bndbox>
      <xmin>2182</xmin>
      <ymin>1547</ymin>
      <xmax>2570</xmax>
      <ymax>2032</ymax>
    </bndbox>
  </object>
  <object>
    <name>bird</name>
    <bndbox>
      <xmin>1520</xmin>
      <ymin>1002</ymin>
      <xmax>1757</xmax>
      <ymax>1214</ymax>
    </bndbox>
  </object>
  <object>
    <name>bird</name>
    <bndbox>
      <xmin>2168</xmin>
      <ymin>783</ymin>
      <xmax>2513</xmax>
      <ymax>1227</ymax>
    </bndbox>
  </object>
  <object>
    <name>bird</name>
    <bndbox>
      <xmin>0</xmin>
      <ymin>1827</ymin>
      <xmax>251</xmax>
      <ymax>2119</ymax>
    </bndbox>
  </object>
  <object>
    <name>bird</name>
    <bndbox>
      <xmin>1706</xmin>
      <ymin>734</ymin>
      <xmax>1918</xmax>
      <ymax>1080</ymax>
    </bndbox>
  </object>
  <object>
    <name>bird</name>
    <bndbox>
      <xmin>1184</xmin>
      <ymin>905</ymin>
      <xmax>1620</xmax>
      <ymax>1106</ymax>
    </bndbox>
  </object>
</annotation>
