<?xml version='1.0' encoding='UTF-8'?>
<annotation>
  <folder>images</folder>
  <filename>frame_178.jpg</filename>
  <object>
    <name>bird</name>
    <bndbox>
      <xmin>1040</xmin>
      <ymin>1161</ymin>
      <xmax>1640</xmax>
      <ymax>1467</ymax>
    </bndbox>
  </object>
  <object>
    <name>bird</name>
    <bndbox>
      <xmin>1551</xmin>
      <ymin>1140</ymin>
      <xmax>2148</xmax>
      <ymax>1397</ymax>
    </bndbox>
  </object>
  <object>
    <name>bird</name>
    <bndbox>
      <xmin>0</xmin>
      <ymin>596</ymin>
      <xmax>266</xmax>
      <ymax>848</ymax>
    </bndbox>
  </object>
  <object>
    <name>bird</name>
    <bndbox>
      <xmin>2346</xmin>
      <ymin>1164</ymin>
      <xmax>2794</xmax>
      <ymax>1410</ymax>
    </bndbox>
  </object>
  <object>
    <name>bird</name>
    <bndbox>
      <xmin>2551</xmin>
      <ymin>656</ymin>
      <xmax>2907</xmax>
      <ymax>919</ymax>
    </bndbox>
  </object>
  <object>
    <name>bird</name>
    <bndbox>
      <xmin>2092</xmin>
      <ymin>675</ymin>
      <xmax>2299</xmax>
      <ymax>986</ymax>
    </bndbox>
  </object>
  <object>
    <name>bird</name>
    <bndbox>
      <xmin>1767</xmin>
      <ymin>996</ymin>
      <xmax>2209</xmax>
      <ymax>1280</ymax>
    </bndbox>
  </object>
  <object>
    <name>bird</name>
    <bndbox>
      <xmin>641</xmin>
      <ymin>1800</ymin>
      <xmax>1542</xmax>
      <ymax>2153</ymax>
    </bndbox>
  </object>
  <object>
    <name>bird</name>
    <bndbox>
      <xmin>2611</xmin>
      <ymin>901</ymin>
      <xmax>2962</xmax>
      <ymax>1147</ymax>
    </bndbox>
  </object>
  <object>
    <name>bird</name>
    <bndbox>
      <xmin>1027</xmin>
      <ymin>958</ymin>
      <xmax>1465</xmax>
      <ymax>1207</ymax>
    </bndbox>
  </object>
  <object>
    <name>bird</name>
    <bndbox>
      <xmin>1303</xmin>
      <ymin>691</ymin>
      <xmax>1892</xmax>
      <ymax>933</ymax>
    </bndbox>
  </object>
</annotation>
