<?xml version='1.0' encoding='UTF-8'?>
<annotation>
  <folder>images</folder>
  <filename>frame_324.jpg</filename>
  <object>
    <name>bird</name>
    <bndbox>
      <xmin>1595</xmin>
      <ymin>1658</ymin>
      <xmax>2165</xmax>
      <ymax>1961</ymax>
    </bndbox>
  </object>
  <object>
    <name>bird</name>
    <bndbox>
      <xmin>733</xmin>
      <ymin>1220</ymin>
      <xmax>1198</xmax>
      <ymax>1492</ymax>
    </bndbox>
  </object>
  <object>
    <name>bird</name>
    <bndbox>
      <xmin>599</xmin>
      <ymin>1727</ymin>
      <xmax>1096</xmax>
      <ymax>2107</ymax>
    </bndbox>
  </object>
  <object>
    <name>bird</name>
    <bndbox>
      <xmin>2583</xmin>
      <ymin>1108</ymin>
      <xmax>2845</xmax>
      <ymax>1424</ymax>
    </bndbox>
  </object>
  <object>
    <name>bird</name>
    <bndbox>
      <xmin>1757</xmin>
      <ymin>1060</ymin>
      <xmax>1978</xmax>
      <ymax>1298</ymax>
    </bndbox>
  </object>
  <object>
    <name>bird</name>
    <bndbox>
      <xmin>2624</xmin>
      <ymin>855</ymin>
      <xmax>3011</xmax>
      <ymax>1058</ymax>
    </bndbox>
  </object>
  <object>
    <name>bird</name>
    <bndbox>
      <xmin>866</xmin>
      <ymin>930</ymin>
      <xmax>1267</xmax>
      <ymax>1131</ymax>
    </bndbox>
  </object>
  <object>
    <name>bird</name>
    <bndbox>
      <xmin>1080</xmin>
      <ymin>1154</ymin>
      <xmax>1502</xmax>
      <ymax>1375</ymax>
    </bndbox>
  </object>
  <object>
    <name>bird</name>
    <bndbox>
      <xmin>1395</xmin>
      <ymin>1046</ymin>
      <xmax>1745</xmax>
      <ymax>1257</ymax>
    </bndbox>
  </object>
  <object>
    <name>bird</name>
    <bndbox>
      <xmin>440</xmin>
      <ymin>839</ymin>
      <xmax>622</xmax>
      <ymax>1095</ymax>
    </bndbox>
  </object>
  <object>
    <name>bird</name>
    <bndbox>
      <xmin>1940</xmin>
      <ymin>999</ymin>
      <xmax>2299</xmax>
      <ymax>1216</ymax>
    </bndbox>
  </object>
  <object>
    <name>bird</name>
    <bndbox>
      <xmin>1839</xmin>
      <ymin>749</ymin>
      <xmax>2283</xmax>
      <ymax>982</ymax>
    </bndbox>
  </object>
</annotation>
