<?xml version='1.0' encoding='UTF-8'?>
<annotation>
  <folder>images</folder>
  <filename>frame_355.jpg</filename>
  <object>
    <name>bird</name>
    <bndbox>
      <xmin>1523</xmin>
      <ymin>1689</ymin>
      <xmax>2174</xmax>
      <ymax>2002</ymax>
    </bndbox>
  </object>
  <object>
    <name>bird</name>
    <bndbox>
      <xmin>328</xmin>
      <ymin>1001</ymin>
      <xmax>681</xmax>
      <ymax>1291</ymax>
    </bndbox>
  </object>
  <object>
    <name>bird</name>
    <bndbox>
      <xmin>594</xmin>
      <ymin>1814</ymin>
      <xmax>1010</xmax>
      <ymax>2157</ymax>
    </bndbox>
  </object>
  <object>
    <name>bird</name>
    <bndbox>
      <xmin>2962</xmin>
      <ymin>1308</ymin>
      <xmax>3217</xmax>
      <ymax>1585</ymax>
    </bndbox>
  </object>
  <object>
    <name>bird</name>
    <bndbox>
      <xmin>1076</xmin>
      <ymin>1182</ymin>
      <xmax>1460</xmax>
      <ymax>1417</ymax>
    </bndbox>
  </object>
  <object>
    <name>bird</name>
    <bndbox>
      <xmin>746</xmin>
      <ymin>1651</ymin>
      <xmax>1132</xmax>
      <ymax>1937</ymax>
    </bndbox>
  </object>
  <object>
    <name>bird</name>
    <bndbox>
      <xmin>887</xmin>
      <ymin>969</ymin>
      <xmax>1333</xmax>
      <ymax>1181</ymax>
    </bndbox>
  </object>
  <object>
    <name>bird</name>
    <bndbox>
      <xmin>1290</xmin>
      <ymin>2005</ymin>
      <xmax>1840</xmax>
      <ymax>2158</ymax>
    </bndbox>
  </object>
  <object>
    <name>bird</name>
    <bndbox>
      <xmin>1538</xmin>
      <ymin>1088</ymin>
      <xmax>1885</xmax>
      <ymax>1311</ymax>
    </bndbox>
  </object>
</annotation>
