<?xml version='1.0' encoding='UTF-8'?>
<annotation>
  <folder>images</folder>
  <filename>frame_21.jpg</filename>
  <object>
    <name>bird</name>
    <bndbox>
      <xmin>531</xmin>
      <ymin>320</ymin>
      <xmax>900</xmax>
      <ymax>737</ymax>
    </bndbox>
  </object>
  <object>
    <name>bird</name>
    <bndbox>
      <xmin>2202</xmin>
      <ymin>416</ymin>
      <xmax>2748</xmax>
      <ymax>703</ymax>
    </bndbox>
  </object>
  <object>
    <name>bird</name>
    <bndbox>
      <xmin>458</xmin>
      <ymin>674</ymin>
      <xmax>1030</xmax>
      <ymax>1046</ymax>
    </bndbox>
  </object>
  <object>
    <name>bird</name>
    <bndbox>
      <xmin>1175</xmin>
      <ymin>87</ymin>
      <xmax>1647</xmax>
      <ymax>372</ymax>
    </bndbox>
  </object>
  <object>
    <name>bird</name>
    <bndbox>
      <xmin>1548</xmin>
      <ymin>640</ymin>
      <xmax>2015</xmax>
      <ymax>943</ymax>
    </bndbox>
  </object>
  <object>
    <name>bird</name>
    <bndbox>
      <xmin>1196</xmin>
      <ymin>590</ymin>
      <xmax>1477</xmax>
      <ymax>1021</ymax>
    </bndbox>
  </object>
  <object>
    <name>bird</name>
    <bndbox>
      <xmin>1037</xmin>
      <ymin>491</ymin>
      <xmax>1314</xmax>
      <ymax>927</ymax>
    </bndbox>
  </object>
  <object>
    <name>bird</name>
    <bndbox>
      <xmin>1454</xmin>
      <ymin>1213</ymin>
      <xmax>1885</xmax>
      <ymax>1498</ymax>
    </bndbox>
  </object>
  <object>
    <name>bird</name>
    <bndbox>
      <xmin>1636</xmin>
      <ymin>880</ymin>
      <xmax>2111</xmax>
      <ymax>1119</ymax>
    </bndbox>
  </object>
  <object>
    <name>bird</name>
    <bndbox>
      <xmin>2031</xmin>
      <ymin>749</ymin>
      <xmax>2492</xmax>
      <ymax>1019</ymax>
    </bndbox>
  </object>
  <object>
    <name>bird</name>
    <bndbox>
      <xmin>1501</xmin>
      <ymin>0</ymin>
      <xmax>1921</xmax>
      <ymax>149</ymax>
    </bndbox>
  </object>
  <object>
    <name>bird</name>
    <bndbox>
      <xmin>1983</xmin>
      <ymin>1045</ymin>
      <xmax>2554</xmax>
      <ymax>1310</ymax>
    </bndbox>
  </object>
</annotation>
