<?xml version='1.0' encoding='UTF-8'?>
<annotation>
  <folder>images</folder>
  <filename>frame_166.jpg</filename>
  <object>
    <name>bird</name>
    <bndbox>
      <xmin>91</xmin>
      <ymin>1355</ymin>
      <xmax>719</xmax>
      <ymax>1671</ymax>
    </bndbox>
  </object>
  <object>
    <name>bird</name>
    <bndbox>
      <xmin>1521</xmin>
      <ymin>768</ymin>
      <xmax>1740</xmax>
      <ymax>1106</ymax>
    </bndbox>
  </object>
  <object>
    <name>bird</name>
    <bndbox>
      <xmin>1738</xmin>
      <ymin>800</ymin>
      <xmax>2017</xmax>
      <ymax>1113</ymax>
    </bndbox>
  </object>
  <object>
    <name>bird</name>
    <bndbox>
      <xmin>1806</xmin>
      <ymin>1410</ymin>
      <xmax>2150</xmax>
      <ymax>1675</ymax>
    </bndbox>
  </object>
  <object>
    <name>bird</name>
    <bndbox>
      <xmin>72</xmin>
      <ymin>1036</ymin>
      <xmax>346</xmax>
      <ymax>1393</ymax>
    </bndbox>
  </object>
  <object>
    <name>bird</name>
    <bndbox>
      <xmin>877</xmin>
      <ymin>1307</ymin>
      <xmax>1524</xmax>
      <ymax>1583</ymax>
    </bndbox>
  </object>
  <object>
    <name>bird</name>
    <bndbox>
      <xmin>585</xmin>
      <ymin>1164</ymin>
      <xmax>1139</xmax>
      <ymax>1439</ymax>
    </bndbox>
  </object>
  <object>
    <name>bird</name>
    <bndbox>
      <xmin>1844</xmin>
      <ymin>1221</ymin>
      <xmax>2180</xmax>
      <ymax>1437</ymax>
    </bndbox>
  </object>
  <object>
    <name>bird</name>
    <bndbox>
      <xmin>1220</xmin>
      <ymin>1126</ymin>
      <xmax>1470</xmax>
      <ymax>1377</ymax>
    </bndbox>
  </object>
  <object>
    <name>bird</name>
    <bndbox>
      <xmin>1710</xmin>
      <ymin>985</ymin>
      <xmax>2267</xmax>
      <ymax>1240</ymax>
    </bndbox>
  </object>
  <object>
    <name>bird</name>
    <bndbox>
      <xmin>847</xmin>
      <ymin>822</ymin>
      <xmax>1346</xmax>
      <ymax>1032</ymax>
    </bndbox>
  </object>
  <object>
    <name>bird</name>
    <bndbox>
      <xmin>2249</xmin>
      <ymin>1096</ymin>
      <xmax>2439</xmax>
      <ymax>1317</ymax>
    </bndbox>
  </object>
  <object>
    <name>bird</name>
    <bndbox>
      <xmin>1457</xmin>
      <ymin>900</ymin>
      <xmax>1692</xmax>
      <ymax>1178</ymax>
    </bndbox>
  </object>
  <object>
    <name>bird</name>
    <bndbox>
      <xmin>1441</xmin>
      <ymin>1147</ymin>
      <xmax>1864</xmax>
      <ymax>1388</ymax>
    </bndbox>
  </object>
</annotation>
