<?xml version='1.0' encoding='UTF-8'?>
<annotation>
  <folder>images</folder>
  <filename>frame_167.jpg</filename>
  <object>
    <name>bird</name>
    <bndbox>
      <xmin>115</xmin>
      <ymin>1330</ymin>
      <xmax>777</xmax>
      <ymax>1664</ymax>
    </bndbox>
  </object>
  <object>
    <name>bird</name>
    <bndbox>
      <xmin>1540</xmin>
      <ymin>768</ymin>
      <xmax>1751</xmax>
      <ymax>1087</ymax>
    </bndbox>
  </object>
  <object>
    <name>bird</name>
    <bndbox>
      <xmin>1754</xmin>
      <ymin>805</ymin>
      <xmax>2028</xmax>
      <ymax>1115</ymax>
    </bndbox>
  </object>
  <object>
    <name>bird</name>
    <bndbox>
      <xmin>1836</xmin>
      <ymin>1399</ymin>
      <xmax>2174</xmax>
      <ymax>1660</ymax>
    </bndbox>
  </object>
  <object>
    <name>bird</name>
    <bndbox>
      <xmin>104</xmin>
      <ymin>1014</ymin>
      <xmax>413</xmax>
      <ymax>1399</ymax>
    </bndbox>
  </object>
  <object>
    <name>bird</name>
    <bndbox>
      <xmin>893</xmin>
      <ymin>1306</ymin>
      <xmax>1534</xmax>
      <ymax>1581</ymax>
    </bndbox>
  </object>
  <object>
    <name>bird</name>
    <bndbox>
      <xmin>560</xmin>
      <ymin>1142</ymin>
      <xmax>1145</xmax>
      <ymax>1438</ymax>
    </bndbox>
  </object>
  <object>
    <name>bird</name>
    <bndbox>
      <xmin>1864</xmin>
      <ymin>1207</ymin>
      <xmax>2205</xmax>
      <ymax>1421</ymax>
    </bndbox>
  </object>
  <object>
    <name>bird</name>
    <bndbox>
      <xmin>1713</xmin>
      <ymin>931</ymin>
      <xmax>2322</xmax>
      <ymax>1222</ymax>
    </bndbox>
  </object>
  <object>
    <name>bird</name>
    <bndbox>
      <xmin>2265</xmin>
      <ymin>1089</ymin>
      <xmax>2464</xmax>
      <ymax>1313</ymax>
    </bndbox>
  </object>
  <object>
    <name>bird</name>
    <bndbox>
      <xmin>1469</xmin>
      <ymin>893</ymin>
      <xmax>1721</xmax>
      <ymax>1176</ymax>
    </bndbox>
  </object>
</annotation>
