<?xml version='1.0' encoding='UTF-8'?>
<annotation>
  <folder>images</folder>
  <filename>frame_76.jpg</filename>
  <object>
    <name>bird</name>
    <bndbox>
      <xmin>2563</xmin>
      <ymin>1161</ymin>
      <xmax>3251</xmax>
      <ymax>1584</ymax>
    </bndbox>
  </object>
  <object>
    <name>bird</name>
    <bndbox>
      <xmin>854</xmin>
      <ymin>264</ymin>
      <xmax>1391</xmax>
      <ymax>565</ymax>
    </bndbox>
  </object>
  <object>
    <name>bird</name>
    <bndbox>
      <xmin>1161</xmin>
      <ymin>894</ymin>
      <xmax>1693</xmax>
      <ymax>1358</ymax>
    </bndbox>
  </object>
  <object>
    <name>bird</name>
    <bndbox>
      <xmin>1855</xmin>
      <ymin>1222</ymin>
      <xmax>2244</xmax>
      <ymax>1581</ymax>
    </bndbox>
  </object>
  <object>
    <name>bird</name>
    <bndbox>
      <xmin>846</xmin>
      <ymin>1243</ymin>
      <xmax>1368</xmax>
      <ymax>1572</ymax>
    </bndbox>
  </object>
  <object>
    <name>bird</name>
    <bndbox>
      <xmin>1534</xmin>
      <ymin>727</ymin>
      <xmax>1906</xmax>
      <ymax>1228</ymax>
    </bndbox>
  </object>
  <object>
    <name>bird</name>
    <bndbox>
      <xmin>1909</xmin>
      <ymin>657</ymin>
      <xmax>2231</xmax>
      <ymax>1227</ymax>
    </bndbox>
  </object>
  <object>
    <name>bird</name>
    <bndbox>
      <xmin>2192</xmin>
      <ymin>1132</ymin>
      <xmax>2707</xmax>
      <ymax>1443</ymax>
    </bndbox>
  </object>
  <object>
    <name>bird</name>
    <bndbox>
      <xmin>2722</xmin>
      <ymin>773</ymin>
      <xmax>3378</xmax>
      <ymax>1093</ymax>
    </bndbox>
  </object>
  <object>
    <name>bird</name>
    <bndbox>
      <xmin>2268</xmin>
      <ymin>544</ymin>
      <xmax>3541</xmax>
      <ymax>1064</ymax>
    </bndbox>
  </object>
  <object>
    <name>bird</name>
    <bndbox>
      <xmin>2155</xmin>
      <ymin>773</ymin>
      <xmax>2718</xmax>
      <ymax>1212</ymax>
    </bndbox>
  </object>
  <object>
    <name>bird</name>
    <bndbox>
      <xmin>2768</xmin>
      <ymin>1034</ymin>
      <xmax>3532</xmax>
      <ymax>1304</ymax>
    </bndbox>
  </object>
  <object>
    <name>bird</name>
    <bndbox>
      <xmin>767</xmin>
      <ymin>788</ymin>
      <xmax>1519</xmax>
      <ymax>1156</ymax>
    </bndbox>
  </object>
</annotation>
