<?xml version='1.0' encoding='UTF-8'?>
<annotation>
  <folder>images</folder>
  <filename>frame_235.jpg</filename>
  <object>
    <name>bird</name>
    <bndbox>
      <xmin>2706</xmin>
      <ymin>1096</ymin>
      <xmax>3251</xmax>
      <ymax>1387</ymax>
    </bndbox>
  </object>
  <object>
    <name>bird</name>
    <bndbox>
      <xmin>1654</xmin>
      <ymin>1358</ymin>
      <xmax>2166</xmax>
      <ymax>1685</ymax>
    </bndbox>
  </object>
  <object>
    <name>bird</name>
    <bndbox>
      <xmin>2214</xmin>
      <ymin>1171</ymin>
      <xmax>2478</xmax>
      <ymax>1425</ymax>
    </bndbox>
  </object>
  <object>
    <name>bird</name>
    <bndbox>
      <xmin>1699</xmin>
      <ymin>1153</ymin>
      <xmax>2077</xmax>
      <ymax>1354</ymax>
    </bndbox>
  </object>
  <object>
    <name>bird</name>
    <bndbox>
      <xmin>1895</xmin>
      <ymin>782</ymin>
      <xmax>2077</xmax>
      <ymax>1002</ymax>
    </bndbox>
  </object>
</annotation>
