<?xml version='1.0' encoding='UTF-8'?>
<annotation>
  <folder>images</folder>
  <filename>frame_227.jpg</filename>
  <object>
    <name>bird</name>
    <bndbox>
      <xmin>3088</xmin>
      <ymin>1149</ymin>
      <xmax>3486</xmax>
      <ymax>1413</ymax>
    </bndbox>
  </object>
  <object>
    <name>bird</name>
    <bndbox>
      <xmin>1011</xmin>
      <ymin>1327</ymin>
      <xmax>1438</xmax>
      <ymax>1638</ymax>
    </bndbox>
  </object>
  <object>
    <name>bird</name>
    <bndbox>
      <xmin>2170</xmin>
      <ymin>1161</ymin>
      <xmax>2479</xmax>
      <ymax>1410</ymax>
    </bndbox>
  </object>
  <object>
    <name>bird</name>
    <bndbox>
      <xmin>1680</xmin>
      <ymin>1141</ymin>
      <xmax>2095</xmax>
      <ymax>1353</ymax>
    </bndbox>
  </object>
  <object>
    <name>bird</name>
    <bndbox>
      <xmin>1028</xmin>
      <ymin>839</ymin>
      <xmax>1435</xmax>
      <ymax>1032</ymax>
    </bndbox>
  </object>
  <object>
    <name>bird</name>
    <bndbox>
      <xmin>942</xmin>
      <ymin>1062</ymin>
      <xmax>1476</xmax>
      <ymax>1306</ymax>
    </bndbox>
  </object>
  <object>
    <name>bird</name>
    <bndbox>
      <xmin>1327</xmin>
      <ymin>1104</ymin>
      <xmax>1670</xmax>
      <ymax>1322</ymax>
    </bndbox>
  </object>
  <object>
    <name>bird</name>
    <bndbox>
      <xmin>1127</xmin>
      <ymin>987</ymin>
      <xmax>1548</xmax>
      <ymax>1126</ymax>
    </bndbox>
  </object>
</annotation>
