<?xml version='1.0' encoding='UTF-8'?>
<annotation>
  <folder>images</folder>
  <filename>frame_189.jpg</filename>
  <object>
    <name>bird</name>
    <bndbox>
      <xmin>1254</xmin>
      <ymin>1098</ymin>
      <xmax>1802</xmax>
      <ymax>1386</ymax>
    </bndbox>
  </object>
  <object>
    <name>bird</name>
    <bndbox>
      <xmin>1682</xmin>
      <ymin>1008</ymin>
      <xmax>2253</xmax>
      <ymax>1261</ymax>
    </bndbox>
  </object>
  <object>
    <name>bird</name>
    <bndbox>
      <xmin>2378</xmin>
      <ymin>1032</ymin>
      <xmax>2816</xmax>
      <ymax>1245</ymax>
    </bndbox>
  </object>
  <object>
    <name>bird</name>
    <bndbox>
      <xmin>2294</xmin>
      <ymin>572</ymin>
      <xmax>2737</xmax>
      <ymax>912</ymax>
    </bndbox>
  </object>
  <object>
    <name>bird</name>
    <bndbox>
      <xmin>1969</xmin>
      <ymin>1662</ymin>
      <xmax>2749</xmax>
      <ymax>2000</ymax>
    </bndbox>
  </object>
  <object>
    <name>bird</name>
    <bndbox>
      <xmin>1830</xmin>
      <ymin>921</ymin>
      <xmax>2250</xmax>
      <ymax>1142</ymax>
    </bndbox>
  </object>
  <object>
    <name>bird</name>
    <bndbox>
      <xmin>1748</xmin>
      <ymin>596</ymin>
      <xmax>2023</xmax>
      <ymax>811</ymax>
    </bndbox>
  </object>
</annotation>
