<?xml version='1.0' encoding='UTF-8'?>
<annotation>
  <folder>images</folder>
  <filename>frame_49.jpg</filename>
  <object>
    <name>bird</name>
    <bndbox>
      <xmin>322</xmin>
      <ymin>567</ymin>
      <xmax>831</xmax>
      <ymax>930</ymax>
    </bndbox>
  </object>
  <object>
    <name>bird</name>
    <bndbox>
      <xmin>1517</xmin>
      <ymin>575</ymin>
      <xmax>2031</xmax>
      <ymax>1074</ymax>
    </bndbox>
  </object>
  <object>
    <name>bird</name>
    <bndbox>
      <xmin>1774</xmin>
      <ymin>1266</ymin>
      <xmax>2320</xmax>
      <ymax>1590</ymax>
    </bndbox>
  </object>
  <object>
    <name>bird</name>
    <bndbox>
      <xmin>2009</xmin>
      <ymin>685</ymin>
      <xmax>2548</xmax>
      <ymax>944</ymax>
    </bndbox>
  </object>
  <object>
    <name>bird</name>
    <bndbox>
      <xmin>1998</xmin>
      <ymin>103</ymin>
      <xmax>2536</xmax>
      <ymax>485</ymax>
    </bndbox>
  </object>
  <object>
    <name>bird</name>
    <bndbox>
      <xmin>2150</xmin>
      <ymin>1152</ymin>
      <xmax>2708</xmax>
      <ymax>1449</ymax>
    </bndbox>
  </object>
  <object>
    <name>bird</name>
    <bndbox>
      <xmin>937</xmin>
      <ymin>0</ymin>
      <xmax>1346</xmax>
      <ymax>133</ymax>
    </bndbox>
  </object>
  <object>
    <name>bird</name>
    <bndbox>
      <xmin>917</xmin>
      <ymin>632</ymin>
      <xmax>1201</xmax>
      <ymax>1138</ymax>
    </bndbox>
  </object>
  <object>
    <name>bird</name>
    <bndbox>
      <xmin>901</xmin>
      <ymin>1087</ymin>
      <xmax>1481</xmax>
      <ymax>1376</ymax>
    </bndbox>
  </object>
  <object>
    <name>bird</name>
    <bndbox>
      <xmin>1724</xmin>
      <ymin>994</ymin>
      <xmax>2025</xmax>
      <ymax>1249</ymax>
    </bndbox>
  </object>
  <object>
    <name>bird</name>
    <bndbox>
      <xmin>1453</xmin>
      <ymin>1023</ymin>
      <xmax>1760</xmax>
      <ymax>1346</ymax>
    </bndbox>
  </object>
  <object>
    <name>bird</name>
    <bndbox>
      <xmin>300</xmin>
      <ymin>937</ymin>
      <xmax>892</xmax>
      <ymax>1285</ymax>
    </bndbox>
  </object>
</annotation>
