<?xml version='1.0' encoding='UTF-8'?>
<annotation>
  <folder>images</folder>
  <filename>frame_343.jpg</filename>
  <object>
    <name>bird</name>
    <bndbox>
      <xmin>1444</xmin>
      <ymin>1718</ymin>
      <xmax>2065</xmax>
      <ymax>1984</ymax>
    </bndbox>
  </object>
  <object>
    <name>bird</name>
    <bndbox>
      <xmin>370</xmin>
      <ymin>1240</ymin>
      <xmax>904</xmax>
      <ymax>1495</ymax>
    </bndbox>
  </object>
  <object>
    <name>bird</name>
    <bndbox>
      <xmin>557</xmin>
      <ymin>1778</ymin>
      <xmax>926</xmax>
      <ymax>2158</ymax>
    </bndbox>
  </object>
  <object>
    <name>bird</name>
    <bndbox>
      <xmin>2848</xmin>
      <ymin>1139</ymin>
      <xmax>3116</xmax>
      <ymax>1410</ymax>
    </bndbox>
  </object>
  <object>
    <name>bird</name>
    <bndbox>
      <xmin>1096</xmin>
      <ymin>1184</ymin>
      <xmax>1407</xmax>
      <ymax>1415</ymax>
    </bndbox>
  </object>
  <object>
    <name>bird</name>
    <bndbox>
      <xmin>1407</xmin>
      <ymin>1080</ymin>
      <xmax>1733</xmax>
      <ymax>1304</ymax>
    </bndbox>
  </object>
  <object>
    <name>bird</name>
    <bndbox>
      <xmin>3039</xmin>
      <ymin>1924</ymin>
      <xmax>3287</xmax>
      <ymax>2160</ymax>
    </bndbox>
  </object>
  <object>
    <name>bird</name>
    <bndbox>
      <xmin>865</xmin>
      <ymin>970</ymin>
      <xmax>1257</xmax>
      <ymax>1159</ymax>
    </bndbox>
  </object>
  <object>
    <name>bird</name>
    <bndbox>
      <xmin>1045</xmin>
      <ymin>695</ymin>
      <xmax>1413</xmax>
      <ymax>919</ymax>
    </bndbox>
  </object>
  <object>
    <name>bird</name>
    <bndbox>
      <xmin>162</xmin>
      <ymin>1579</ymin>
      <xmax>412</xmax>
      <ymax>1957</ymax>
    </bndbox>
  </object>
  <object>
    <name>bird</name>
    <bndbox>
      <xmin>1729</xmin>
      <ymin>1110</ymin>
      <xmax>1961</xmax>
      <ymax>1341</ymax>
    </bndbox>
  </object>
</annotation>
