<?xml version='1.0' encoding='UTF-8'?>
<annotation>
  <folder>images</folder>
  <filename>frame_243.jpg</filename>
  <object>
    <name>bird</name>
    <bndbox>
      <xmin>2559</xmin>
      <ymin>1056</ymin>
      <xmax>3104</xmax>
      <ymax>1358</ymax>
    </bndbox>
  </object>
  <object>
    <name>bird</name>
    <bndbox>
      <xmin>2056</xmin>
      <ymin>1430</ymin>
      <xmax>2563</xmax>
      <ymax>1772</ymax>
    </bndbox>
  </object>
  <object>
    <name>bird</name>
    <bndbox>
      <xmin>2240</xmin>
      <ymin>1184</ymin>
      <xmax>2468</xmax>
      <ymax>1406</ymax>
    </bndbox>
  </object>
  <object>
    <name>bird</name>
    <bndbox>
      <xmin>1742</xmin>
      <ymin>1158</ymin>
      <xmax>2115</xmax>
      <ymax>1370</ymax>
    </bndbox>
  </object>
  <object>
    <name>bird</name>
    <bndbox>
      <xmin>1226</xmin>
      <ymin>847</ymin>
      <xmax>1710</xmax>
      <ymax>1138</ymax>
    </bndbox>
  </object>
  <object>
    <name>bird</name>
    <bndbox>
      <xmin>881</xmin>
      <ymin>1106</ymin>
      <xmax>1379</xmax>
      <ymax>1349</ymax>
    </bndbox>
  </object>
  <object>
    <name>bird</name>
    <bndbox>
      <xmin>1919</xmin>
      <ymin>784</ymin>
      <xmax>2097</xmax>
      <ymax>1021</ymax>
    </bndbox>
  </object>
  <object>
    <name>bird</name>
    <bndbox>
      <xmin>1270</xmin>
      <ymin>1102</ymin>
      <xmax>1773</xmax>
      <ymax>1322</ymax>
    </bndbox>
  </object>
</annotation>
