<?xml version='1.0' encoding='UTF-8'?>
<annotation>
  <folder>images</folder>
  <filename>frame_134.jpg</filename>
  <object>
    <name>bird</name>
    <bndbox>
      <xmin>1843</xmin>
      <ymin>1403</ymin>
      <xmax>2246</xmax>
      <ymax>1659</ymax>
    </bndbox>
  </object>
  <object>
    <name>bird</name>
    <bndbox>
      <xmin>902</xmin>
      <ymin>1150</ymin>
      <xmax>1683</xmax>
      <ymax>1519</ymax>
    </bndbox>
  </object>
  <object>
    <name>bird</name>
    <bndbox>
      <xmin>1348</xmin>
      <ymin>908</ymin>
      <xmax>1605</xmax>
      <ymax>1324</ymax>
    </bndbox>
  </object>
  <object>
    <name>bird</name>
    <bndbox>
      <xmin>1620</xmin>
      <ymin>1064</ymin>
      <xmax>2355</xmax>
      <ymax>1398</ymax>
    </bndbox>
  </object>
  <object>
    <name>bird</name>
    <bndbox>
      <xmin>1721</xmin>
      <ymin>696</ymin>
      <xmax>1922</xmax>
      <ymax>1004</ymax>
    </bndbox>
  </object>
  <object>
    <name>bird</name>
    <bndbox>
      <xmin>853</xmin>
      <ymin>767</ymin>
      <xmax>1161</xmax>
      <ymax>1011</ymax>
    </bndbox>
  </object>
  <object>
    <name>bird</name>
    <bndbox>
      <xmin>130</xmin>
      <ymin>1304</ymin>
      <xmax>376</xmax>
      <ymax>1627</ymax>
    </bndbox>
  </object>
  <object>
    <name>bird</name>
    <bndbox>
      <xmin>1907</xmin>
      <ymin>737</ymin>
      <xmax>2167</xmax>
      <ymax>1012</ymax>
    </bndbox>
  </object>
  <object>
    <name>bird</name>
    <bndbox>
      <xmin>1605</xmin>
      <ymin>824</ymin>
      <xmax>1855</xmax>
      <ymax>1225</ymax>
    </bndbox>
  </object>
</annotation>
