<?xml version='1.0' encoding='UTF-8'?>
<annotation>
  <folder>images</folder>
  <filename>frame_211.jpg</filename>
  <object>
    <name>bird</name>
    <bndbox>
      <xmin>2034</xmin>
      <ymin>1179</ymin>
      <xmax>2406</xmax>
      <ymax>1440</ymax>
    </bndbox>
  </object>
  <object>
    <name>bird</name>
    <bndbox>
      <xmin>1903</xmin>
      <ymin>652</ymin>
      <xmax>2196</xmax>
      <ymax>952</ymax>
    </bndbox>
  </object>
  <object>
    <name>bird</name>
    <bndbox>
      <xmin>3236</xmin>
      <ymin>1324</ymin>
      <xmax>3840</xmax>
      <ymax>1767</ymax>
    </bndbox>
  </object>
  <object>
    <name>bird</name>
    <bndbox>
      <xmin>2152</xmin>
      <ymin>840</ymin>
      <xmax>2581</xmax>
      <ymax>1001</ymax>
    </bndbox>
  </object>
  <object>
    <name>bird</name>
    <bndbox>
      <xmin>148</xmin>
      <ymin>1164</ymin>
      <xmax>353</xmax>
      <ymax>1494</ymax>
    </bndbox>
  </object>
  <object>
    <name>bird</name>
    <bndbox>
      <xmin>2085</xmin>
      <ymin>972</ymin>
      <xmax>2632</xmax>
      <ymax>1233</ymax>
    </bndbox>
  </object>
  <object>
    <name>bird</name>
    <bndbox>
      <xmin>1616</xmin>
      <ymin>1075</ymin>
      <xmax>2171</xmax>
      <ymax>1304</ymax>
    </bndbox>
  </object>
  <object>
    <name>bird</name>
    <bndbox>
      <xmin>1573</xmin>
      <ymin>703</ymin>
      <xmax>1760</xmax>
      <ymax>909</ymax>
    </bndbox>
  </object>
  <object>
    <name>bird</name>
    <bndbox>
      <xmin>852</xmin>
      <ymin>1042</ymin>
      <xmax>1364</xmax>
      <ymax>1277</ymax>
    </bndbox>
  </object>
  <object>
    <name>bird</name>
    <bndbox>
      <xmin>1120</xmin>
      <ymin>1046</ymin>
      <xmax>1680</xmax>
      <ymax>1316</ymax>
    </bndbox>
  </object>
</annotation>
