<?xml version='1.0' encoding='UTF-8'?>
<annotation>
  <folder>images</folder>
  <filename>frame_56.jpg</filename>
  <object>
    <name>bird</name>
    <bndbox>
      <xmin>635</xmin>
      <ymin>587</ymin>
      <xmax>1228</xmax>
      <ymax>947</ymax>
    </bndbox>
  </object>
  <object>
    <name>bird</name>
    <bndbox>
      <xmin>2147</xmin>
      <ymin>1198</ymin>
      <xmax>2769</xmax>
      <ymax>1548</ymax>
    </bndbox>
  </object>
  <object>
    <name>bird</name>
    <bndbox>
      <xmin>2232</xmin>
      <ymin>683</ymin>
      <xmax>2787</xmax>
      <ymax>914</ymax>
    </bndbox>
  </object>
  <object>
    <name>bird</name>
    <bndbox>
      <xmin>2163</xmin>
      <ymin>80</ymin>
      <xmax>2555</xmax>
      <ymax>406</ymax>
    </bndbox>
  </object>
  <object>
    <name>bird</name>
    <bndbox>
      <xmin>2572</xmin>
      <ymin>1112</ymin>
      <xmax>3126</xmax>
      <ymax>1383</ymax>
    </bndbox>
  </object>
  <object>
    <name>bird</name>
    <bndbox>
      <xmin>1142</xmin>
      <ymin>630</ymin>
      <xmax>1451</xmax>
      <ymax>1221</ymax>
    </bndbox>
  </object>
  <object>
    <name>bird</name>
    <bndbox>
      <xmin>1139</xmin>
      <ymin>1033</ymin>
      <xmax>1821</xmax>
      <ymax>1433</ymax>
    </bndbox>
  </object>
  <object>
    <name>bird</name>
    <bndbox>
      <xmin>393</xmin>
      <ymin>1033</ymin>
      <xmax>1041</xmax>
      <ymax>1440</ymax>
    </bndbox>
  </object>
  <object>
    <name>bird</name>
    <bndbox>
      <xmin>1460</xmin>
      <ymin>678</ymin>
      <xmax>1814</xmax>
      <ymax>1108</ymax>
    </bndbox>
  </object>
  <object>
    <name>bird</name>
    <bndbox>
      <xmin>698</xmin>
      <ymin>0</ymin>
      <xmax>1195</xmax>
      <ymax>160</ymax>
    </bndbox>
  </object>
  <object>
    <name>bird</name>
    <bndbox>
      <xmin>28</xmin>
      <ymin>156</ymin>
      <xmax>108</xmax>
      <ymax>246</ymax>
    </bndbox>
  </object>
  <object>
    <name>bird</name>
    <bndbox>
      <xmin>1742</xmin>
      <ymin>539</ymin>
      <xmax>2264</xmax>
      <ymax>1078</ymax>
    </bndbox>
  </object>
  <object>
    <name>bird</name>
    <bndbox>
      <xmin>1874</xmin>
      <ymin>1074</ymin>
      <xmax>2130</xmax>
      <ymax>1341</ymax>
    </bndbox>
  </object>
</annotation>
