<?xml version='1.0' encoding='UTF-8'?>
<annotation>
  <folder>images</folder>
  <filename>frame_29.jpg</filename>
  <object>
    <name>bird</name>
    <bndbox>
      <xmin>437</xmin>
      <ymin>403</ymin>
      <xmax>726</xmax>
      <ymax>737</ymax>
    </bndbox>
  </object>
  <object>
    <name>bird</name>
    <bndbox>
      <xmin>1974</xmin>
      <ymin>286</ymin>
      <xmax>2544</xmax>
      <ymax>640</ymax>
    </bndbox>
  </object>
  <object>
    <name>bird</name>
    <bndbox>
      <xmin>867</xmin>
      <ymin>40</ymin>
      <xmax>1348</xmax>
      <ymax>337</ymax>
    </bndbox>
  </object>
  <object>
    <name>bird</name>
    <bndbox>
      <xmin>1361</xmin>
      <ymin>639</ymin>
      <xmax>1921</xmax>
      <ymax>984</ymax>
    </bndbox>
  </object>
  <object>
    <name>bird</name>
    <bndbox>
      <xmin>1123</xmin>
      <ymin>663</ymin>
      <xmax>1371</xmax>
      <ymax>1006</ymax>
    </bndbox>
  </object>
  <object>
    <name>bird</name>
    <bndbox>
      <xmin>851</xmin>
      <ymin>518</ymin>
      <xmax>1124</xmax>
      <ymax>954</ymax>
    </bndbox>
  </object>
  <object>
    <name>bird</name>
    <bndbox>
      <xmin>1293</xmin>
      <ymin>1212</ymin>
      <xmax>1817</xmax>
      <ymax>1524</ymax>
    </bndbox>
  </object>
  <object>
    <name>bird</name>
    <bndbox>
      <xmin>1911</xmin>
      <ymin>729</ymin>
      <xmax>2409</xmax>
      <ymax>965</ymax>
    </bndbox>
  </object>
  <object>
    <name>bird</name>
    <bndbox>
      <xmin>1878</xmin>
      <ymin>1017</ymin>
      <xmax>2488</xmax>
      <ymax>1305</ymax>
    </bndbox>
  </object>
  <object>
    <name>bird</name>
    <bndbox>
      <xmin>397</xmin>
      <ymin>717</ymin>
      <xmax>874</xmax>
      <ymax>1033</ymax>
    </bndbox>
  </object>
</annotation>
