<?xml version='1.0' encoding='UTF-8'?>
<annotation>
  <folder>images</folder>
  <filename>frame_275.jpg</filename>
  <object>
    <name>bird</name>
    <bndbox>
      <xmin>2587</xmin>
      <ymin>1198</ymin>
      <xmax>3268</xmax>
      <ymax>1620</ymax>
    </bndbox>
  </object>
  <object>
    <name>bird</name>
    <bndbox>
      <xmin>2593</xmin>
      <ymin>1036</ymin>
      <xmax>3028</xmax>
      <ymax>1283</ymax>
    </bndbox>
  </object>
  <object>
    <name>bird</name>
    <bndbox>
      <xmin>2512</xmin>
      <ymin>731</ymin>
      <xmax>2773</xmax>
      <ymax>965</ymax>
    </bndbox>
  </object>
  <object>
    <name>bird</name>
    <bndbox>
      <xmin>1866</xmin>
      <ymin>992</ymin>
      <xmax>2140</xmax>
      <ymax>1223</ymax>
    </bndbox>
  </object>
  <object>
    <name>bird</name>
    <bndbox>
      <xmin>0</xmin>
      <ymin>1700</ymin>
      <xmax>573</xmax>
      <ymax>2141</ymax>
    </bndbox>
  </object>
  <object>
    <name>bird</name>
    <bndbox>
      <xmin>897</xmin>
      <ymin>945</ymin>
      <xmax>1374</xmax>
      <ymax>1307</ymax>
    </bndbox>
  </object>
  <object>
    <name>bird</name>
    <bndbox>
      <xmin>1695</xmin>
      <ymin>937</ymin>
      <xmax>1982</xmax>
      <ymax>1168</ymax>
    </bndbox>
  </object>
  <object>
    <name>bird</name>
    <bndbox>
      <xmin>2114</xmin>
      <ymin>915</ymin>
      <xmax>2414</xmax>
      <ymax>1257</ymax>
    </bndbox>
  </object>
  <object>
    <name>bird</name>
    <bndbox>
      <xmin>1133</xmin>
      <ymin>901</ymin>
      <xmax>1634</xmax>
      <ymax>1121</ymax>
    </bndbox>
  </object>
</annotation>
