<?xml version='1.0' encoding='UTF-8'?>
<annotation>
  <folder>images</folder>
  <filename>frame_168.jpg</filename>
  <object>
    <name>bird</name>
    <bndbox>
      <xmin>170</xmin>
      <ymin>1306</ymin>
      <xmax>870</xmax>
      <ymax>1664</ymax>
    </bndbox>
  </object>
  <object>
    <name>bird</name>
    <bndbox>
      <xmin>1575</xmin>
      <ymin>758</ymin>
      <xmax>1790</xmax>
      <ymax>1076</ymax>
    </bndbox>
  </object>
  <object>
    <name>bird</name>
    <bndbox>
      <xmin>1885</xmin>
      <ymin>1379</ymin>
      <xmax>2234</xmax>
      <ymax>1650</ymax>
    </bndbox>
  </object>
  <object>
    <name>bird</name>
    <bndbox>
      <xmin>203</xmin>
      <ymin>1003</ymin>
      <xmax>513</xmax>
      <ymax>1361</ymax>
    </bndbox>
  </object>
  <object>
    <name>bird</name>
    <bndbox>
      <xmin>950</xmin>
      <ymin>1296</ymin>
      <xmax>1588</xmax>
      <ymax>1571</ymax>
    </bndbox>
  </object>
  <object>
    <name>bird</name>
    <bndbox>
      <xmin>551</xmin>
      <ymin>1112</ymin>
      <xmax>1182</xmax>
      <ymax>1439</ymax>
    </bndbox>
  </object>
  <object>
    <name>bird</name>
    <bndbox>
      <xmin>1894</xmin>
      <ymin>1197</ymin>
      <xmax>2251</xmax>
      <ymax>1418</ymax>
    </bndbox>
  </object>
  <object>
    <name>bird</name>
    <bndbox>
      <xmin>2305</xmin>
      <ymin>1077</ymin>
      <xmax>2520</xmax>
      <ymax>1313</ymax>
    </bndbox>
  </object>
  <object>
    <name>bird</name>
    <bndbox>
      <xmin>1501</xmin>
      <ymin>900</ymin>
      <xmax>1758</xmax>
      <ymax>1172</ymax>
    </bndbox>
  </object>
</annotation>
