<?xml version='1.0' encoding='UTF-8'?>
<annotation>
  <folder>images</folder>
  <filename>frame_259.jpg</filename>
  <object>
    <name>bird</name>
    <bndbox>
      <xmin>2488</xmin>
      <ymin>843</ymin>
      <xmax>2811</xmax>
      <ymax>1168</ymax>
    </bndbox>
  </object>
  <object>
    <name>bird</name>
    <bndbox>
      <xmin>2115</xmin>
      <ymin>1535</ymin>
      <xmax>2743</xmax>
      <ymax>1852</ymax>
    </bndbox>
  </object>
  <object>
    <name>bird</name>
    <bndbox>
      <xmin>2565</xmin>
      <ymin>1221</ymin>
      <xmax>2885</xmax>
      <ymax>1481</ymax>
    </bndbox>
  </object>
  <object>
    <name>bird</name>
    <bndbox>
      <xmin>725</xmin>
      <ymin>1140</ymin>
      <xmax>1241</xmax>
      <ymax>1362</ymax>
    </bndbox>
  </object>
  <object>
    <name>bird</name>
    <bndbox>
      <xmin>1949</xmin>
      <ymin>1133</ymin>
      <xmax>2253</xmax>
      <ymax>1394</ymax>
    </bndbox>
  </object>
  <object>
    <name>bird</name>
    <bndbox>
      <xmin>1761</xmin>
      <ymin>1159</ymin>
      <xmax>2024</xmax>
      <ymax>1370</ymax>
    </bndbox>
  </object>
  <object>
    <name>bird</name>
    <bndbox>
      <xmin>1847</xmin>
      <ymin>787</ymin>
      <xmax>2047</xmax>
      <ymax>1094</ymax>
    </bndbox>
  </object>
  <object>
    <name>bird</name>
    <bndbox>
      <xmin>2111</xmin>
      <ymin>880</ymin>
      <xmax>2512</xmax>
      <ymax>1050</ymax>
    </bndbox>
  </object>
  <object>
    <name>bird</name>
    <bndbox>
      <xmin>1183</xmin>
      <ymin>1000</ymin>
      <xmax>1481</xmax>
      <ymax>1156</ymax>
    </bndbox>
  </object>
  <object>
    <name>bird</name>
    <bndbox>
      <xmin>1194</xmin>
      <ymin>1116</ymin>
      <xmax>1679</xmax>
      <ymax>1342</ymax>
    </bndbox>
  </object>
</annotation>
