<?xml version='1.0' encoding='UTF-8'?>
<annotation>
  <folder>images</folder>
  <filename>frame_109.jpg</filename>
  <object>
    <name>bird</name>
    <bndbox>
      <xmin>89</xmin>
      <ymin>927</ymin>
      <xmax>423</xmax>
      <ymax>1262</ymax>
    </bndbox>
  </object>
  <object>
    <name>bird</name>
    <bndbox>
      <xmin>1636</xmin>
      <ymin>1152</ymin>
      <xmax>2385</xmax>
      <ymax>1560</ymax>
    </bndbox>
  </object>
  <object>
    <name>bird</name>
    <bndbox>
      <xmin>1184</xmin>
      <ymin>1019</ymin>
      <xmax>1980</xmax>
      <ymax>1381</ymax>
    </bndbox>
  </object>
  <object>
    <name>bird</name>
    <bndbox>
      <xmin>883</xmin>
      <ymin>855</ymin>
      <xmax>1358</xmax>
      <ymax>1137</ymax>
    </bndbox>
  </object>
  <object>
    <name>bird</name>
    <bndbox>
      <xmin>1745</xmin>
      <ymin>647</ymin>
      <xmax>1975</xmax>
      <ymax>1122</ymax>
    </bndbox>
  </object>
  <object>
    <name>bird</name>
    <bndbox>
      <xmin>746</xmin>
      <ymin>678</ymin>
      <xmax>1223</xmax>
      <ymax>974</ymax>
    </bndbox>
  </object>
  <object>
    <name>bird</name>
    <bndbox>
      <xmin>1328</xmin>
      <ymin>686</ymin>
      <xmax>1753</xmax>
      <ymax>997</ymax>
    </bndbox>
  </object>
  <object>
    <name>bird</name>
    <bndbox>
      <xmin>2114</xmin>
      <ymin>1050</ymin>
      <xmax>2468</xmax>
      <ymax>1274</ymax>
    </bndbox>
  </object>
  <object>
    <name>bird</name>
    <bndbox>
      <xmin>2017</xmin>
      <ymin>478</ymin>
      <xmax>2443</xmax>
      <ymax>845</ymax>
    </bndbox>
  </object>
  <object>
    <name>bird</name>
    <bndbox>
      <xmin>2507</xmin>
      <ymin>785</ymin>
      <xmax>2937</xmax>
      <ymax>1036</ymax>
    </bndbox>
  </object>
</annotation>
