<?xml version='1.0' encoding='UTF-8'?>
<annotation>
  <folder>images</folder>
  <filename>frame_204.jpg</filename>
  <object>
    <name>bird</name>
    <bndbox>
      <xmin>1749</xmin>
      <ymin>1151</ymin>
      <xmax>2321</xmax>
      <ymax>1474</ymax>
    </bndbox>
  </object>
  <object>
    <name>bird</name>
    <bndbox>
      <xmin>2004</xmin>
      <ymin>624</ymin>
      <xmax>2328</xmax>
      <ymax>944</ymax>
    </bndbox>
  </object>
  <object>
    <name>bird</name>
    <bndbox>
      <xmin>2844</xmin>
      <ymin>1507</ymin>
      <xmax>3705</xmax>
      <ymax>1892</ymax>
    </bndbox>
  </object>
  <object>
    <name>bird</name>
    <bndbox>
      <xmin>2240</xmin>
      <ymin>822</ymin>
      <xmax>2657</xmax>
      <ymax>988</ymax>
    </bndbox>
  </object>
  <object>
    <name>bird</name>
    <bndbox>
      <xmin>2224</xmin>
      <ymin>1011</ymin>
      <xmax>2680</xmax>
      <ymax>1222</ymax>
    </bndbox>
  </object>
  <object>
    <name>bird</name>
    <bndbox>
      <xmin>755</xmin>
      <ymin>1002</ymin>
      <xmax>1415</xmax>
      <ymax>1291</ymax>
    </bndbox>
  </object>
  <object>
    <name>bird</name>
    <bndbox>
      <xmin>15</xmin>
      <ymin>1069</ymin>
      <xmax>158</xmax>
      <ymax>1407</ymax>
    </bndbox>
  </object>
</annotation>
