<?xml version='1.0' encoding='UTF-8'?>
<annotation>
  <folder>images</folder>
  <filename>frame_218.jpg</filename>
  <object>
    <name>bird</name>
    <bndbox>
      <xmin>1951</xmin>
      <ymin>629</ymin>
      <xmax>2231</xmax>
      <ymax>917</ymax>
    </bndbox>
  </object>
  <object>
    <name>bird</name>
    <bndbox>
      <xmin>3523</xmin>
      <ymin>1070</ymin>
      <xmax>3840</xmax>
      <ymax>1457</ymax>
    </bndbox>
  </object>
  <object>
    <name>bird</name>
    <bndbox>
      <xmin>598</xmin>
      <ymin>1193</ymin>
      <xmax>902</xmax>
      <ymax>1470</ymax>
    </bndbox>
  </object>
  <object>
    <name>bird</name>
    <bndbox>
      <xmin>2108</xmin>
      <ymin>844</ymin>
      <xmax>2639</xmax>
      <ymax>1049</ymax>
    </bndbox>
  </object>
  <object>
    <name>bird</name>
    <bndbox>
      <xmin>1794</xmin>
      <ymin>1033</ymin>
      <xmax>2280</xmax>
      <ymax>1253</ymax>
    </bndbox>
  </object>
  <object>
    <name>bird</name>
    <bndbox>
      <xmin>1160</xmin>
      <ymin>993</ymin>
      <xmax>1655</xmax>
      <ymax>1241</ymax>
    </bndbox>
  </object>
</annotation>
