<?xml version='1.0' encoding='UTF-8'?>
<annotation>
  <folder>images</folder>
  <filename>frame_75.jpg</filename>
  <object>
    <name>bird</name>
    <bndbox>
      <xmin>2574</xmin>
      <ymin>1132</ymin>
      <xmax>3349</xmax>
      <ymax>1584</ymax>
    </bndbox>
  </object>
  <object>
    <name>bird</name>
    <bndbox>
      <xmin>912</xmin>
      <ymin>257</ymin>
      <xmax>1455</xmax>
      <ymax>560</ymax>
    </bndbox>
  </object>
  <object>
    <name>bird</name>
    <bndbox>
      <xmin>1171</xmin>
      <ymin>886</ymin>
      <xmax>1667</xmax>
      <ymax>1332</ymax>
    </bndbox>
  </object>
  <object>
    <name>bird</name>
    <bndbox>
      <xmin>1832</xmin>
      <ymin>1227</ymin>
      <xmax>2245</xmax>
      <ymax>1597</ymax>
    </bndbox>
  </object>
  <object>
    <name>bird</name>
    <bndbox>
      <xmin>820</xmin>
      <ymin>1240</ymin>
      <xmax>1305</xmax>
      <ymax>1563</ymax>
    </bndbox>
  </object>
  <object>
    <name>bird</name>
    <bndbox>
      <xmin>1547</xmin>
      <ymin>724</ymin>
      <xmax>1917</xmax>
      <ymax>1233</ymax>
    </bndbox>
  </object>
  <object>
    <name>bird</name>
    <bndbox>
      <xmin>1912</xmin>
      <ymin>658</ymin>
      <xmax>2236</xmax>
      <ymax>1223</ymax>
    </bndbox>
  </object>
  <object>
    <name>bird</name>
    <bndbox>
      <xmin>2183</xmin>
      <ymin>1139</ymin>
      <xmax>2684</xmax>
      <ymax>1447</ymax>
    </bndbox>
  </object>
  <object>
    <name>bird</name>
    <bndbox>
      <xmin>2672</xmin>
      <ymin>786</ymin>
      <xmax>3388</xmax>
      <ymax>1129</ymax>
    </bndbox>
  </object>
  <object>
    <name>bird</name>
    <bndbox>
      <xmin>2350</xmin>
      <ymin>554</ymin>
      <xmax>3542</xmax>
      <ymax>1024</ymax>
    </bndbox>
  </object>
  <object>
    <name>bird</name>
    <bndbox>
      <xmin>0</xmin>
      <ymin>166</ymin>
      <xmax>243</xmax>
      <ymax>388</ymax>
    </bndbox>
  </object>
  <object>
    <name>bird</name>
    <bndbox>
      <xmin>2144</xmin>
      <ymin>767</ymin>
      <xmax>2714</xmax>
      <ymax>1212</ymax>
    </bndbox>
  </object>
  <object>
    <name>bird</name>
    <bndbox>
      <xmin>2821</xmin>
      <ymin>1047</ymin>
      <xmax>3458</xmax>
      <ymax>1268</ymax>
    </bndbox>
  </object>
  <object>
    <name>bird</name>
    <bndbox>
      <xmin>768</xmin>
      <ymin>787</ymin>
      <xmax>1508</xmax>
      <ymax>1146</ymax>
    </bndbox>
  </object>
</annotation>
