<?xml version='1.0' encoding='UTF-8'?>
<annotation>
  <folder>images</folder>
  <filename>frame_87.jpg</filename>
  <object>
    <name>bird</name>
    <bndbox>
      <xmin>2751</xmin>
      <ymin>1078</ymin>
      <xmax>3224</xmax>
      <ymax>1419</ymax>
    </bndbox>
  </object>
  <object>
    <name>bird</name>
    <bndbox>
      <xmin>483</xmin>
      <ymin>368</ymin>
      <xmax>932</xmax>
      <ymax>695</ymax>
    </bndbox>
  </object>
  <object>
    <name>bird</name>
    <bndbox>
      <xmin>1334</xmin>
      <ymin>883</ymin>
      <xmax>1863</xmax>
      <ymax>1205</ymax>
    </bndbox>
  </object>
  <object>
    <name>bird</name>
    <bndbox>
      <xmin>2109</xmin>
      <ymin>1047</ymin>
      <xmax>2503</xmax>
      <ymax>1390</ymax>
    </bndbox>
  </object>
  <object>
    <name>bird</name>
    <bndbox>
      <xmin>1304</xmin>
      <ymin>1171</ymin>
      <xmax>1911</xmax>
      <ymax>1479</ymax>
    </bndbox>
  </object>
  <object>
    <name>bird</name>
    <bndbox>
      <xmin>1507</xmin>
      <ymin>702</ymin>
      <xmax>1944</xmax>
      <ymax>1068</ymax>
    </bndbox>
  </object>
  <object>
    <name>bird</name>
    <bndbox>
      <xmin>2020</xmin>
      <ymin>645</ymin>
      <xmax>2281</xmax>
      <ymax>1095</ymax>
    </bndbox>
  </object>
  <object>
    <name>bird</name>
    <bndbox>
      <xmin>2694</xmin>
      <ymin>626</ymin>
      <xmax>3281</xmax>
      <ymax>985</ymax>
    </bndbox>
  </object>
  <object>
    <name>bird</name>
    <bndbox>
      <xmin>2488</xmin>
      <ymin>442</ymin>
      <xmax>3186</xmax>
      <ymax>876</ymax>
    </bndbox>
  </object>
  <object>
    <name>bird</name>
    <bndbox>
      <xmin>2794</xmin>
      <ymin>866</ymin>
      <xmax>3463</xmax>
      <ymax>1099</ymax>
    </bndbox>
  </object>
  <object>
    <name>bird</name>
    <bndbox>
      <xmin>2329</xmin>
      <ymin>993</ymin>
      <xmax>2832</xmax>
      <ymax>1272</ymax>
    </bndbox>
  </object>
  <object>
    <name>bird</name>
    <bndbox>
      <xmin>2405</xmin>
      <ymin>765</ymin>
      <xmax>2792</xmax>
      <ymax>1052</ymax>
    </bndbox>
  </object>
</annotation>
