<?xml version='1.0' encoding='UTF-8'?>
<annotation>
  <folder>images</folder>
  <filename>frame_82.jpg</filename>
  <object>
    <name>bird</name>
    <bndbox>
      <xmin>2694</xmin>
      <ymin>977</ymin>
      <xmax>3406</xmax>
      <ymax>1508</ymax>
    </bndbox>
  </object>
  <object>
    <name>bird</name>
    <bndbox>
      <xmin>684</xmin>
      <ymin>315</ymin>
      <xmax>1219</xmax>
      <ymax>641</ymax>
    </bndbox>
  </object>
  <object>
    <name>bird</name>
    <bndbox>
      <xmin>1479</xmin>
      <ymin>953</ymin>
      <xmax>1915</xmax>
      <ymax>1280</ymax>
    </bndbox>
  </object>
  <object>
    <name>bird</name>
    <bndbox>
      <xmin>2065</xmin>
      <ymin>1140</ymin>
      <xmax>2427</xmax>
      <ymax>1500</ymax>
    </bndbox>
  </object>
  <object>
    <name>bird</name>
    <bndbox>
      <xmin>1215</xmin>
      <ymin>1221</ymin>
      <xmax>1763</xmax>
      <ymax>1504</ymax>
    </bndbox>
  </object>
  <object>
    <name>bird</name>
    <bndbox>
      <xmin>1643</xmin>
      <ymin>736</ymin>
      <xmax>2016</xmax>
      <ymax>1157</ymax>
    </bndbox>
  </object>
  <object>
    <name>bird</name>
    <bndbox>
      <xmin>2079</xmin>
      <ymin>656</ymin>
      <xmax>2356</xmax>
      <ymax>1160</ymax>
    </bndbox>
  </object>
  <object>
    <name>bird</name>
    <bndbox>
      <xmin>2342</xmin>
      <ymin>1051</ymin>
      <xmax>2865</xmax>
      <ymax>1351</ymax>
    </bndbox>
  </object>
  <object>
    <name>bird</name>
    <bndbox>
      <xmin>2801</xmin>
      <ymin>688</ymin>
      <xmax>3425</xmax>
      <ymax>1025</ymax>
    </bndbox>
  </object>
  <object>
    <name>bird</name>
    <bndbox>
      <xmin>2525</xmin>
      <ymin>482</ymin>
      <xmax>3371</xmax>
      <ymax>919</ymax>
    </bndbox>
  </object>
  <object>
    <name>bird</name>
    <bndbox>
      <xmin>2315</xmin>
      <ymin>704</ymin>
      <xmax>2800</xmax>
      <ymax>1072</ymax>
    </bndbox>
  </object>
  <object>
    <name>bird</name>
    <bndbox>
      <xmin>2910</xmin>
      <ymin>940</ymin>
      <xmax>3544</xmax>
      <ymax>1165</ymax>
    </bndbox>
  </object>
  <object>
    <name>bird</name>
    <bndbox>
      <xmin>999</xmin>
      <ymin>745</ymin>
      <xmax>1556</xmax>
      <ymax>1015</ymax>
    </bndbox>
  </object>
</annotation>
