<?xml version='1.0' encoding='UTF-8'?>
<annotation>
  <folder>images</folder>
  <filename>frame_245.jpg</filename>
  <object>
    <name>bird</name>
    <bndbox>
      <xmin>2547</xmin>
      <ymin>1022</ymin>
      <xmax>3120</xmax>
      <ymax>1359</ymax>
    </bndbox>
  </object>
  <object>
    <name>bird</name>
    <bndbox>
      <xmin>2209</xmin>
      <ymin>1503</ymin>
      <xmax>2667</xmax>
      <ymax>1812</ymax>
    </bndbox>
  </object>
  <object>
    <name>bird</name>
    <bndbox>
      <xmin>2283</xmin>
      <ymin>1101</ymin>
      <xmax>2604</xmax>
      <ymax>1404</ymax>
    </bndbox>
  </object>
  <object>
    <name>bird</name>
    <bndbox>
      <xmin>1754</xmin>
      <ymin>1168</ymin>
      <xmax>2119</xmax>
      <ymax>1379</ymax>
    </bndbox>
  </object>
  <object>
    <name>bird</name>
    <bndbox>
      <xmin>1295</xmin>
      <ymin>883</ymin>
      <xmax>1701</xmax>
      <ymax>1131</ymax>
    </bndbox>
  </object>
  <object>
    <name>bird</name>
    <bndbox>
      <xmin>785</xmin>
      <ymin>1048</ymin>
      <xmax>1391</xmax>
      <ymax>1360</ymax>
    </bndbox>
  </object>
  <object>
    <name>bird</name>
    <bndbox>
      <xmin>1923</xmin>
      <ymin>790</ymin>
      <xmax>2106</xmax>
      <ymax>1034</ymax>
    </bndbox>
  </object>
  <object>
    <name>bird</name>
    <bndbox>
      <xmin>1290</xmin>
      <ymin>1111</ymin>
      <xmax>1768</xmax>
      <ymax>1329</ymax>
    </bndbox>
  </object>
</annotation>
