<?xml version='1.0' encoding='UTF-8'?>
<annotation>
  <folder>images</folder>
  <filename>frame_221.jpg</filename>
  <object>
    <name>bird</name>
    <bndbox>
      <xmin>1917</xmin>
      <ymin>665</ymin>
      <xmax>2200</xmax>
      <ymax>959</ymax>
    </bndbox>
  </object>
  <object>
    <name>bird</name>
    <bndbox>
      <xmin>3428</xmin>
      <ymin>1065</ymin>
      <xmax>3840</xmax>
      <ymax>1450</ymax>
    </bndbox>
  </object>
  <object>
    <name>bird</name>
    <bndbox>
      <xmin>752</xmin>
      <ymin>1213</ymin>
      <xmax>1147</xmax>
      <ymax>1530</ymax>
    </bndbox>
  </object>
  <object>
    <name>bird</name>
    <bndbox>
      <xmin>2196</xmin>
      <ymin>1144</ymin>
      <xmax>2505</xmax>
      <ymax>1380</ymax>
    </bndbox>
  </object>
  <object>
    <name>bird</name>
    <bndbox>
      <xmin>1378</xmin>
      <ymin>1085</ymin>
      <xmax>1679</xmax>
      <ymax>1278</ymax>
    </bndbox>
  </object>
  <object>
    <name>bird</name>
    <bndbox>
      <xmin>1750</xmin>
      <ymin>1067</ymin>
      <xmax>2248</xmax>
      <ymax>1300</ymax>
    </bndbox>
  </object>
</annotation>
