<?xml version='1.0' encoding='UTF-8'?>
<annotation>
  <folder>images</folder>
  <filename>frame_264.jpg</filename>
  <object>
    <name>bird</name>
    <bndbox>
      <xmin>2450</xmin>
      <ymin>889</ymin>
      <xmax>2663</xmax>
      <ymax>1105</ymax>
    </bndbox>
  </object>
  <object>
    <name>bird</name>
    <bndbox>
      <xmin>1998</xmin>
      <ymin>1521</ymin>
      <xmax>2630</xmax>
      <ymax>1840</ymax>
    </bndbox>
  </object>
  <object>
    <name>bird</name>
    <bndbox>
      <xmin>2462</xmin>
      <ymin>1213</ymin>
      <xmax>2834</xmax>
      <ymax>1478</ymax>
    </bndbox>
  </object>
  <object>
    <name>bird</name>
    <bndbox>
      <xmin>553</xmin>
      <ymin>1148</ymin>
      <xmax>1099</xmax>
      <ymax>1376</ymax>
    </bndbox>
  </object>
  <object>
    <name>bird</name>
    <bndbox>
      <xmin>1822</xmin>
      <ymin>1143</ymin>
      <xmax>2084</xmax>
      <ymax>1393</ymax>
    </bndbox>
  </object>
  <object>
    <name>bird</name>
    <bndbox>
      <xmin>1605</xmin>
      <ymin>1157</ymin>
      <xmax>1859</xmax>
      <ymax>1372</ymax>
    </bndbox>
  </object>
  <object>
    <name>bird</name>
    <bndbox>
      <xmin>1917</xmin>
      <ymin>842</ymin>
      <xmax>2363</xmax>
      <ymax>1036</ymax>
    </bndbox>
  </object>
  <object>
    <name>bird</name>
    <bndbox>
      <xmin>995</xmin>
      <ymin>1011</ymin>
      <xmax>1342</xmax>
      <ymax>1162</ymax>
    </bndbox>
  </object>
  <object>
    <name>bird</name>
    <bndbox>
      <xmin>1073</xmin>
      <ymin>1130</ymin>
      <xmax>1497</xmax>
      <ymax>1346</ymax>
    </bndbox>
  </object>
</annotation>
