<?xml version='1.0' encoding='UTF-8'?>
<annotation>
  <folder>images</folder>
  <filename>frame_248.jpg</filename>
  <object>
    <name>bird</name>
    <bndbox>
      <xmin>2543</xmin>
      <ymin>955</ymin>
      <xmax>2983</xmax>
      <ymax>1254</ymax>
    </bndbox>
  </object>
  <object>
    <name>bird</name>
    <bndbox>
      <xmin>2289</xmin>
      <ymin>1555</ymin>
      <xmax>2754</xmax>
      <ymax>1839</ymax>
    </bndbox>
  </object>
  <object>
    <name>bird</name>
    <bndbox>
      <xmin>2480</xmin>
      <ymin>1178</ymin>
      <xmax>2839</xmax>
      <ymax>1469</ymax>
    </bndbox>
  </object>
  <object>
    <name>bird</name>
    <bndbox>
      <xmin>1769</xmin>
      <ymin>1174</ymin>
      <xmax>2112</xmax>
      <ymax>1384</ymax>
    </bndbox>
  </object>
  <object>
    <name>bird</name>
    <bndbox>
      <xmin>805</xmin>
      <ymin>1107</ymin>
      <xmax>1312</xmax>
      <ymax>1366</ymax>
    </bndbox>
  </object>
  <object>
    <name>bird</name>
    <bndbox>
      <xmin>1931</xmin>
      <ymin>794</ymin>
      <xmax>2113</xmax>
      <ymax>1041</ymax>
    </bndbox>
  </object>
  <object>
    <name>bird</name>
    <bndbox>
      <xmin>1279</xmin>
      <ymin>1117</ymin>
      <xmax>1781</xmax>
      <ymax>1345</ymax>
    </bndbox>
  </object>
  <object>
    <name>bird</name>
    <bndbox>
      <xmin>1752</xmin>
      <ymin>995</ymin>
      <xmax>2499</xmax>
      <ymax>1392</ymax>
    </bndbox>
  </object>
  <object>
    <name>bird</name>
    <bndbox>
      <xmin>2195</xmin>
      <ymin>876</ymin>
      <xmax>2578</xmax>
      <ymax>1049</ymax>
    </bndbox>
  </object>
</annotation>
