<?xml version='1.0' encoding='UTF-8'?>
<annotation>
  <folder>images</folder>
  <filename>frame_66.jpg</filename>
  <object>
    <name>bird</name>
    <bndbox>
      <xmin>688</xmin>
      <ymin>708</ymin>
      <xmax>1304</xmax>
      <ymax>1038</ymax>
    </bndbox>
  </object>
  <object>
    <name>bird</name>
    <bndbox>
      <xmin>2372</xmin>
      <ymin>1195</ymin>
      <xmax>3126</xmax>
      <ymax>1578</ymax>
    </bndbox>
  </object>
  <object>
    <name>bird</name>
    <bndbox>
      <xmin>1495</xmin>
      <ymin>143</ymin>
      <xmax>1989</xmax>
      <ymax>444</ymax>
    </bndbox>
  </object>
  <object>
    <name>bird</name>
    <bndbox>
      <xmin>1189</xmin>
      <ymin>753</ymin>
      <xmax>1563</xmax>
      <ymax>1265</ymax>
    </bndbox>
  </object>
  <object>
    <name>bird</name>
    <bndbox>
      <xmin>1533</xmin>
      <ymin>1173</ymin>
      <xmax>2057</xmax>
      <ymax>1537</ymax>
    </bndbox>
  </object>
  <object>
    <name>bird</name>
    <bndbox>
      <xmin>538</xmin>
      <ymin>981</ymin>
      <xmax>1129</xmax>
      <ymax>1554</ymax>
    </bndbox>
  </object>
  <object>
    <name>bird</name>
    <bndbox>
      <xmin>1549</xmin>
      <ymin>683</ymin>
      <xmax>1923</xmax>
      <ymax>1180</ymax>
    </bndbox>
  </object>
  <object>
    <name>bird</name>
    <bndbox>
      <xmin>242</xmin>
      <ymin>31</ymin>
      <xmax>783</xmax>
      <ymax>254</ymax>
    </bndbox>
  </object>
  <object>
    <name>bird</name>
    <bndbox>
      <xmin>1892</xmin>
      <ymin>621</ymin>
      <xmax>2253</xmax>
      <ymax>1144</ymax>
    </bndbox>
  </object>
  <object>
    <name>bird</name>
    <bndbox>
      <xmin>2083</xmin>
      <ymin>1096</ymin>
      <xmax>2478</xmax>
      <ymax>1425</ymax>
    </bndbox>
  </object>
  <object>
    <name>bird</name>
    <bndbox>
      <xmin>151</xmin>
      <ymin>0</ymin>
      <xmax>388</xmax>
      <ymax>175</ymax>
    </bndbox>
  </object>
  <object>
    <name>bird</name>
    <bndbox>
      <xmin>2065</xmin>
      <ymin>852</ymin>
      <xmax>2651</xmax>
      <ymax>1162</ymax>
    </bndbox>
  </object>
</annotation>
