<?xml version='1.0' encoding='UTF-8'?>
<annotation>
  <folder>images</folder>
  <filename>frame_298.jpg</filename>
  <object>
    <name>bird</name>
    <bndbox>
      <xmin>3013</xmin>
      <ymin>1019</ymin>
      <xmax>3293</xmax>
      <ymax>1300</ymax>
    </bndbox>
  </object>
  <object>
    <name>bird</name>
    <bndbox>
      <xmin>1135</xmin>
      <ymin>1593</ymin>
      <xmax>1539</xmax>
      <ymax>1875</ymax>
    </bndbox>
  </object>
  <object>
    <name>bird</name>
    <bndbox>
      <xmin>1017</xmin>
      <ymin>1006</ymin>
      <xmax>1446</xmax>
      <ymax>1276</ymax>
    </bndbox>
  </object>
  <object>
    <name>bird</name>
    <bndbox>
      <xmin>1494</xmin>
      <ymin>1178</ymin>
      <xmax>1914</xmax>
      <ymax>1513</ymax>
    </bndbox>
  </object>
  <object>
    <name>bird</name>
    <bndbox>
      <xmin>599</xmin>
      <ymin>1802</ymin>
      <xmax>952</xmax>
      <ymax>2069</ymax>
    </bndbox>
  </object>
  <object>
    <name>bird</name>
    <bndbox>
      <xmin>1942</xmin>
      <ymin>914</ymin>
      <xmax>2126</xmax>
      <ymax>1128</ymax>
    </bndbox>
  </object>
  <object>
    <name>bird</name>
    <bndbox>
      <xmin>2362</xmin>
      <ymin>810</ymin>
      <xmax>2727</xmax>
      <ymax>997</ymax>
    </bndbox>
  </object>
  <object>
    <name>bird</name>
    <bndbox>
      <xmin>266</xmin>
      <ymin>1831</ymin>
      <xmax>750</xmax>
      <ymax>2158</ymax>
    </bndbox>
  </object>
  <object>
    <name>bird</name>
    <bndbox>
      <xmin>5</xmin>
      <ymin>1675</ymin>
      <xmax>217</xmax>
      <ymax>1971</ymax>
    </bndbox>
  </object>
  <object>
    <name>bird</name>
    <bndbox>
      <xmin>2208</xmin>
      <ymin>910</ymin>
      <xmax>2539</xmax>
      <ymax>1230</ymax>
    </bndbox>
  </object>
  <object>
    <name>bird</name>
    <bndbox>
      <xmin>782</xmin>
      <ymin>2017</ymin>
      <xmax>1471</xmax>
      <ymax>2159</ymax>
    </bndbox>
  </object>
  <object>
    <name>bird</name>
    <bndbox>
      <xmin>1498</xmin>
      <ymin>872</ymin>
      <xmax>1823</xmax>
      <ymax>1206</ymax>
    </bndbox>
  </object>
</annotation>
