<?xml version='1.0' encoding='UTF-8'?>
<annotation>
  <folder>images</folder>
  <filename>frame_238.jpg</filename>
  <object>
    <name>bird</name>
    <bndbox>
      <xmin>2568</xmin>
      <ymin>1069</ymin>
      <xmax>3102</xmax>
      <ymax>1356</ymax>
    </bndbox>
  </object>
  <object>
    <name>bird</name>
    <bndbox>
      <xmin>1812</xmin>
      <ymin>1368</ymin>
      <xmax>2355</xmax>
      <ymax>1705</ymax>
    </bndbox>
  </object>
  <object>
    <name>bird</name>
    <bndbox>
      <xmin>2234</xmin>
      <ymin>1187</ymin>
      <xmax>2465</xmax>
      <ymax>1407</ymax>
    </bndbox>
  </object>
  <object>
    <name>bird</name>
    <bndbox>
      <xmin>1705</xmin>
      <ymin>1155</ymin>
      <xmax>2082</xmax>
      <ymax>1359</ymax>
    </bndbox>
  </object>
  <object>
    <name>bird</name>
    <bndbox>
      <xmin>1889</xmin>
      <ymin>787</ymin>
      <xmax>2091</xmax>
      <ymax>1048</ymax>
    </bndbox>
  </object>
  <object>
    <name>bird</name>
    <bndbox>
      <xmin>1126</xmin>
      <ymin>865</ymin>
      <xmax>1624</xmax>
      <ymax>1158</ymax>
    </bndbox>
  </object>
</annotation>
