<?xml version='1.0' encoding='UTF-8'?>
<annotation>
  <folder>images</folder>
  <filename>frame_184.jpg</filename>
  <object>
    <name>bird</name>
    <bndbox>
      <xmin>1163</xmin>
      <ymin>1137</ymin>
      <xmax>1739</xmax>
      <ymax>1443</ymax>
    </bndbox>
  </object>
  <object>
    <name>bird</name>
    <bndbox>
      <xmin>1665</xmin>
      <ymin>1100</ymin>
      <xmax>2225</xmax>
      <ymax>1347</ymax>
    </bndbox>
  </object>
  <object>
    <name>bird</name>
    <bndbox>
      <xmin>2391</xmin>
      <ymin>1117</ymin>
      <xmax>2854</xmax>
      <ymax>1350</ymax>
    </bndbox>
  </object>
  <object>
    <name>bird</name>
    <bndbox>
      <xmin>2425</xmin>
      <ymin>616</ymin>
      <xmax>2878</xmax>
      <ymax>941</ymax>
    </bndbox>
  </object>
  <object>
    <name>bird</name>
    <bndbox>
      <xmin>1439</xmin>
      <ymin>1754</ymin>
      <xmax>2397</xmax>
      <ymax>2153</ymax>
    </bndbox>
  </object>
  <object>
    <name>bird</name>
    <bndbox>
      <xmin>1020</xmin>
      <ymin>964</ymin>
      <xmax>1558</xmax>
      <ymax>1192</ymax>
    </bndbox>
  </object>
  <object>
    <name>bird</name>
    <bndbox>
      <xmin>1409</xmin>
      <ymin>691</ymin>
      <xmax>2021</xmax>
      <ymax>979</ymax>
    </bndbox>
  </object>
  <object>
    <name>bird</name>
    <bndbox>
      <xmin>2117</xmin>
      <ymin>821</ymin>
      <xmax>2465</xmax>
      <ymax>1078</ymax>
    </bndbox>
  </object>
</annotation>
