<?xml version='1.0' encoding='UTF-8'?>
<annotation>
  <folder>images</folder>
  <filename>frame_4.jpg</filename>
  <object>
    <name>bird</name>
    <bndbox>
      <xmin>443</xmin>
      <ymin>289</ymin>
      <xmax>1087</xmax>
      <ymax>629</ymax>
    </bndbox>
  </object>
  <object>
    <name>bird</name>
    <bndbox>
      <xmin>2675</xmin>
      <ymin>303</ymin>
      <xmax>3205</xmax>
      <ymax>624</ymax>
    </bndbox>
  </object>
  <object>
    <name>bird</name>
    <bndbox>
      <xmin>529</xmin>
      <ymin>643</ymin>
      <xmax>1096</xmax>
      <ymax>992</ymax>
    </bndbox>
  </object>
  <object>
    <name>bird</name>
    <bndbox>
      <xmin>2201</xmin>
      <ymin>611</ymin>
      <xmax>2477</xmax>
      <ymax>920</ymax>
    </bndbox>
  </object>
  <object>
    <name>bird</name>
    <bndbox>
      <xmin>1460</xmin>
      <ymin>0</ymin>
      <xmax>1828</xmax>
      <ymax>242</ymax>
    </bndbox>
  </object>
  <object>
    <name>bird</name>
    <bndbox>
      <xmin>1526</xmin>
      <ymin>551</ymin>
      <xmax>2033</xmax>
      <ymax>1021</ymax>
    </bndbox>
  </object>
  <object>
    <name>bird</name>
    <bndbox>
      <xmin>1296</xmin>
      <ymin>612</ymin>
      <xmax>1523</xmax>
      <ymax>1001</ymax>
    </bndbox>
  </object>
  <object>
    <name>bird</name>
    <bndbox>
      <xmin>1107</xmin>
      <ymin>452</ymin>
      <xmax>1372</xmax>
      <ymax>922</ymax>
    </bndbox>
  </object>
  <object>
    <name>bird</name>
    <bndbox>
      <xmin>1723</xmin>
      <ymin>1030</ymin>
      <xmax>2139</xmax>
      <ymax>1371</ymax>
    </bndbox>
  </object>
  <object>
    <name>bird</name>
    <bndbox>
      <xmin>1582</xmin>
      <ymin>1135</ymin>
      <xmax>1894</xmax>
      <ymax>1433</ymax>
    </bndbox>
  </object>
</annotation>
