<?xml version='1.0' encoding='UTF-8'?>
<annotation>
  <folder>images</folder>
  <filename>frame_257.jpg</filename>
  <object>
    <name>bird</name>
    <bndbox>
      <xmin>2488</xmin>
      <ymin>838</ymin>
      <xmax>2850</xmax>
      <ymax>1177</ymax>
    </bndbox>
  </object>
  <object>
    <name>bird</name>
    <bndbox>
      <xmin>2173</xmin>
      <ymin>1552</ymin>
      <xmax>2752</xmax>
      <ymax>1842</ymax>
    </bndbox>
  </object>
  <object>
    <name>bird</name>
    <bndbox>
      <xmin>2602</xmin>
      <ymin>1232</ymin>
      <xmax>2915</xmax>
      <ymax>1482</ymax>
    </bndbox>
  </object>
  <object>
    <name>bird</name>
    <bndbox>
      <xmin>778</xmin>
      <ymin>1136</ymin>
      <xmax>1270</xmax>
      <ymax>1352</ymax>
    </bndbox>
  </object>
  <object>
    <name>bird</name>
    <bndbox>
      <xmin>1946</xmin>
      <ymin>1099</ymin>
      <xmax>2305</xmax>
      <ymax>1389</ymax>
    </bndbox>
  </object>
  <object>
    <name>bird</name>
    <bndbox>
      <xmin>1782</xmin>
      <ymin>1153</ymin>
      <xmax>2053</xmax>
      <ymax>1365</ymax>
    </bndbox>
  </object>
  <object>
    <name>bird</name>
    <bndbox>
      <xmin>1881</xmin>
      <ymin>784</ymin>
      <xmax>2081</xmax>
      <ymax>1080</ymax>
    </bndbox>
  </object>
  <object>
    <name>bird</name>
    <bndbox>
      <xmin>2156</xmin>
      <ymin>877</ymin>
      <xmax>2566</xmax>
      <ymax>1059</ymax>
    </bndbox>
  </object>
  <object>
    <name>bird</name>
    <bndbox>
      <xmin>1599</xmin>
      <ymin>988</ymin>
      <xmax>2044</xmax>
      <ymax>1259</ymax>
    </bndbox>
  </object>
</annotation>
