<?xml version='1.0' encoding='UTF-8'?>
<annotation>
  <folder>images</folder>
  <filename>frame_52.jpg</filename>
  <object>
    <name>bird</name>
    <bndbox>
      <xmin>439</xmin>
      <ymin>620</ymin>
      <xmax>952</xmax>
      <ymax>944</ymax>
    </bndbox>
  </object>
  <object>
    <name>bird</name>
    <bndbox>
      <xmin>1638</xmin>
      <ymin>658</ymin>
      <xmax>2050</xmax>
      <ymax>1062</ymax>
    </bndbox>
  </object>
  <object>
    <name>bird</name>
    <bndbox>
      <xmin>1929</xmin>
      <ymin>1268</ymin>
      <xmax>2487</xmax>
      <ymax>1596</ymax>
    </bndbox>
  </object>
  <object>
    <name>bird</name>
    <bndbox>
      <xmin>2137</xmin>
      <ymin>710</ymin>
      <xmax>2610</xmax>
      <ymax>924</ymax>
    </bndbox>
  </object>
  <object>
    <name>bird</name>
    <bndbox>
      <xmin>2099</xmin>
      <ymin>79</ymin>
      <xmax>2571</xmax>
      <ymax>461</ymax>
    </bndbox>
  </object>
  <object>
    <name>bird</name>
    <bndbox>
      <xmin>2189</xmin>
      <ymin>1066</ymin>
      <xmax>2957</xmax>
      <ymax>1474</ymax>
    </bndbox>
  </object>
  <object>
    <name>bird</name>
    <bndbox>
      <xmin>968</xmin>
      <ymin>635</ymin>
      <xmax>1257</xmax>
      <ymax>1157</ymax>
    </bndbox>
  </object>
  <object>
    <name>bird</name>
    <bndbox>
      <xmin>913</xmin>
      <ymin>1026</ymin>
      <xmax>1655</xmax>
      <ymax>1412</ymax>
    </bndbox>
  </object>
  <object>
    <name>bird</name>
    <bndbox>
      <xmin>1809</xmin>
      <ymin>978</ymin>
      <xmax>2168</xmax>
      <ymax>1288</ymax>
    </bndbox>
  </object>
  <object>
    <name>bird</name>
    <bndbox>
      <xmin>1574</xmin>
      <ymin>1020</ymin>
      <xmax>1905</xmax>
      <ymax>1376</ymax>
    </bndbox>
  </object>
  <object>
    <name>bird</name>
    <bndbox>
      <xmin>328</xmin>
      <ymin>994</ymin>
      <xmax>882</xmax>
      <ymax>1379</ymax>
    </bndbox>
  </object>
  <object>
    <name>bird</name>
    <bndbox>
      <xmin>2333</xmin>
      <ymin>949</ymin>
      <xmax>2929</xmax>
      <ymax>1197</ymax>
    </bndbox>
  </object>
  <object>
    <name>bird</name>
    <bndbox>
      <xmin>1215</xmin>
      <ymin>690</ymin>
      <xmax>1638</xmax>
      <ymax>1184</ymax>
    </bndbox>
  </object>
  <object>
    <name>bird</name>
    <bndbox>
      <xmin>39</xmin>
      <ymin>0</ymin>
      <xmax>281</xmax>
      <ymax>175</ymax>
    </bndbox>
  </object>
  <object>
    <name>bird</name>
    <bndbox>
      <xmin>2449</xmin>
      <ymin>851</ymin>
      <xmax>3043</xmax>
      <ymax>1040</ymax>
    </bndbox>
  </object>
  <object>
    <name>bird</name>
    <bndbox>
      <xmin>734</xmin>
      <ymin>0</ymin>
      <xmax>1205</xmax>
      <ymax>152</ymax>
    </bndbox>
  </object>
</annotation>
