<?xml version='1.0' encoding='UTF-8'?>
<annotation>
  <folder>images</folder>
  <filename>frame_254.jpg</filename>
  <object>
    <name>bird</name>
    <bndbox>
      <xmin>2477</xmin>
      <ymin>876</ymin>
      <xmax>2876</xmax>
      <ymax>1207</ymax>
    </bndbox>
  </object>
  <object>
    <name>bird</name>
    <bndbox>
      <xmin>2250</xmin>
      <ymin>1556</ymin>
      <xmax>2767</xmax>
      <ymax>1823</ymax>
    </bndbox>
  </object>
  <object>
    <name>bird</name>
    <bndbox>
      <xmin>2526</xmin>
      <ymin>1218</ymin>
      <xmax>2885</xmax>
      <ymax>1479</ymax>
    </bndbox>
  </object>
  <object>
    <name>bird</name>
    <bndbox>
      <xmin>814</xmin>
      <ymin>1132</ymin>
      <xmax>1292</xmax>
      <ymax>1353</ymax>
    </bndbox>
  </object>
  <object>
    <name>bird</name>
    <bndbox>
      <xmin>1920</xmin>
      <ymin>1079</ymin>
      <xmax>2357</xmax>
      <ymax>1400</ymax>
    </bndbox>
  </object>
  <object>
    <name>bird</name>
    <bndbox>
      <xmin>1812</xmin>
      <ymin>1156</ymin>
      <xmax>2097</xmax>
      <ymax>1367</ymax>
    </bndbox>
  </object>
  <object>
    <name>bird</name>
    <bndbox>
      <xmin>1634</xmin>
      <ymin>985</ymin>
      <xmax>2077</xmax>
      <ymax>1250</ymax>
    </bndbox>
  </object>
</annotation>
