<?xml version='1.0' encoding='UTF-8'?>
<annotation>
  <folder>images</folder>
  <filename>frame_77.jpg</filename>
  <object>
    <name>bird</name>
    <bndbox>
      <xmin>2556</xmin>
      <ymin>1074</ymin>
      <xmax>3302</xmax>
      <ymax>1562</ymax>
    </bndbox>
  </object>
  <object>
    <name>bird</name>
    <bndbox>
      <xmin>802</xmin>
      <ymin>265</ymin>
      <xmax>1366</xmax>
      <ymax>586</ymax>
    </bndbox>
  </object>
  <object>
    <name>bird</name>
    <bndbox>
      <xmin>1288</xmin>
      <ymin>942</ymin>
      <xmax>1734</xmax>
      <ymax>1319</ymax>
    </bndbox>
  </object>
  <object>
    <name>bird</name>
    <bndbox>
      <xmin>1893</xmin>
      <ymin>1205</ymin>
      <xmax>2266</xmax>
      <ymax>1557</ymax>
    </bndbox>
  </object>
  <object>
    <name>bird</name>
    <bndbox>
      <xmin>941</xmin>
      <ymin>1228</ymin>
      <xmax>1489</xmax>
      <ymax>1557</ymax>
    </bndbox>
  </object>
  <object>
    <name>bird</name>
    <bndbox>
      <xmin>1546</xmin>
      <ymin>719</ymin>
      <xmax>1920</xmax>
      <ymax>1211</ymax>
    </bndbox>
  </object>
  <object>
    <name>bird</name>
    <bndbox>
      <xmin>1928</xmin>
      <ymin>645</ymin>
      <xmax>2241</xmax>
      <ymax>1208</ymax>
    </bndbox>
  </object>
  <object>
    <name>bird</name>
    <bndbox>
      <xmin>2235</xmin>
      <ymin>1118</ymin>
      <xmax>2754</xmax>
      <ymax>1425</ymax>
    </bndbox>
  </object>
  <object>
    <name>bird</name>
    <bndbox>
      <xmin>2713</xmin>
      <ymin>757</ymin>
      <xmax>3383</xmax>
      <ymax>1087</ymax>
    </bndbox>
  </object>
  <object>
    <name>bird</name>
    <bndbox>
      <xmin>2329</xmin>
      <ymin>526</ymin>
      <xmax>3493</xmax>
      <ymax>1019</ymax>
    </bndbox>
  </object>
  <object>
    <name>bird</name>
    <bndbox>
      <xmin>2177</xmin>
      <ymin>771</ymin>
      <xmax>2688</xmax>
      <ymax>1166</ymax>
    </bndbox>
  </object>
  <object>
    <name>bird</name>
    <bndbox>
      <xmin>2789</xmin>
      <ymin>1011</ymin>
      <xmax>3569</xmax>
      <ymax>1290</ymax>
    </bndbox>
  </object>
  <object>
    <name>bird</name>
    <bndbox>
      <xmin>788</xmin>
      <ymin>786</ymin>
      <xmax>1532</xmax>
      <ymax>1150</ymax>
    </bndbox>
  </object>
</annotation>
