<?xml version='1.0' encoding='UTF-8'?>
<annotation>
  <folder>images</folder>
  <filename>frame_366.jpg</filename>
  <object>
    <name>bird</name>
    <bndbox>
      <xmin>1711</xmin>
      <ymin>1483</ymin>
      <xmax>2202</xmax>
      <ymax>1863</ymax>
    </bndbox>
  </object>
  <object>
    <name>bird</name>
    <bndbox>
      <xmin>552</xmin>
      <ymin>881</ymin>
      <xmax>793</xmax>
      <ymax>1115</ymax>
    </bndbox>
  </object>
  <object>
    <name>bird</name>
    <bndbox>
      <xmin>669</xmin>
      <ymin>1757</ymin>
      <xmax>1099</xmax>
      <ymax>2157</ymax>
    </bndbox>
  </object>
  <object>
    <name>bird</name>
    <bndbox>
      <xmin>3004</xmin>
      <ymin>1587</ymin>
      <xmax>3256</xmax>
      <ymax>1899</ymax>
    </bndbox>
  </object>
  <object>
    <name>bird</name>
    <bndbox>
      <xmin>920</xmin>
      <ymin>1141</ymin>
      <xmax>1427</xmax>
      <ymax>1381</ymax>
    </bndbox>
  </object>
  <object>
    <name>bird</name>
    <bndbox>
      <xmin>946</xmin>
      <ymin>1646</ymin>
      <xmax>1450</xmax>
      <ymax>2013</ymax>
    </bndbox>
  </object>
  <object>
    <name>bird</name>
    <bndbox>
      <xmin>969</xmin>
      <ymin>931</ymin>
      <xmax>1390</xmax>
      <ymax>1149</ymax>
    </bndbox>
  </object>
  <object>
    <name>bird</name>
    <bndbox>
      <xmin>1487</xmin>
      <ymin>647</ymin>
      <xmax>1810</xmax>
      <ymax>833</ymax>
    </bndbox>
  </object>
  <object>
    <name>bird</name>
    <bndbox>
      <xmin>2131</xmin>
      <ymin>1035</ymin>
      <xmax>2385</xmax>
      <ymax>1235</ymax>
    </bndbox>
  </object>
  <object>
    <name>bird</name>
    <bndbox>
      <xmin>1452</xmin>
      <ymin>757</ymin>
      <xmax>1858</xmax>
      <ymax>1030</ymax>
    </bndbox>
  </object>
  <object>
    <name>bird</name>
    <bndbox>
      <xmin>1814</xmin>
      <ymin>736</ymin>
      <xmax>2093</xmax>
      <ymax>911</ymax>
    </bndbox>
  </object>
  <object>
    <name>bird</name>
    <bndbox>
      <xmin>1883</xmin>
      <ymin>843</ymin>
      <xmax>2253</xmax>
      <ymax>1031</ymax>
    </bndbox>
  </object>
</annotation>
