<?xml version='1.0' encoding='UTF-8'?>
<annotation>
  <folder>images</folder>
  <filename>frame_185.jpg</filename>
  <object>
    <name>bird</name>
    <bndbox>
      <xmin>1132</xmin>
      <ymin>1133</ymin>
      <xmax>1721</xmax>
      <ymax>1447</ymax>
    </bndbox>
  </object>
  <object>
    <name>bird</name>
    <bndbox>
      <xmin>1670</xmin>
      <ymin>1089</ymin>
      <xmax>2222</xmax>
      <ymax>1329</ymax>
    </bndbox>
  </object>
  <object>
    <name>bird</name>
    <bndbox>
      <xmin>2380</xmin>
      <ymin>1104</ymin>
      <xmax>2839</xmax>
      <ymax>1332</ymax>
    </bndbox>
  </object>
  <object>
    <name>bird</name>
    <bndbox>
      <xmin>2355</xmin>
      <ymin>621</ymin>
      <xmax>2824</xmax>
      <ymax>959</ymax>
    </bndbox>
  </object>
  <object>
    <name>bird</name>
    <bndbox>
      <xmin>1558</xmin>
      <ymin>1750</ymin>
      <xmax>2499</xmax>
      <ymax>2147</ymax>
    </bndbox>
  </object>
  <object>
    <name>bird</name>
    <bndbox>
      <xmin>1004</xmin>
      <ymin>961</ymin>
      <xmax>1540</xmax>
      <ymax>1180</ymax>
    </bndbox>
  </object>
  <object>
    <name>bird</name>
    <bndbox>
      <xmin>2398</xmin>
      <ymin>865</ymin>
      <xmax>2885</xmax>
      <ymax>1118</ymax>
    </bndbox>
  </object>
  <object>
    <name>bird</name>
    <bndbox>
      <xmin>1782</xmin>
      <ymin>639</ymin>
      <xmax>2082</xmax>
      <ymax>877</ymax>
    </bndbox>
  </object>
  <object>
    <name>bird</name>
    <bndbox>
      <xmin>1729</xmin>
      <ymin>944</ymin>
      <xmax>2139</xmax>
      <ymax>1177</ymax>
    </bndbox>
  </object>
</annotation>
