<?xml version='1.0' encoding='UTF-8'?>
<annotation>
  <folder>images</folder>
  <filename>frame_318.jpg</filename>
  <object>
    <name>bird</name>
    <bndbox>
      <xmin>3538</xmin>
      <ymin>1071</ymin>
      <xmax>3840</xmax>
      <ymax>1297</ymax>
    </bndbox>
  </object>
  <object>
    <name>bird</name>
    <bndbox>
      <xmin>1467</xmin>
      <ymin>1657</ymin>
      <xmax>2060</xmax>
      <ymax>1978</ymax>
    </bndbox>
  </object>
  <object>
    <name>bird</name>
    <bndbox>
      <xmin>688</xmin>
      <ymin>1218</ymin>
      <xmax>1137</xmax>
      <ymax>1502</ymax>
    </bndbox>
  </object>
  <object>
    <name>bird</name>
    <bndbox>
      <xmin>387</xmin>
      <ymin>1714</ymin>
      <xmax>951</xmax>
      <ymax>2110</ymax>
    </bndbox>
  </object>
  <object>
    <name>bird</name>
    <bndbox>
      <xmin>2434</xmin>
      <ymin>939</ymin>
      <xmax>2746</xmax>
      <ymax>1266</ymax>
    </bndbox>
  </object>
  <object>
    <name>bird</name>
    <bndbox>
      <xmin>1599</xmin>
      <ymin>1033</ymin>
      <xmax>1816</xmax>
      <ymax>1269</ymax>
    </bndbox>
  </object>
  <object>
    <name>bird</name>
    <bndbox>
      <xmin>2331</xmin>
      <ymin>790</ymin>
      <xmax>2718</xmax>
      <ymax>975</ymax>
    </bndbox>
  </object>
  <object>
    <name>bird</name>
    <bndbox>
      <xmin>729</xmin>
      <ymin>925</ymin>
      <xmax>1121</xmax>
      <ymax>1123</ymax>
    </bndbox>
  </object>
  <object>
    <name>bird</name>
    <bndbox>
      <xmin>962</xmin>
      <ymin>1137</ymin>
      <xmax>1342</xmax>
      <ymax>1348</ymax>
    </bndbox>
  </object>
  <object>
    <name>bird</name>
    <bndbox>
      <xmin>1159</xmin>
      <ymin>1023</ymin>
      <xmax>1576</xmax>
      <ymax>1258</ymax>
    </bndbox>
  </object>
  <object>
    <name>bird</name>
    <bndbox>
      <xmin>1770</xmin>
      <ymin>752</ymin>
      <xmax>2150</xmax>
      <ymax>934</ymax>
    </bndbox>
  </object>
</annotation>
