<?xml version='1.0' encoding='UTF-8'?>
<annotation>
  <folder>images</folder>
  <filename>frame_55.jpg</filename>
  <object>
    <name>bird</name>
    <bndbox>
      <xmin>614</xmin>
      <ymin>579</ymin>
      <xmax>1187</xmax>
      <ymax>929</ymax>
    </bndbox>
  </object>
  <object>
    <name>bird</name>
    <bndbox>
      <xmin>2100</xmin>
      <ymin>1171</ymin>
      <xmax>2747</xmax>
      <ymax>1544</ymax>
    </bndbox>
  </object>
  <object>
    <name>bird</name>
    <bndbox>
      <xmin>2235</xmin>
      <ymin>682</ymin>
      <xmax>2760</xmax>
      <ymax>904</ymax>
    </bndbox>
  </object>
  <object>
    <name>bird</name>
    <bndbox>
      <xmin>2156</xmin>
      <ymin>70</ymin>
      <xmax>2548</xmax>
      <ymax>402</ymax>
    </bndbox>
  </object>
  <object>
    <name>bird</name>
    <bndbox>
      <xmin>2522</xmin>
      <ymin>1105</ymin>
      <xmax>3122</xmax>
      <ymax>1409</ymax>
    </bndbox>
  </object>
  <object>
    <name>bird</name>
    <bndbox>
      <xmin>1103</xmin>
      <ymin>617</ymin>
      <xmax>1412</xmax>
      <ymax>1201</ymax>
    </bndbox>
  </object>
  <object>
    <name>bird</name>
    <bndbox>
      <xmin>1007</xmin>
      <ymin>926</ymin>
      <xmax>1881</xmax>
      <ymax>1435</ymax>
    </bndbox>
  </object>
  <object>
    <name>bird</name>
    <bndbox>
      <xmin>419</xmin>
      <ymin>1063</ymin>
      <xmax>986</xmax>
      <ymax>1422</ymax>
    </bndbox>
  </object>
  <object>
    <name>bird</name>
    <bndbox>
      <xmin>1452</xmin>
      <ymin>686</ymin>
      <xmax>1770</xmax>
      <ymax>1061</ymax>
    </bndbox>
  </object>
  <object>
    <name>bird</name>
    <bndbox>
      <xmin>0</xmin>
      <ymin>0</ymin>
      <xmax>251</xmax>
      <ymax>186</ymax>
    </bndbox>
  </object>
  <object>
    <name>bird</name>
    <bndbox>
      <xmin>749</xmin>
      <ymin>0</ymin>
      <xmax>1189</xmax>
      <ymax>141</ymax>
    </bndbox>
  </object>
  <object>
    <name>bird</name>
    <bndbox>
      <xmin>26</xmin>
      <ymin>128</ymin>
      <xmax>122</xmax>
      <ymax>241</ymax>
    </bndbox>
  </object>
  <object>
    <name>bird</name>
    <bndbox>
      <xmin>1715</xmin>
      <ymin>550</ymin>
      <xmax>2208</xmax>
      <ymax>1040</ymax>
    </bndbox>
  </object>
  <object>
    <name>bird</name>
    <bndbox>
      <xmin>1809</xmin>
      <ymin>1055</ymin>
      <xmax>2076</xmax>
      <ymax>1339</ymax>
    </bndbox>
  </object>
</annotation>
