<?xml version='1.0' encoding='UTF-8'?>
<annotation>
  <folder>images</folder>
  <filename>frame_163.jpg</filename>
  <object>
    <name>bird</name>
    <bndbox>
      <xmin>29</xmin>
      <ymin>1359</ymin>
      <xmax>659</xmax>
      <ymax>1689</ymax>
    </bndbox>
  </object>
  <object>
    <name>bird</name>
    <bndbox>
      <xmin>1584</xmin>
      <ymin>770</ymin>
      <xmax>1801</xmax>
      <ymax>1116</ymax>
    </bndbox>
  </object>
  <object>
    <name>bird</name>
    <bndbox>
      <xmin>1810</xmin>
      <ymin>801</ymin>
      <xmax>2070</xmax>
      <ymax>1094</ymax>
    </bndbox>
  </object>
  <object>
    <name>bird</name>
    <bndbox>
      <xmin>888</xmin>
      <ymin>839</ymin>
      <xmax>1325</xmax>
      <ymax>1030</ymax>
    </bndbox>
  </object>
  <object>
    <name>bird</name>
    <bndbox>
      <xmin>1839</xmin>
      <ymin>1420</ymin>
      <xmax>2194</xmax>
      <ymax>1690</ymax>
    </bndbox>
  </object>
  <object>
    <name>bird</name>
    <bndbox>
      <xmin>34</xmin>
      <ymin>1070</ymin>
      <xmax>258</xmax>
      <ymax>1378</ymax>
    </bndbox>
  </object>
  <object>
    <name>bird</name>
    <bndbox>
      <xmin>2307</xmin>
      <ymin>1109</ymin>
      <xmax>2491</xmax>
      <ymax>1339</ymax>
    </bndbox>
  </object>
  <object>
    <name>bird</name>
    <bndbox>
      <xmin>1023</xmin>
      <ymin>985</ymin>
      <xmax>1508</xmax>
      <ymax>1212</ymax>
    </bndbox>
  </object>
  <object>
    <name>bird</name>
    <bndbox>
      <xmin>928</xmin>
      <ymin>1311</ymin>
      <xmax>1563</xmax>
      <ymax>1585</ymax>
    </bndbox>
  </object>
  <object>
    <name>bird</name>
    <bndbox>
      <xmin>650</xmin>
      <ymin>1170</ymin>
      <xmax>1144</xmax>
      <ymax>1430</ymax>
    </bndbox>
  </object>
  <object>
    <name>bird</name>
    <bndbox>
      <xmin>1900</xmin>
      <ymin>1230</ymin>
      <xmax>2233</xmax>
      <ymax>1449</ymax>
    </bndbox>
  </object>
</annotation>
