<?xml version='1.0' encoding='UTF-8'?>
<annotation>
  <folder>images</folder>
  <filename>frame_95.jpg</filename>
  <object>
    <name>bird</name>
    <bndbox>
      <xmin>2900</xmin>
      <ymin>837</ymin>
      <xmax>3291</xmax>
      <ymax>1182</ymax>
    </bndbox>
  </object>
  <object>
    <name>bird</name>
    <bndbox>
      <xmin>1734</xmin>
      <ymin>424</ymin>
      <xmax>2251</xmax>
      <ymax>906</ymax>
    </bndbox>
  </object>
  <object>
    <name>bird</name>
    <bndbox>
      <xmin>1695</xmin>
      <ymin>399</ymin>
      <xmax>1905</xmax>
      <ymax>708</ymax>
    </bndbox>
  </object>
  <object>
    <name>bird</name>
    <bndbox>
      <xmin>2518</xmin>
      <ymin>444</ymin>
      <xmax>3000</xmax>
      <ymax>716</ymax>
    </bndbox>
  </object>
  <object>
    <name>bird</name>
    <bndbox>
      <xmin>2574</xmin>
      <ymin>660</ymin>
      <xmax>3256</xmax>
      <ymax>924</ymax>
    </bndbox>
  </object>
  <object>
    <name>bird</name>
    <bndbox>
      <xmin>956</xmin>
      <ymin>567</ymin>
      <xmax>1404</xmax>
      <ymax>809</ymax>
    </bndbox>
  </object>
</annotation>
