<?xml version='1.0' encoding='UTF-8'?>
<annotation>
  <folder>images</folder>
  <filename>frame_368.jpg</filename>
  <object>
    <name>bird</name>
    <bndbox>
      <xmin>1778</xmin>
      <ymin>1518</ymin>
      <xmax>2177</xmax>
      <ymax>1856</ymax>
    </bndbox>
  </object>
  <object>
    <name>bird</name>
    <bndbox>
      <xmin>566</xmin>
      <ymin>860</ymin>
      <xmax>782</xmax>
      <ymax>1075</ymax>
    </bndbox>
  </object>
  <object>
    <name>bird</name>
    <bndbox>
      <xmin>660</xmin>
      <ymin>1745</ymin>
      <xmax>1090</xmax>
      <ymax>2157</ymax>
    </bndbox>
  </object>
  <object>
    <name>bird</name>
    <bndbox>
      <xmin>2945</xmin>
      <ymin>1630</ymin>
      <xmax>3192</xmax>
      <ymax>1938</ymax>
    </bndbox>
  </object>
  <object>
    <name>bird</name>
    <bndbox>
      <xmin>876</xmin>
      <ymin>1128</ymin>
      <xmax>1403</xmax>
      <ymax>1374</ymax>
    </bndbox>
  </object>
  <object>
    <name>bird</name>
    <bndbox>
      <xmin>953</xmin>
      <ymin>1640</ymin>
      <xmax>1445</xmax>
      <ymax>2007</ymax>
    </bndbox>
  </object>
  <object>
    <name>bird</name>
    <bndbox>
      <xmin>974</xmin>
      <ymin>919</ymin>
      <xmax>1398</xmax>
      <ymax>1149</ymax>
    </bndbox>
  </object>
  <object>
    <name>bird</name>
    <bndbox>
      <xmin>1496</xmin>
      <ymin>633</ymin>
      <xmax>1875</xmax>
      <ymax>852</ymax>
    </bndbox>
  </object>
  <object>
    <name>bird</name>
    <bndbox>
      <xmin>2033</xmin>
      <ymin>886</ymin>
      <xmax>2453</xmax>
      <ymax>1250</ymax>
    </bndbox>
  </object>
  <object>
    <name>bird</name>
    <bndbox>
      <xmin>1595</xmin>
      <ymin>833</ymin>
      <xmax>1873</xmax>
      <ymax>1016</ymax>
    </bndbox>
  </object>
  <object>
    <name>bird</name>
    <bndbox>
      <xmin>1251</xmin>
      <ymin>1955</ymin>
      <xmax>1883</xmax>
      <ymax>2156</ymax>
    </bndbox>
  </object>
  <object>
    <name>bird</name>
    <bndbox>
      <xmin>1632</xmin>
      <ymin>988</ymin>
      <xmax>1910</xmax>
      <ymax>1225</ymax>
    </bndbox>
  </object>
  <object>
    <name>bird</name>
    <bndbox>
      <xmin>1815</xmin>
      <ymin>979</ymin>
      <xmax>2220</xmax>
      <ymax>1290</ymax>
    </bndbox>
  </object>
</annotation>
