<?xml version='1.0' encoding='UTF-8'?>
<annotation>
  <folder>images</folder>
  <filename>frame_46.jpg</filename>
  <object>
    <name>bird</name>
    <bndbox>
      <xmin>268</xmin>
      <ymin>546</ymin>
      <xmax>758</xmax>
      <ymax>941</ymax>
    </bndbox>
  </object>
  <object>
    <name>bird</name>
    <bndbox>
      <xmin>1544</xmin>
      <ymin>574</ymin>
      <xmax>2072</xmax>
      <ymax>1069</ymax>
    </bndbox>
  </object>
  <object>
    <name>bird</name>
    <bndbox>
      <xmin>1713</xmin>
      <ymin>1263</ymin>
      <xmax>2253</xmax>
      <ymax>1581</ymax>
    </bndbox>
  </object>
  <object>
    <name>bird</name>
    <bndbox>
      <xmin>2033</xmin>
      <ymin>667</ymin>
      <xmax>2606</xmax>
      <ymax>942</ymax>
    </bndbox>
  </object>
  <object>
    <name>bird</name>
    <bndbox>
      <xmin>2027</xmin>
      <ymin>127</ymin>
      <xmax>2592</xmax>
      <ymax>511</ymax>
    </bndbox>
  </object>
  <object>
    <name>bird</name>
    <bndbox>
      <xmin>2132</xmin>
      <ymin>1156</ymin>
      <xmax>2628</xmax>
      <ymax>1439</ymax>
    </bndbox>
  </object>
  <object>
    <name>bird</name>
    <bndbox>
      <xmin>1132</xmin>
      <ymin>0</ymin>
      <xmax>1515</xmax>
      <ymax>120</ymax>
    </bndbox>
  </object>
  <object>
    <name>bird</name>
    <bndbox>
      <xmin>1007</xmin>
      <ymin>664</ymin>
      <xmax>1251</xmax>
      <ymax>1108</ymax>
    </bndbox>
  </object>
  <object>
    <name>bird</name>
    <bndbox>
      <xmin>913</xmin>
      <ymin>1065</ymin>
      <xmax>1495</xmax>
      <ymax>1350</ymax>
    </bndbox>
  </object>
  <object>
    <name>bird</name>
    <bndbox>
      <xmin>1865</xmin>
      <ymin>890</ymin>
      <xmax>2364</xmax>
      <ymax>1151</ymax>
    </bndbox>
  </object>
  <object>
    <name>bird</name>
    <bndbox>
      <xmin>368</xmin>
      <ymin>919</ymin>
      <xmax>1077</xmax>
      <ymax>1207</ymax>
    </bndbox>
  </object>
  <object>
    <name>bird</name>
    <bndbox>
      <xmin>1658</xmin>
      <ymin>1012</ymin>
      <xmax>1974</xmax>
      <ymax>1286</ymax>
    </bndbox>
  </object>
</annotation>
