<?xml version='1.0' encoding='UTF-8'?>
<annotation>
  <folder>images</folder>
  <filename>frame_347.jpg</filename>
  <object>
    <name>bird</name>
    <bndbox>
      <xmin>1427</xmin>
      <ymin>1728</ymin>
      <xmax>2057</xmax>
      <ymax>1997</ymax>
    </bndbox>
  </object>
  <object>
    <name>bird</name>
    <bndbox>
      <xmin>269</xmin>
      <ymin>1179</ymin>
      <xmax>822</xmax>
      <ymax>1479</ymax>
    </bndbox>
  </object>
  <object>
    <name>bird</name>
    <bndbox>
      <xmin>518</xmin>
      <ymin>1707</ymin>
      <xmax>955</xmax>
      <ymax>2157</ymax>
    </bndbox>
  </object>
  <object>
    <name>bird</name>
    <bndbox>
      <xmin>2824</xmin>
      <ymin>1181</ymin>
      <xmax>3081</xmax>
      <ymax>1465</ymax>
    </bndbox>
  </object>
  <object>
    <name>bird</name>
    <bndbox>
      <xmin>1107</xmin>
      <ymin>1199</ymin>
      <xmax>1382</xmax>
      <ymax>1417</ymax>
    </bndbox>
  </object>
  <object>
    <name>bird</name>
    <bndbox>
      <xmin>1448</xmin>
      <ymin>1093</ymin>
      <xmax>1753</xmax>
      <ymax>1299</ymax>
    </bndbox>
  </object>
  <object>
    <name>bird</name>
    <bndbox>
      <xmin>886</xmin>
      <ymin>990</ymin>
      <xmax>1255</xmax>
      <ymax>1167</ymax>
    </bndbox>
  </object>
  <object>
    <name>bird</name>
    <bndbox>
      <xmin>415</xmin>
      <ymin>1566</ymin>
      <xmax>705</xmax>
      <ymax>1883</ymax>
    </bndbox>
  </object>
  <object>
    <name>bird</name>
    <bndbox>
      <xmin>1740</xmin>
      <ymin>1111</ymin>
      <xmax>1967</xmax>
      <ymax>1353</ymax>
    </bndbox>
  </object>
  <object>
    <name>bird</name>
    <bndbox>
      <xmin>2005</xmin>
      <ymin>1056</ymin>
      <xmax>2300</xmax>
      <ymax>1263</ymax>
    </bndbox>
  </object>
  <object>
    <name>bird</name>
    <bndbox>
      <xmin>1858</xmin>
      <ymin>853</ymin>
      <xmax>2189</xmax>
      <ymax>1019</ymax>
    </bndbox>
  </object>
  <object>
    <name>bird</name>
    <bndbox>
      <xmin>1157</xmin>
      <ymin>694</ymin>
      <xmax>1547</xmax>
      <ymax>920</ymax>
    </bndbox>
  </object>
</annotation>
