<?xml version='1.0' encoding='UTF-8'?>
<annotation>
  <folder>images</folder>
  <filename>frame_50.jpg</filename>
  <object>
    <name>bird</name>
    <bndbox>
      <xmin>358</xmin>
      <ymin>584</ymin>
      <xmax>883</xmax>
      <ymax>943</ymax>
    </bndbox>
  </object>
  <object>
    <name>bird</name>
    <bndbox>
      <xmin>1563</xmin>
      <ymin>588</ymin>
      <xmax>2052</xmax>
      <ymax>1069</ymax>
    </bndbox>
  </object>
  <object>
    <name>bird</name>
    <bndbox>
      <xmin>1835</xmin>
      <ymin>1276</ymin>
      <xmax>2378</xmax>
      <ymax>1598</ymax>
    </bndbox>
  </object>
  <object>
    <name>bird</name>
    <bndbox>
      <xmin>2063</xmin>
      <ymin>703</ymin>
      <xmax>2573</xmax>
      <ymax>944</ymax>
    </bndbox>
  </object>
  <object>
    <name>bird</name>
    <bndbox>
      <xmin>2033</xmin>
      <ymin>110</ymin>
      <xmax>2567</xmax>
      <ymax>506</ymax>
    </bndbox>
  </object>
  <object>
    <name>bird</name>
    <bndbox>
      <xmin>2202</xmin>
      <ymin>1158</ymin>
      <xmax>2762</xmax>
      <ymax>1449</ymax>
    </bndbox>
  </object>
  <object>
    <name>bird</name>
    <bndbox>
      <xmin>930</xmin>
      <ymin>636</ymin>
      <xmax>1222</xmax>
      <ymax>1156</ymax>
    </bndbox>
  </object>
  <object>
    <name>bird</name>
    <bndbox>
      <xmin>950</xmin>
      <ymin>1105</ymin>
      <xmax>1514</xmax>
      <ymax>1385</ymax>
    </bndbox>
  </object>
  <object>
    <name>bird</name>
    <bndbox>
      <xmin>1730</xmin>
      <ymin>978</ymin>
      <xmax>2084</xmax>
      <ymax>1286</ymax>
    </bndbox>
  </object>
  <object>
    <name>bird</name>
    <bndbox>
      <xmin>1509</xmin>
      <ymin>1036</ymin>
      <xmax>1831</xmax>
      <ymax>1376</ymax>
    </bndbox>
  </object>
  <object>
    <name>bird</name>
    <bndbox>
      <xmin>278</xmin>
      <ymin>968</ymin>
      <xmax>877</xmax>
      <ymax>1343</ymax>
    </bndbox>
  </object>
  <object>
    <name>bird</name>
    <bndbox>
      <xmin>1211</xmin>
      <ymin>700</ymin>
      <xmax>1612</xmax>
      <ymax>1163</ymax>
    </bndbox>
  </object>
  <object>
    <name>bird</name>
    <bndbox>
      <xmin>1921</xmin>
      <ymin>900</ymin>
      <xmax>2445</xmax>
      <ymax>1175</ymax>
    </bndbox>
  </object>
</annotation>
