<?xml version='1.0' encoding='UTF-8'?>
<annotation>
  <folder>images</folder>
  <filename>frame_118.jpg</filename>
  <object>
    <name>bird</name>
    <bndbox>
      <xmin>1760</xmin>
      <ymin>1327</ymin>
      <xmax>2222</xmax>
      <ymax>1577</ymax>
    </bndbox>
  </object>
  <object>
    <name>bird</name>
    <bndbox>
      <xmin>893</xmin>
      <ymin>1076</ymin>
      <xmax>1689</xmax>
      <ymax>1483</ymax>
    </bndbox>
  </object>
  <object>
    <name>bird</name>
    <bndbox>
      <xmin>1358</xmin>
      <ymin>777</ymin>
      <xmax>1618</xmax>
      <ymax>1213</ymax>
    </bndbox>
  </object>
  <object>
    <name>bird</name>
    <bndbox>
      <xmin>2363</xmin>
      <ymin>1027</ymin>
      <xmax>2914</xmax>
      <ymax>1308</ymax>
    </bndbox>
  </object>
  <object>
    <name>bird</name>
    <bndbox>
      <xmin>1579</xmin>
      <ymin>962</ymin>
      <xmax>2336</xmax>
      <ymax>1244</ymax>
    </bndbox>
  </object>
  <object>
    <name>bird</name>
    <bndbox>
      <xmin>1697</xmin>
      <ymin>1143</ymin>
      <xmax>2174</xmax>
      <ymax>1371</ymax>
    </bndbox>
  </object>
  <object>
    <name>bird</name>
    <bndbox>
      <xmin>1701</xmin>
      <ymin>583</ymin>
      <xmax>1908</xmax>
      <ymax>920</ymax>
    </bndbox>
  </object>
  <object>
    <name>bird</name>
    <bndbox>
      <xmin>1608</xmin>
      <ymin>733</ymin>
      <xmax>1837</xmax>
      <ymax>1136</ymax>
    </bndbox>
  </object>
  <object>
    <name>bird</name>
    <bndbox>
      <xmin>1871</xmin>
      <ymin>689</ymin>
      <xmax>2144</xmax>
      <ymax>942</ymax>
    </bndbox>
  </object>
  <object>
    <name>bird</name>
    <bndbox>
      <xmin>940</xmin>
      <ymin>745</ymin>
      <xmax>1422</xmax>
      <ymax>1074</ymax>
    </bndbox>
  </object>
</annotation>
