<?xml version='1.0' encoding='UTF-8'?>
<annotation>
  <folder>images</folder>
  <filename>frame_136.jpg</filename>
  <object>
    <name>bird</name>
    <bndbox>
      <xmin>1869</xmin>
      <ymin>1408</ymin>
      <xmax>2272</xmax>
      <ymax>1661</ymax>
    </bndbox>
  </object>
  <object>
    <name>bird</name>
    <bndbox>
      <xmin>1052</xmin>
      <ymin>1214</ymin>
      <xmax>1726</xmax>
      <ymax>1529</ymax>
    </bndbox>
  </object>
  <object>
    <name>bird</name>
    <bndbox>
      <xmin>1354</xmin>
      <ymin>885</ymin>
      <xmax>1611</xmax>
      <ymax>1300</ymax>
    </bndbox>
  </object>
  <object>
    <name>bird</name>
    <bndbox>
      <xmin>1640</xmin>
      <ymin>1076</ymin>
      <xmax>2326</xmax>
      <ymax>1403</ymax>
    </bndbox>
  </object>
  <object>
    <name>bird</name>
    <bndbox>
      <xmin>1704</xmin>
      <ymin>700</ymin>
      <xmax>1924</xmax>
      <ymax>1041</ymax>
    </bndbox>
  </object>
  <object>
    <name>bird</name>
    <bndbox>
      <xmin>968</xmin>
      <ymin>779</ymin>
      <xmax>1295</xmax>
      <ymax>992</ymax>
    </bndbox>
  </object>
  <object>
    <name>bird</name>
    <bndbox>
      <xmin>145</xmin>
      <ymin>1316</ymin>
      <xmax>427</xmax>
      <ymax>1625</ymax>
    </bndbox>
  </object>
  <object>
    <name>bird</name>
    <bndbox>
      <xmin>1920</xmin>
      <ymin>746</ymin>
      <xmax>2182</xmax>
      <ymax>1030</ymax>
    </bndbox>
  </object>
  <object>
    <name>bird</name>
    <bndbox>
      <xmin>1620</xmin>
      <ymin>826</ymin>
      <xmax>1869</xmax>
      <ymax>1232</ymax>
    </bndbox>
  </object>
  <object>
    <name>bird</name>
    <bndbox>
      <xmin>2015</xmin>
      <ymin>923</ymin>
      <xmax>2429</xmax>
      <ymax>1085</ymax>
    </bndbox>
  </object>
  <object>
    <name>bird</name>
    <bndbox>
      <xmin>2009</xmin>
      <ymin>1208</ymin>
      <xmax>2358</xmax>
      <ymax>1427</ymax>
    </bndbox>
  </object>
  <object>
    <name>bird</name>
    <bndbox>
      <xmin>1041</xmin>
      <ymin>930</ymin>
      <xmax>1496</xmax>
      <ymax>1154</ymax>
    </bndbox>
  </object>
  <object>
    <name>bird</name>
    <bndbox>
      <xmin>2181</xmin>
      <ymin>1080</ymin>
      <xmax>2806</xmax>
      <ymax>1521</ymax>
    </bndbox>
  </object>
</annotation>
