<?xml version='1.0' encoding='UTF-8'?>
<annotation>
  <folder>images</folder>
  <filename>frame_270.jpg</filename>
  <object>
    <name>bird</name>
    <bndbox>
      <xmin>2231</xmin>
      <ymin>1343</ymin>
      <xmax>2943</xmax>
      <ymax>1735</ymax>
    </bndbox>
  </object>
  <object>
    <name>bird</name>
    <bndbox>
      <xmin>2508</xmin>
      <ymin>1137</ymin>
      <xmax>2917</xmax>
      <ymax>1370</ymax>
    </bndbox>
  </object>
  <object>
    <name>bird</name>
    <bndbox>
      <xmin>703</xmin>
      <ymin>1079</ymin>
      <xmax>1233</xmax>
      <ymax>1332</ymax>
    </bndbox>
  </object>
  <object>
    <name>bird</name>
    <bndbox>
      <xmin>1970</xmin>
      <ymin>1037</ymin>
      <xmax>2234</xmax>
      <ymax>1322</ymax>
    </bndbox>
  </object>
  <object>
    <name>bird</name>
    <bndbox>
      <xmin>1997</xmin>
      <ymin>791</ymin>
      <xmax>2430</xmax>
      <ymax>1016</ymax>
    </bndbox>
  </object>
  <object>
    <name>bird</name>
    <bndbox>
      <xmin>2606</xmin>
      <ymin>728</ymin>
      <xmax>2849</xmax>
      <ymax>1022</ymax>
    </bndbox>
  </object>
  <object>
    <name>bird</name>
    <bndbox>
      <xmin>1020</xmin>
      <ymin>945</ymin>
      <xmax>1499</xmax>
      <ymax>1151</ymax>
    </bndbox>
  </object>
</annotation>
