<?xml version='1.0' encoding='UTF-8'?>
<annotation>
  <folder>images</folder>
  <filename>frame_244.jpg</filename>
  <object>
    <name>bird</name>
    <bndbox>
      <xmin>2563</xmin>
      <ymin>1030</ymin>
      <xmax>3145</xmax>
      <ymax>1360</ymax>
    </bndbox>
  </object>
  <object>
    <name>bird</name>
    <bndbox>
      <xmin>2124</xmin>
      <ymin>1465</ymin>
      <xmax>2609</xmax>
      <ymax>1798</ymax>
    </bndbox>
  </object>
  <object>
    <name>bird</name>
    <bndbox>
      <xmin>2264</xmin>
      <ymin>1136</ymin>
      <xmax>2548</xmax>
      <ymax>1415</ymax>
    </bndbox>
  </object>
  <object>
    <name>bird</name>
    <bndbox>
      <xmin>1748</xmin>
      <ymin>1164</ymin>
      <xmax>2114</xmax>
      <ymax>1373</ymax>
    </bndbox>
  </object>
  <object>
    <name>bird</name>
    <bndbox>
      <xmin>1285</xmin>
      <ymin>877</ymin>
      <xmax>1704</xmax>
      <ymax>1131</ymax>
    </bndbox>
  </object>
  <object>
    <name>bird</name>
    <bndbox>
      <xmin>818</xmin>
      <ymin>1060</ymin>
      <xmax>1403</xmax>
      <ymax>1354</ymax>
    </bndbox>
  </object>
  <object>
    <name>bird</name>
    <bndbox>
      <xmin>1922</xmin>
      <ymin>783</ymin>
      <xmax>2101</xmax>
      <ymax>1020</ymax>
    </bndbox>
  </object>
  <object>
    <name>bird</name>
    <bndbox>
      <xmin>1289</xmin>
      <ymin>1109</ymin>
      <xmax>1770</xmax>
      <ymax>1326</ymax>
    </bndbox>
  </object>
</annotation>
