<?xml version='1.0' encoding='UTF-8'?>
<annotation>
  <folder>images</folder>
  <filename>frame_154.jpg</filename>
  <object>
    <name>bird</name>
    <bndbox>
      <xmin>1092</xmin>
      <ymin>1277</ymin>
      <xmax>1755</xmax>
      <ymax>1571</ymax>
    </bndbox>
  </object>
  <object>
    <name>bird</name>
    <bndbox>
      <xmin>1413</xmin>
      <ymin>986</ymin>
      <xmax>1671</xmax>
      <ymax>1386</ymax>
    </bndbox>
  </object>
  <object>
    <name>bird</name>
    <bndbox>
      <xmin>80</xmin>
      <ymin>1358</ymin>
      <xmax>630</xmax>
      <ymax>1656</ymax>
    </bndbox>
  </object>
  <object>
    <name>bird</name>
    <bndbox>
      <xmin>1670</xmin>
      <ymin>922</ymin>
      <xmax>1870</xmax>
      <ymax>1199</ymax>
    </bndbox>
  </object>
  <object>
    <name>bird</name>
    <bndbox>
      <xmin>804</xmin>
      <ymin>1161</ymin>
      <xmax>1215</xmax>
      <ymax>1398</ymax>
    </bndbox>
  </object>
  <object>
    <name>bird</name>
    <bndbox>
      <xmin>1750</xmin>
      <ymin>764</ymin>
      <xmax>1964</xmax>
      <ymax>1113</ymax>
    </bndbox>
  </object>
  <object>
    <name>bird</name>
    <bndbox>
      <xmin>1662</xmin>
      <ymin>1145</ymin>
      <xmax>2099</xmax>
      <ymax>1398</ymax>
    </bndbox>
  </object>
  <object>
    <name>bird</name>
    <bndbox>
      <xmin>2101</xmin>
      <ymin>1230</ymin>
      <xmax>2410</xmax>
      <ymax>1455</ymax>
    </bndbox>
  </object>
  <object>
    <name>bird</name>
    <bndbox>
      <xmin>1981</xmin>
      <ymin>775</ymin>
      <xmax>2248</xmax>
      <ymax>1093</ymax>
    </bndbox>
  </object>
  <object>
    <name>bird</name>
    <bndbox>
      <xmin>2453</xmin>
      <ymin>1087</ymin>
      <xmax>2663</xmax>
      <ymax>1379</ymax>
    </bndbox>
  </object>
</annotation>
