<?xml version='1.0' encoding='UTF-8'?>
<annotation>
  <folder>images</folder>
  <filename>frame_325.jpg</filename>
  <object>
    <name>bird</name>
    <bndbox>
      <xmin>1595</xmin>
      <ymin>1679</ymin>
      <xmax>2138</xmax>
      <ymax>1963</ymax>
    </bndbox>
  </object>
  <object>
    <name>bird</name>
    <bndbox>
      <xmin>709</xmin>
      <ymin>1214</ymin>
      <xmax>1171</xmax>
      <ymax>1483</ymax>
    </bndbox>
  </object>
  <object>
    <name>bird</name>
    <bndbox>
      <xmin>610</xmin>
      <ymin>1753</ymin>
      <xmax>1090</xmax>
      <ymax>2109</ymax>
    </bndbox>
  </object>
  <object>
    <name>bird</name>
    <bndbox>
      <xmin>2581</xmin>
      <ymin>1145</ymin>
      <xmax>2835</xmax>
      <ymax>1451</ymax>
    </bndbox>
  </object>
  <object>
    <name>bird</name>
    <bndbox>
      <xmin>1763</xmin>
      <ymin>1063</ymin>
      <xmax>1987</xmax>
      <ymax>1303</ymax>
    </bndbox>
  </object>
  <object>
    <name>bird</name>
    <bndbox>
      <xmin>2654</xmin>
      <ymin>862</ymin>
      <xmax>3070</xmax>
      <ymax>1091</ymax>
    </bndbox>
  </object>
  <object>
    <name>bird</name>
    <bndbox>
      <xmin>875</xmin>
      <ymin>935</ymin>
      <xmax>1268</xmax>
      <ymax>1132</ymax>
    </bndbox>
  </object>
  <object>
    <name>bird</name>
    <bndbox>
      <xmin>1095</xmin>
      <ymin>1157</ymin>
      <xmax>1515</xmax>
      <ymax>1377</ymax>
    </bndbox>
  </object>
  <object>
    <name>bird</name>
    <bndbox>
      <xmin>1424</xmin>
      <ymin>1046</ymin>
      <xmax>1764</xmax>
      <ymax>1254</ymax>
    </bndbox>
  </object>
  <object>
    <name>bird</name>
    <bndbox>
      <xmin>482</xmin>
      <ymin>852</ymin>
      <xmax>675</xmax>
      <ymax>1096</ymax>
    </bndbox>
  </object>
  <object>
    <name>bird</name>
    <bndbox>
      <xmin>1850</xmin>
      <ymin>753</ymin>
      <xmax>2286</xmax>
      <ymax>985</ymax>
    </bndbox>
  </object>
</annotation>
