<?xml version='1.0' encoding='UTF-8'?>
<annotation>
  <folder>images</folder>
  <filename>frame_348.jpg</filename>
  <object>
    <name>bird</name>
    <bndbox>
      <xmin>1424</xmin>
      <ymin>1723</ymin>
      <xmax>2055</xmax>
      <ymax>1993</ymax>
    </bndbox>
  </object>
  <object>
    <name>bird</name>
    <bndbox>
      <xmin>219</xmin>
      <ymin>1146</ymin>
      <xmax>780</xmax>
      <ymax>1469</ymax>
    </bndbox>
  </object>
  <object>
    <name>bird</name>
    <bndbox>
      <xmin>546</xmin>
      <ymin>1757</ymin>
      <xmax>940</xmax>
      <ymax>2157</ymax>
    </bndbox>
  </object>
  <object>
    <name>bird</name>
    <bndbox>
      <xmin>2857</xmin>
      <ymin>1202</ymin>
      <xmax>3077</xmax>
      <ymax>1442</ymax>
    </bndbox>
  </object>
  <object>
    <name>bird</name>
    <bndbox>
      <xmin>1099</xmin>
      <ymin>1165</ymin>
      <xmax>1411</xmax>
      <ymax>1418</ymax>
    </bndbox>
  </object>
  <object>
    <name>bird</name>
    <bndbox>
      <xmin>1445</xmin>
      <ymin>1091</ymin>
      <xmax>1763</xmax>
      <ymax>1306</ymax>
    </bndbox>
  </object>
  <object>
    <name>bird</name>
    <bndbox>
      <xmin>511</xmin>
      <ymin>1576</ymin>
      <xmax>825</xmax>
      <ymax>1890</ymax>
    </bndbox>
  </object>
  <object>
    <name>bird</name>
    <bndbox>
      <xmin>1749</xmin>
      <ymin>1104</ymin>
      <xmax>1961</xmax>
      <ymax>1332</ymax>
    </bndbox>
  </object>
  <object>
    <name>bird</name>
    <bndbox>
      <xmin>2010</xmin>
      <ymin>1058</ymin>
      <xmax>2294</xmax>
      <ymax>1258</ymax>
    </bndbox>
  </object>
  <object>
    <name>bird</name>
    <bndbox>
      <xmin>1839</xmin>
      <ymin>841</ymin>
      <xmax>2196</xmax>
      <ymax>1018</ymax>
    </bndbox>
  </object>
  <object>
    <name>bird</name>
    <bndbox>
      <xmin>1351</xmin>
      <ymin>2018</ymin>
      <xmax>1757</xmax>
      <ymax>2158</ymax>
    </bndbox>
  </object>
  <object>
    <name>bird</name>
    <bndbox>
      <xmin>1161</xmin>
      <ymin>810</ymin>
      <xmax>1552</xmax>
      <ymax>1025</ymax>
    </bndbox>
  </object>
</annotation>
