<?xml version='1.0' encoding='UTF-8'?>
<annotation>
  <folder>images</folder>
  <filename>frame_351.jpg</filename>
  <object>
    <name>bird</name>
    <bndbox>
      <xmin>1471</xmin>
      <ymin>1682</ymin>
      <xmax>2178</xmax>
      <ymax>2008</ymax>
    </bndbox>
  </object>
  <object>
    <name>bird</name>
    <bndbox>
      <xmin>228</xmin>
      <ymin>1066</ymin>
      <xmax>698</xmax>
      <ymax>1388</ymax>
    </bndbox>
  </object>
  <object>
    <name>bird</name>
    <bndbox>
      <xmin>578</xmin>
      <ymin>1815</ymin>
      <xmax>946</xmax>
      <ymax>2159</ymax>
    </bndbox>
  </object>
  <object>
    <name>bird</name>
    <bndbox>
      <xmin>2872</xmin>
      <ymin>1247</ymin>
      <xmax>3142</xmax>
      <ymax>1544</ymax>
    </bndbox>
  </object>
  <object>
    <name>bird</name>
    <bndbox>
      <xmin>1093</xmin>
      <ymin>1166</ymin>
      <xmax>1437</xmax>
      <ymax>1422</ymax>
    </bndbox>
  </object>
  <object>
    <name>bird</name>
    <bndbox>
      <xmin>1442</xmin>
      <ymin>1095</ymin>
      <xmax>1756</xmax>
      <ymax>1305</ymax>
    </bndbox>
  </object>
  <object>
    <name>bird</name>
    <bndbox>
      <xmin>566</xmin>
      <ymin>1603</ymin>
      <xmax>928</xmax>
      <ymax>1906</ymax>
    </bndbox>
  </object>
  <object>
    <name>bird</name>
    <bndbox>
      <xmin>1754</xmin>
      <ymin>1122</ymin>
      <xmax>1943</xmax>
      <ymax>1329</ymax>
    </bndbox>
  </object>
  <object>
    <name>bird</name>
    <bndbox>
      <xmin>885</xmin>
      <ymin>981</ymin>
      <xmax>1306</xmax>
      <ymax>1179</ymax>
    </bndbox>
  </object>
  <object>
    <name>bird</name>
    <bndbox>
      <xmin>1900</xmin>
      <ymin>867</ymin>
      <xmax>2231</xmax>
      <ymax>1024</ymax>
    </bndbox>
  </object>
  <object>
    <name>bird</name>
    <bndbox>
      <xmin>1329</xmin>
      <ymin>2020</ymin>
      <xmax>1781</xmax>
      <ymax>2158</ymax>
    </bndbox>
  </object>
</annotation>
