<?xml version='1.0' encoding='UTF-8'?>
<annotation>
  <folder>images</folder>
  <filename>frame_57.jpg</filename>
  <object>
    <name>bird</name>
    <bndbox>
      <xmin>654</xmin>
      <ymin>612</ymin>
      <xmax>1241</xmax>
      <ymax>964</ymax>
    </bndbox>
  </object>
  <object>
    <name>bird</name>
    <bndbox>
      <xmin>2163</xmin>
      <ymin>1215</ymin>
      <xmax>2773</xmax>
      <ymax>1550</ymax>
    </bndbox>
  </object>
  <object>
    <name>bird</name>
    <bndbox>
      <xmin>2214</xmin>
      <ymin>687</ymin>
      <xmax>2836</xmax>
      <ymax>946</ymax>
    </bndbox>
  </object>
  <object>
    <name>bird</name>
    <bndbox>
      <xmin>2130</xmin>
      <ymin>82</ymin>
      <xmax>2519</xmax>
      <ymax>391</ymax>
    </bndbox>
  </object>
  <object>
    <name>bird</name>
    <bndbox>
      <xmin>2574</xmin>
      <ymin>1114</ymin>
      <xmax>3195</xmax>
      <ymax>1414</ymax>
    </bndbox>
  </object>
  <object>
    <name>bird</name>
    <bndbox>
      <xmin>1183</xmin>
      <ymin>635</ymin>
      <xmax>1473</xmax>
      <ymax>1189</ymax>
    </bndbox>
  </object>
  <object>
    <name>bird</name>
    <bndbox>
      <xmin>1245</xmin>
      <ymin>1103</ymin>
      <xmax>1817</xmax>
      <ymax>1438</ymax>
    </bndbox>
  </object>
  <object>
    <name>bird</name>
    <bndbox>
      <xmin>390</xmin>
      <ymin>1002</ymin>
      <xmax>1110</xmax>
      <ymax>1457</ymax>
    </bndbox>
  </object>
  <object>
    <name>bird</name>
    <bndbox>
      <xmin>1469</xmin>
      <ymin>672</ymin>
      <xmax>1837</xmax>
      <ymax>1131</ymax>
    </bndbox>
  </object>
  <object>
    <name>bird</name>
    <bndbox>
      <xmin>661</xmin>
      <ymin>0</ymin>
      <xmax>1173</xmax>
      <ymax>168</ymax>
    </bndbox>
  </object>
  <object>
    <name>bird</name>
    <bndbox>
      <xmin>1780</xmin>
      <ymin>542</ymin>
      <xmax>2294</xmax>
      <ymax>1094</ymax>
    </bndbox>
  </object>
  <object>
    <name>bird</name>
    <bndbox>
      <xmin>1931</xmin>
      <ymin>1082</ymin>
      <xmax>2198</xmax>
      <ymax>1354</ymax>
    </bndbox>
  </object>
  <object>
    <name>bird</name>
    <bndbox>
      <xmin>0</xmin>
      <ymin>3</ymin>
      <xmax>247</xmax>
      <ymax>242</ymax>
    </bndbox>
  </object>
</annotation>
