<?xml version='1.0' encoding='UTF-8'?>
<annotation>
  <folder>images</folder>
  <filename>frame_198.jpg</filename>
  <object>
    <name>bird</name>
    <bndbox>
      <xmin>1490</xmin>
      <ymin>1136</ymin>
      <xmax>2045</xmax>
      <ymax>1456</ymax>
    </bndbox>
  </object>
  <object>
    <name>bird</name>
    <bndbox>
      <xmin>2310</xmin>
      <ymin>998</ymin>
      <xmax>2737</xmax>
      <ymax>1202</ymax>
    </bndbox>
  </object>
  <object>
    <name>bird</name>
    <bndbox>
      <xmin>2111</xmin>
      <ymin>575</ymin>
      <xmax>2490</xmax>
      <ymax>911</ymax>
    </bndbox>
  </object>
  <object>
    <name>bird</name>
    <bndbox>
      <xmin>2518</xmin>
      <ymin>1581</ymin>
      <xmax>3374</xmax>
      <ymax>1948</ymax>
    </bndbox>
  </object>
  <object>
    <name>bird</name>
    <bndbox>
      <xmin>808</xmin>
      <ymin>951</ymin>
      <xmax>1364</xmax>
      <ymax>1181</ymax>
    </bndbox>
  </object>
  <object>
    <name>bird</name>
    <bndbox>
      <xmin>1115</xmin>
      <ymin>973</ymin>
      <xmax>1775</xmax>
      <ymax>1243</ymax>
    </bndbox>
  </object>
</annotation>
