<?xml version='1.0' encoding='UTF-8'?>
<annotation>
  <folder>images</folder>
  <filename>frame_260.jpg</filename>
  <object>
    <name>bird</name>
    <bndbox>
      <xmin>2494</xmin>
      <ymin>846</ymin>
      <xmax>2789</xmax>
      <ymax>1153</ymax>
    </bndbox>
  </object>
  <object>
    <name>bird</name>
    <bndbox>
      <xmin>2093</xmin>
      <ymin>1534</ymin>
      <xmax>2722</xmax>
      <ymax>1854</ymax>
    </bndbox>
  </object>
  <object>
    <name>bird</name>
    <bndbox>
      <xmin>2560</xmin>
      <ymin>1219</ymin>
      <xmax>2889</xmax>
      <ymax>1481</ymax>
    </bndbox>
  </object>
  <object>
    <name>bird</name>
    <bndbox>
      <xmin>699</xmin>
      <ymin>1145</ymin>
      <xmax>1214</xmax>
      <ymax>1364</ymax>
    </bndbox>
  </object>
  <object>
    <name>bird</name>
    <bndbox>
      <xmin>1937</xmin>
      <ymin>1147</ymin>
      <xmax>2221</xmax>
      <ymax>1397</ymax>
    </bndbox>
  </object>
  <object>
    <name>bird</name>
    <bndbox>
      <xmin>1734</xmin>
      <ymin>1164</ymin>
      <xmax>1992</xmax>
      <ymax>1372</ymax>
    </bndbox>
  </object>
  <object>
    <name>bird</name>
    <bndbox>
      <xmin>1819</xmin>
      <ymin>785</ymin>
      <xmax>2020</xmax>
      <ymax>1099</ymax>
    </bndbox>
  </object>
  <object>
    <name>bird</name>
    <bndbox>
      <xmin>1128</xmin>
      <ymin>1009</ymin>
      <xmax>1448</xmax>
      <ymax>1165</ymax>
    </bndbox>
  </object>
  <object>
    <name>bird</name>
    <bndbox>
      <xmin>1178</xmin>
      <ymin>1129</ymin>
      <xmax>1633</xmax>
      <ymax>1346</ymax>
    </bndbox>
  </object>
</annotation>
