<?xml version='1.0' encoding='UTF-8'?>
<annotation>
  <folder>images</folder>
  <filename>frame_100.jpg</filename>
  <object>
    <name>bird</name>
    <bndbox>
      <xmin>334</xmin>
      <ymin>787</ymin>
      <xmax>547</xmax>
      <ymax>1130</ymax>
    </bndbox>
  </object>
  <object>
    <name>bird</name>
    <bndbox>
      <xmin>1482</xmin>
      <ymin>678</ymin>
      <xmax>1778</xmax>
      <ymax>1054</ymax>
    </bndbox>
  </object>
  <object>
    <name>bird</name>
    <bndbox>
      <xmin>1490</xmin>
      <ymin>1320</ymin>
      <xmax>2041</xmax>
      <ymax>1607</ymax>
    </bndbox>
  </object>
  <object>
    <name>bird</name>
    <bndbox>
      <xmin>1292</xmin>
      <ymin>1085</ymin>
      <xmax>1958</xmax>
      <ymax>1394</ymax>
    </bndbox>
  </object>
  <object>
    <name>bird</name>
    <bndbox>
      <xmin>1947</xmin>
      <ymin>1205</ymin>
      <xmax>2380</xmax>
      <ymax>1498</ymax>
    </bndbox>
  </object>
  <object>
    <name>bird</name>
    <bndbox>
      <xmin>2700</xmin>
      <ymin>911</ymin>
      <xmax>3138</xmax>
      <ymax>1185</ymax>
    </bndbox>
  </object>
  <object>
    <name>bird</name>
    <bndbox>
      <xmin>790</xmin>
      <ymin>906</ymin>
      <xmax>1336</xmax>
      <ymax>1255</ymax>
    </bndbox>
  </object>
  <object>
    <name>bird</name>
    <bndbox>
      <xmin>1834</xmin>
      <ymin>662</ymin>
      <xmax>2072</xmax>
      <ymax>1215</ymax>
    </bndbox>
  </object>
  <object>
    <name>bird</name>
    <bndbox>
      <xmin>2472</xmin>
      <ymin>714</ymin>
      <xmax>2856</xmax>
      <ymax>1016</ymax>
    </bndbox>
  </object>
  <object>
    <name>bird</name>
    <bndbox>
      <xmin>2031</xmin>
      <ymin>568</ymin>
      <xmax>2801</xmax>
      <ymax>960</ymax>
    </bndbox>
  </object>
  <object>
    <name>bird</name>
    <bndbox>
      <xmin>2121</xmin>
      <ymin>862</ymin>
      <xmax>2649</xmax>
      <ymax>1134</ymax>
    </bndbox>
  </object>
</annotation>
