<?xml version='1.0' encoding='UTF-8'?>
<annotation>
  <folder>images</folder>
  <filename>frame_240.jpg</filename>
  <object>
    <name>bird</name>
    <bndbox>
      <xmin>2549</xmin>
      <ymin>1053</ymin>
      <xmax>3098</xmax>
      <ymax>1354</ymax>
    </bndbox>
  </object>
  <object>
    <name>bird</name>
    <bndbox>
      <xmin>1899</xmin>
      <ymin>1371</ymin>
      <xmax>2447</xmax>
      <ymax>1715</ymax>
    </bndbox>
  </object>
  <object>
    <name>bird</name>
    <bndbox>
      <xmin>2244</xmin>
      <ymin>1183</ymin>
      <xmax>2476</xmax>
      <ymax>1402</ymax>
    </bndbox>
  </object>
  <object>
    <name>bird</name>
    <bndbox>
      <xmin>1714</xmin>
      <ymin>1154</ymin>
      <xmax>2095</xmax>
      <ymax>1363</ymax>
    </bndbox>
  </object>
  <object>
    <name>bird</name>
    <bndbox>
      <xmin>1128</xmin>
      <ymin>830</ymin>
      <xmax>1676</xmax>
      <ymax>1154</ymax>
    </bndbox>
  </object>
  <object>
    <name>bird</name>
    <bndbox>
      <xmin>948</xmin>
      <ymin>1114</ymin>
      <xmax>1397</xmax>
      <ymax>1335</ymax>
    </bndbox>
  </object>
  <object>
    <name>bird</name>
    <bndbox>
      <xmin>1892</xmin>
      <ymin>779</ymin>
      <xmax>2097</xmax>
      <ymax>1048</ymax>
    </bndbox>
  </object>
</annotation>
