<?xml version='1.0' encoding='UTF-8'?>
<annotation>
  <folder>images</folder>
  <filename>frame_88.jpg</filename>
  <object>
    <name>bird</name>
    <bndbox>
      <xmin>2778</xmin>
      <ymin>1067</ymin>
      <xmax>3228</xmax>
      <ymax>1390</ymax>
    </bndbox>
  </object>
  <object>
    <name>bird</name>
    <bndbox>
      <xmin>458</xmin>
      <ymin>377</ymin>
      <xmax>895</xmax>
      <ymax>703</ymax>
    </bndbox>
  </object>
  <object>
    <name>bird</name>
    <bndbox>
      <xmin>2093</xmin>
      <ymin>1021</ymin>
      <xmax>2476</xmax>
      <ymax>1351</ymax>
    </bndbox>
  </object>
  <object>
    <name>bird</name>
    <bndbox>
      <xmin>1358</xmin>
      <ymin>1162</ymin>
      <xmax>1931</xmax>
      <ymax>1450</ymax>
    </bndbox>
  </object>
  <object>
    <name>bird</name>
    <bndbox>
      <xmin>1461</xmin>
      <ymin>700</ymin>
      <xmax>1895</xmax>
      <ymax>1048</ymax>
    </bndbox>
  </object>
  <object>
    <name>bird</name>
    <bndbox>
      <xmin>1995</xmin>
      <ymin>614</ymin>
      <xmax>2268</xmax>
      <ymax>1082</ymax>
    </bndbox>
  </object>
  <object>
    <name>bird</name>
    <bndbox>
      <xmin>2671</xmin>
      <ymin>611</ymin>
      <xmax>3207</xmax>
      <ymax>945</ymax>
    </bndbox>
  </object>
  <object>
    <name>bird</name>
    <bndbox>
      <xmin>2462</xmin>
      <ymin>428</ymin>
      <xmax>3121</xmax>
      <ymax>851</ymax>
    </bndbox>
  </object>
  <object>
    <name>bird</name>
    <bndbox>
      <xmin>2766</xmin>
      <ymin>848</ymin>
      <xmax>3451</xmax>
      <ymax>1087</ymax>
    </bndbox>
  </object>
  <object>
    <name>bird</name>
    <bndbox>
      <xmin>968</xmin>
      <ymin>756</ymin>
      <xmax>1429</xmax>
      <ymax>954</ymax>
    </bndbox>
  </object>
</annotation>
