<?xml version='1.0' encoding='UTF-8'?>
<annotation>
  <folder>images</folder>
  <filename>frame_8.jpg</filename>
  <object>
    <name>bird</name>
    <bndbox>
      <xmin>480</xmin>
      <ymin>291</ymin>
      <xmax>1059</xmax>
      <ymax>648</ymax>
    </bndbox>
  </object>
  <object>
    <name>bird</name>
    <bndbox>
      <xmin>2505</xmin>
      <ymin>319</ymin>
      <xmax>3044</xmax>
      <ymax>642</ymax>
    </bndbox>
  </object>
  <object>
    <name>bird</name>
    <bndbox>
      <xmin>491</xmin>
      <ymin>652</ymin>
      <xmax>1092</xmax>
      <ymax>1026</ymax>
    </bndbox>
  </object>
  <object>
    <name>bird</name>
    <bndbox>
      <xmin>1462</xmin>
      <ymin>6</ymin>
      <xmax>1838</xmax>
      <ymax>286</ymax>
    </bndbox>
  </object>
  <object>
    <name>bird</name>
    <bndbox>
      <xmin>1545</xmin>
      <ymin>572</ymin>
      <xmax>2025</xmax>
      <ymax>1017</ymax>
    </bndbox>
  </object>
  <object>
    <name>bird</name>
    <bndbox>
      <xmin>1267</xmin>
      <ymin>587</ymin>
      <xmax>1524</xmax>
      <ymax>1006</ymax>
    </bndbox>
  </object>
  <object>
    <name>bird</name>
    <bndbox>
      <xmin>1107</xmin>
      <ymin>457</ymin>
      <xmax>1369</xmax>
      <ymax>910</ymax>
    </bndbox>
  </object>
  <object>
    <name>bird</name>
    <bndbox>
      <xmin>1568</xmin>
      <ymin>1138</ymin>
      <xmax>1888</xmax>
      <ymax>1440</ymax>
    </bndbox>
  </object>
  <object>
    <name>bird</name>
    <bndbox>
      <xmin>1102</xmin>
      <ymin>0</ymin>
      <xmax>1253</xmax>
      <ymax>93</ymax>
    </bndbox>
  </object>
  <object>
    <name>bird</name>
    <bndbox>
      <xmin>2040</xmin>
      <ymin>1022</ymin>
      <xmax>2595</xmax>
      <ymax>1267</ymax>
    </bndbox>
  </object>
</annotation>
