<?xml version='1.0' encoding='UTF-8'?>
<annotation>
  <folder>images</folder>
  <filename>frame_143.jpg</filename>
  <object>
    <name>bird</name>
    <bndbox>
      <xmin>1976</xmin>
      <ymin>1419</ymin>
      <xmax>2344</xmax>
      <ymax>1670</ymax>
    </bndbox>
  </object>
  <object>
    <name>bird</name>
    <bndbox>
      <xmin>1131</xmin>
      <ymin>1263</ymin>
      <xmax>1796</xmax>
      <ymax>1561</ymax>
    </bndbox>
  </object>
  <object>
    <name>bird</name>
    <bndbox>
      <xmin>1422</xmin>
      <ymin>940</ymin>
      <xmax>1673</xmax>
      <ymax>1350</ymax>
    </bndbox>
  </object>
  <object>
    <name>bird</name>
    <bndbox>
      <xmin>1670</xmin>
      <ymin>1097</ymin>
      <xmax>2264</xmax>
      <ymax>1416</ymax>
    </bndbox>
  </object>
  <object>
    <name>bird</name>
    <bndbox>
      <xmin>976</xmin>
      <ymin>759</ymin>
      <xmax>1413</xmax>
      <ymax>1023</ymax>
    </bndbox>
  </object>
  <object>
    <name>bird</name>
    <bndbox>
      <xmin>90</xmin>
      <ymin>1361</ymin>
      <xmax>528</xmax>
      <ymax>1673</ymax>
    </bndbox>
  </object>
  <object>
    <name>bird</name>
    <bndbox>
      <xmin>1670</xmin>
      <ymin>867</ymin>
      <xmax>1909</xmax>
      <ymax>1251</ymax>
    </bndbox>
  </object>
  <object>
    <name>bird</name>
    <bndbox>
      <xmin>2080</xmin>
      <ymin>1235</ymin>
      <xmax>2375</xmax>
      <ymax>1453</ymax>
    </bndbox>
  </object>
  <object>
    <name>bird</name>
    <bndbox>
      <xmin>794</xmin>
      <ymin>1144</ymin>
      <xmax>1233</xmax>
      <ymax>1403</ymax>
    </bndbox>
  </object>
  <object>
    <name>bird</name>
    <bndbox>
      <xmin>1742</xmin>
      <ymin>729</ymin>
      <xmax>1967</xmax>
      <ymax>1086</ymax>
    </bndbox>
  </object>
  <object>
    <name>bird</name>
    <bndbox>
      <xmin>1969</xmin>
      <ymin>784</ymin>
      <xmax>2219</xmax>
      <ymax>1068</ymax>
    </bndbox>
  </object>
  <object>
    <name>bird</name>
    <bndbox>
      <xmin>2333</xmin>
      <ymin>1110</ymin>
      <xmax>2758</xmax>
      <ymax>1546</ymax>
    </bndbox>
  </object>
  <object>
    <name>bird</name>
    <bndbox>
      <xmin>2051</xmin>
      <ymin>941</ymin>
      <xmax>2415</xmax>
      <ymax>1078</ymax>
    </bndbox>
  </object>
</annotation>
