<?xml version='1.0' encoding='UTF-8'?>
<annotation>
  <folder>images</folder>
  <filename>frame_326.jpg</filename>
  <object>
    <name>bird</name>
    <bndbox>
      <xmin>1600</xmin>
      <ymin>1688</ymin>
      <xmax>2123</xmax>
      <ymax>1957</ymax>
    </bndbox>
  </object>
  <object>
    <name>bird</name>
    <bndbox>
      <xmin>650</xmin>
      <ymin>1197</ymin>
      <xmax>1140</xmax>
      <ymax>1487</ymax>
    </bndbox>
  </object>
  <object>
    <name>bird</name>
    <bndbox>
      <xmin>583</xmin>
      <ymin>1738</ymin>
      <xmax>1106</xmax>
      <ymax>2122</ymax>
    </bndbox>
  </object>
  <object>
    <name>bird</name>
    <bndbox>
      <xmin>2568</xmin>
      <ymin>1176</ymin>
      <xmax>2824</xmax>
      <ymax>1492</ymax>
    </bndbox>
  </object>
  <object>
    <name>bird</name>
    <bndbox>
      <xmin>1773</xmin>
      <ymin>1068</ymin>
      <xmax>1990</xmax>
      <ymax>1297</ymax>
    </bndbox>
  </object>
  <object>
    <name>bird</name>
    <bndbox>
      <xmin>2701</xmin>
      <ymin>880</ymin>
      <xmax>3126</xmax>
      <ymax>1127</ymax>
    </bndbox>
  </object>
  <object>
    <name>bird</name>
    <bndbox>
      <xmin>878</xmin>
      <ymin>936</ymin>
      <xmax>1274</xmax>
      <ymax>1134</ymax>
    </bndbox>
  </object>
  <object>
    <name>bird</name>
    <bndbox>
      <xmin>1098</xmin>
      <ymin>1159</ymin>
      <xmax>1518</xmax>
      <ymax>1380</ymax>
    </bndbox>
  </object>
  <object>
    <name>bird</name>
    <bndbox>
      <xmin>1436</xmin>
      <ymin>1049</ymin>
      <xmax>1775</xmax>
      <ymax>1258</ymax>
    </bndbox>
  </object>
  <object>
    <name>bird</name>
    <bndbox>
      <xmin>495</xmin>
      <ymin>855</ymin>
      <xmax>700</xmax>
      <ymax>1090</ymax>
    </bndbox>
  </object>
  <object>
    <name>bird</name>
    <bndbox>
      <xmin>1865</xmin>
      <ymin>755</ymin>
      <xmax>2286</xmax>
      <ymax>983</ymax>
    </bndbox>
  </object>
  <object>
    <name>bird</name>
    <bndbox>
      <xmin>1990</xmin>
      <ymin>1006</ymin>
      <xmax>2344</xmax>
      <ymax>1222</ymax>
    </bndbox>
  </object>
</annotation>
