<?xml version='1.0' encoding='UTF-8'?>
<annotation>
  <folder>images</folder>
  <filename>frame_353.jpg</filename>
  <object>
    <name>bird</name>
    <bndbox>
      <xmin>1484</xmin>
      <ymin>1661</ymin>
      <xmax>2201</xmax>
      <ymax>2003</ymax>
    </bndbox>
  </object>
  <object>
    <name>bird</name>
    <bndbox>
      <xmin>269</xmin>
      <ymin>1032</ymin>
      <xmax>656</xmax>
      <ymax>1323</ymax>
    </bndbox>
  </object>
  <object>
    <name>bird</name>
    <bndbox>
      <xmin>597</xmin>
      <ymin>1827</ymin>
      <xmax>980</xmax>
      <ymax>2158</ymax>
    </bndbox>
  </object>
  <object>
    <name>bird</name>
    <bndbox>
      <xmin>2930</xmin>
      <ymin>1278</ymin>
      <xmax>3186</xmax>
      <ymax>1553</ymax>
    </bndbox>
  </object>
  <object>
    <name>bird</name>
    <bndbox>
      <xmin>1073</xmin>
      <ymin>1181</ymin>
      <xmax>1435</xmax>
      <ymax>1421</ymax>
    </bndbox>
  </object>
  <object>
    <name>bird</name>
    <bndbox>
      <xmin>1468</xmin>
      <ymin>1092</ymin>
      <xmax>1768</xmax>
      <ymax>1291</ymax>
    </bndbox>
  </object>
  <object>
    <name>bird</name>
    <bndbox>
      <xmin>654</xmin>
      <ymin>1626</ymin>
      <xmax>1034</xmax>
      <ymax>1929</ymax>
    </bndbox>
  </object>
  <object>
    <name>bird</name>
    <bndbox>
      <xmin>1759</xmin>
      <ymin>1119</ymin>
      <xmax>1953</xmax>
      <ymax>1334</ymax>
    </bndbox>
  </object>
  <object>
    <name>bird</name>
    <bndbox>
      <xmin>891</xmin>
      <ymin>975</ymin>
      <xmax>1325</xmax>
      <ymax>1179</ymax>
    </bndbox>
  </object>
  <object>
    <name>bird</name>
    <bndbox>
      <xmin>1917</xmin>
      <ymin>870</ymin>
      <xmax>2227</xmax>
      <ymax>1010</ymax>
    </bndbox>
  </object>
  <object>
    <name>bird</name>
    <bndbox>
      <xmin>1312</xmin>
      <ymin>2015</ymin>
      <xmax>1814</xmax>
      <ymax>2160</ymax>
    </bndbox>
  </object>
  <object>
    <name>bird</name>
    <bndbox>
      <xmin>1589</xmin>
      <ymin>799</ymin>
      <xmax>1981</xmax>
      <ymax>992</ymax>
    </bndbox>
  </object>
  <object>
    <name>bird</name>
    <bndbox>
      <xmin>1263</xmin>
      <ymin>659</ymin>
      <xmax>1714</xmax>
      <ymax>959</ymax>
    </bndbox>
  </object>
</annotation>
