<?xml version='1.0' encoding='UTF-8'?>
<annotation>
  <folder>images</folder>
  <filename>frame_321.jpg</filename>
  <object>
    <name>bird</name>
    <bndbox>
      <xmin>1562</xmin>
      <ymin>1662</ymin>
      <xmax>2194</xmax>
      <ymax>1999</ymax>
    </bndbox>
  </object>
  <object>
    <name>bird</name>
    <bndbox>
      <xmin>763</xmin>
      <ymin>1237</ymin>
      <xmax>1226</xmax>
      <ymax>1517</ymax>
    </bndbox>
  </object>
  <object>
    <name>bird</name>
    <bndbox>
      <xmin>513</xmin>
      <ymin>1685</ymin>
      <xmax>1056</xmax>
      <ymax>2119</ymax>
    </bndbox>
  </object>
  <object>
    <name>bird</name>
    <bndbox>
      <xmin>2566</xmin>
      <ymin>1014</ymin>
      <xmax>2837</xmax>
      <ymax>1325</ymax>
    </bndbox>
  </object>
  <object>
    <name>bird</name>
    <bndbox>
      <xmin>1712</xmin>
      <ymin>1046</ymin>
      <xmax>1932</xmax>
      <ymax>1285</ymax>
    </bndbox>
  </object>
  <object>
    <name>bird</name>
    <bndbox>
      <xmin>2517</xmin>
      <ymin>821</ymin>
      <xmax>2923</xmax>
      <ymax>1026</ymax>
    </bndbox>
  </object>
  <object>
    <name>bird</name>
    <bndbox>
      <xmin>815</xmin>
      <ymin>923</ymin>
      <xmax>1225</xmax>
      <ymax>1129</ymax>
    </bndbox>
  </object>
  <object>
    <name>bird</name>
    <bndbox>
      <xmin>1071</xmin>
      <ymin>1147</ymin>
      <xmax>1454</xmax>
      <ymax>1351</ymax>
    </bndbox>
  </object>
  <object>
    <name>bird</name>
    <bndbox>
      <xmin>1275</xmin>
      <ymin>1037</ymin>
      <xmax>1669</xmax>
      <ymax>1271</ymax>
    </bndbox>
  </object>
  <object>
    <name>bird</name>
    <bndbox>
      <xmin>182</xmin>
      <ymin>861</ymin>
      <xmax>360</xmax>
      <ymax>1160</ymax>
    </bndbox>
  </object>
  <object>
    <name>bird</name>
    <bndbox>
      <xmin>1826</xmin>
      <ymin>755</ymin>
      <xmax>2247</xmax>
      <ymax>965</ymax>
    </bndbox>
  </object>
</annotation>
