<?xml version='1.0' encoding='UTF-8'?>
<annotation>
  <folder>images</folder>
  <filename>frame_103.jpg</filename>
  <object>
    <name>bird</name>
    <bndbox>
      <xmin>189</xmin>
      <ymin>748</ymin>
      <xmax>408</xmax>
      <ymax>1074</ymax>
    </bndbox>
  </object>
  <object>
    <name>bird</name>
    <bndbox>
      <xmin>1474</xmin>
      <ymin>1189</ymin>
      <xmax>2005</xmax>
      <ymax>1468</ymax>
    </bndbox>
  </object>
  <object>
    <name>bird</name>
    <bndbox>
      <xmin>1130</xmin>
      <ymin>991</ymin>
      <xmax>1863</xmax>
      <ymax>1326</ymax>
    </bndbox>
  </object>
  <object>
    <name>bird</name>
    <bndbox>
      <xmin>1849</xmin>
      <ymin>1066</ymin>
      <xmax>2271</xmax>
      <ymax>1350</ymax>
    </bndbox>
  </object>
  <object>
    <name>bird</name>
    <bndbox>
      <xmin>663</xmin>
      <ymin>781</ymin>
      <xmax>1243</xmax>
      <ymax>1152</ymax>
    </bndbox>
  </object>
  <object>
    <name>bird</name>
    <bndbox>
      <xmin>1715</xmin>
      <ymin>573</ymin>
      <xmax>1940</xmax>
      <ymax>1085</ymax>
    </bndbox>
  </object>
  <object>
    <name>bird</name>
    <bndbox>
      <xmin>2819</xmin>
      <ymin>997</ymin>
      <xmax>3066</xmax>
      <ymax>1360</ymax>
    </bndbox>
  </object>
  <object>
    <name>bird</name>
    <bndbox>
      <xmin>2032</xmin>
      <ymin>765</ymin>
      <xmax>2460</xmax>
      <ymax>968</ymax>
    </bndbox>
  </object>
  <object>
    <name>bird</name>
    <bndbox>
      <xmin>1997</xmin>
      <ymin>432</ymin>
      <xmax>2555</xmax>
      <ymax>810</ymax>
    </bndbox>
  </object>
  <object>
    <name>bird</name>
    <bndbox>
      <xmin>1147</xmin>
      <ymin>690</ymin>
      <xmax>1466</xmax>
      <ymax>1004</ymax>
    </bndbox>
  </object>
  <object>
    <name>bird</name>
    <bndbox>
      <xmin>2503</xmin>
      <ymin>737</ymin>
      <xmax>2886</xmax>
      <ymax>1016</ymax>
    </bndbox>
  </object>
</annotation>
