<?xml version='1.0' encoding='UTF-8'?>
<annotation>
  <folder>images</folder>
  <filename>frame_286.jpg</filename>
  <object>
    <name>bird</name>
    <bndbox>
      <xmin>3017</xmin>
      <ymin>1109</ymin>
      <xmax>3412</xmax>
      <ymax>1410</ymax>
    </bndbox>
  </object>
  <object>
    <name>bird</name>
    <bndbox>
      <xmin>615</xmin>
      <ymin>1643</ymin>
      <xmax>1074</xmax>
      <ymax>2005</ymax>
    </bndbox>
  </object>
  <object>
    <name>bird</name>
    <bndbox>
      <xmin>1044</xmin>
      <ymin>1038</ymin>
      <xmax>1449</xmax>
      <ymax>1278</ymax>
    </bndbox>
  </object>
  <object>
    <name>bird</name>
    <bndbox>
      <xmin>2193</xmin>
      <ymin>1356</ymin>
      <xmax>2533</xmax>
      <ymax>1786</ymax>
    </bndbox>
  </object>
  <object>
    <name>bird</name>
    <bndbox>
      <xmin>2240</xmin>
      <ymin>776</ymin>
      <xmax>2597</xmax>
      <ymax>1180</ymax>
    </bndbox>
  </object>
  <object>
    <name>bird</name>
    <bndbox>
      <xmin>70</xmin>
      <ymin>1795</ymin>
      <xmax>383</xmax>
      <ymax>2087</ymax>
    </bndbox>
  </object>
  <object>
    <name>bird</name>
    <bndbox>
      <xmin>2146</xmin>
      <ymin>672</ymin>
      <xmax>2509</xmax>
      <ymax>884</ymax>
    </bndbox>
  </object>
  <object>
    <name>bird</name>
    <bndbox>
      <xmin>1508</xmin>
      <ymin>972</ymin>
      <xmax>1735</xmax>
      <ymax>1188</ymax>
    </bndbox>
  </object>
  <object>
    <name>bird</name>
    <bndbox>
      <xmin>1195</xmin>
      <ymin>885</ymin>
      <xmax>1618</xmax>
      <ymax>1082</ymax>
    </bndbox>
  </object>
  <object>
    <name>bird</name>
    <bndbox>
      <xmin>1694</xmin>
      <ymin>862</ymin>
      <xmax>2014</xmax>
      <ymax>1096</ymax>
    </bndbox>
  </object>
  <object>
    <name>bird</name>
    <bndbox>
      <xmin>2594</xmin>
      <ymin>840</ymin>
      <xmax>2921</xmax>
      <ymax>1055</ymax>
    </bndbox>
  </object>
  <object>
    <name>bird</name>
    <bndbox>
      <xmin>1628</xmin>
      <ymin>700</ymin>
      <xmax>1900</xmax>
      <ymax>954</ymax>
    </bndbox>
  </object>
</annotation>
