<?xml version='1.0' encoding='UTF-8'?>
<annotation>
  <folder>images</folder>
  <filename>frame_335.jpg</filename>
  <object>
    <name>bird</name>
    <bndbox>
      <xmin>1454</xmin>
      <ymin>1711</ymin>
      <xmax>2050</xmax>
      <ymax>1974</ymax>
    </bndbox>
  </object>
  <object>
    <name>bird</name>
    <bndbox>
      <xmin>407</xmin>
      <ymin>1234</ymin>
      <xmax>876</xmax>
      <ymax>1482</ymax>
    </bndbox>
  </object>
  <object>
    <name>bird</name>
    <bndbox>
      <xmin>525</xmin>
      <ymin>1772</ymin>
      <xmax>913</xmax>
      <ymax>2160</ymax>
    </bndbox>
  </object>
  <object>
    <name>bird</name>
    <bndbox>
      <xmin>2927</xmin>
      <ymin>1035</ymin>
      <xmax>3230</xmax>
      <ymax>1284</ymax>
    </bndbox>
  </object>
  <object>
    <name>bird</name>
    <bndbox>
      <xmin>1090</xmin>
      <ymin>1167</ymin>
      <xmax>1430</xmax>
      <ymax>1396</ymax>
    </bndbox>
  </object>
  <object>
    <name>bird</name>
    <bndbox>
      <xmin>1434</xmin>
      <ymin>1071</ymin>
      <xmax>1748</xmax>
      <ymax>1287</ymax>
    </bndbox>
  </object>
  <object>
    <name>bird</name>
    <bndbox>
      <xmin>853</xmin>
      <ymin>767</ymin>
      <xmax>1126</xmax>
      <ymax>974</ymax>
    </bndbox>
  </object>
  <object>
    <name>bird</name>
    <bndbox>
      <xmin>2752</xmin>
      <ymin>1555</ymin>
      <xmax>3049</xmax>
      <ymax>1921</ymax>
    </bndbox>
  </object>
  <object>
    <name>bird</name>
    <bndbox>
      <xmin>1851</xmin>
      <ymin>804</ymin>
      <xmax>2240</xmax>
      <ymax>1001</ymax>
    </bndbox>
  </object>
  <object>
    <name>bird</name>
    <bndbox>
      <xmin>1341</xmin>
      <ymin>1992</ymin>
      <xmax>1760</xmax>
      <ymax>2158</ymax>
    </bndbox>
  </object>
  <object>
    <name>bird</name>
    <bndbox>
      <xmin>1380</xmin>
      <ymin>853</ymin>
      <xmax>1696</xmax>
      <ymax>1085</ymax>
    </bndbox>
  </object>
  <object>
    <name>bird</name>
    <bndbox>
      <xmin>894</xmin>
      <ymin>944</ymin>
      <xmax>1280</xmax>
      <ymax>1138</ymax>
    </bndbox>
  </object>
</annotation>
