<?xml version='1.0' encoding='UTF-8'?>
<annotation>
  <folder>images</folder>
  <filename>frame_284.jpg</filename>
  <object>
    <name>bird</name>
    <bndbox>
      <xmin>2990</xmin>
      <ymin>1101</ymin>
      <xmax>3397</xmax>
      <ymax>1419</ymax>
    </bndbox>
  </object>
  <object>
    <name>bird</name>
    <bndbox>
      <xmin>476</xmin>
      <ymin>1617</ymin>
      <xmax>994</xmax>
      <ymax>2036</ymax>
    </bndbox>
  </object>
  <object>
    <name>bird</name>
    <bndbox>
      <xmin>1017</xmin>
      <ymin>1041</ymin>
      <xmax>1424</xmax>
      <ymax>1290</ymax>
    </bndbox>
  </object>
  <object>
    <name>bird</name>
    <bndbox>
      <xmin>2207</xmin>
      <ymin>1425</ymin>
      <xmax>2563</xmax>
      <ymax>1883</ymax>
    </bndbox>
  </object>
  <object>
    <name>bird</name>
    <bndbox>
      <xmin>2148</xmin>
      <ymin>769</ymin>
      <xmax>2473</xmax>
      <ymax>1125</ymax>
    </bndbox>
  </object>
  <object>
    <name>bird</name>
    <bndbox>
      <xmin>20</xmin>
      <ymin>1804</ymin>
      <xmax>290</xmax>
      <ymax>2066</ymax>
    </bndbox>
  </object>
  <object>
    <name>bird</name>
    <bndbox>
      <xmin>2209</xmin>
      <ymin>705</ymin>
      <xmax>2500</xmax>
      <ymax>879</ymax>
    </bndbox>
  </object>
  <object>
    <name>bird</name>
    <bndbox>
      <xmin>1492</xmin>
      <ymin>988</ymin>
      <xmax>1713</xmax>
      <ymax>1191</ymax>
    </bndbox>
  </object>
  <object>
    <name>bird</name>
    <bndbox>
      <xmin>1139</xmin>
      <ymin>899</ymin>
      <xmax>1578</xmax>
      <ymax>1101</ymax>
    </bndbox>
  </object>
  <object>
    <name>bird</name>
    <bndbox>
      <xmin>1678</xmin>
      <ymin>879</ymin>
      <xmax>1993</xmax>
      <ymax>1115</ymax>
    </bndbox>
  </object>
  <object>
    <name>bird</name>
    <bndbox>
      <xmin>2605</xmin>
      <ymin>876</ymin>
      <xmax>2933</xmax>
      <ymax>1104</ymax>
    </bndbox>
  </object>
  <object>
    <name>bird</name>
    <bndbox>
      <xmin>1932</xmin>
      <ymin>636</ymin>
      <xmax>2225</xmax>
      <ymax>838</ymax>
    </bndbox>
  </object>
</annotation>
