<?xml version='1.0' encoding='UTF-8'?>
<annotation>
  <folder>images</folder>
  <filename>frame_58.jpg</filename>
  <object>
    <name>bird</name>
    <bndbox>
      <xmin>659</xmin>
      <ymin>627</ymin>
      <xmax>1255</xmax>
      <ymax>979</ymax>
    </bndbox>
  </object>
  <object>
    <name>bird</name>
    <bndbox>
      <xmin>2175</xmin>
      <ymin>1216</ymin>
      <xmax>2793</xmax>
      <ymax>1548</ymax>
    </bndbox>
  </object>
  <object>
    <name>bird</name>
    <bndbox>
      <xmin>2220</xmin>
      <ymin>684</ymin>
      <xmax>2843</xmax>
      <ymax>942</ymax>
    </bndbox>
  </object>
  <object>
    <name>bird</name>
    <bndbox>
      <xmin>2077</xmin>
      <ymin>81</ymin>
      <xmax>2471</xmax>
      <ymax>380</ymax>
    </bndbox>
  </object>
  <object>
    <name>bird</name>
    <bndbox>
      <xmin>2588</xmin>
      <ymin>1105</ymin>
      <xmax>3233</xmax>
      <ymax>1415</ymax>
    </bndbox>
  </object>
  <object>
    <name>bird</name>
    <bndbox>
      <xmin>1191</xmin>
      <ymin>668</ymin>
      <xmax>1463</xmax>
      <ymax>1183</ymax>
    </bndbox>
  </object>
  <object>
    <name>bird</name>
    <bndbox>
      <xmin>1283</xmin>
      <ymin>1119</ymin>
      <xmax>1824</xmax>
      <ymax>1436</ymax>
    </bndbox>
  </object>
  <object>
    <name>bird</name>
    <bndbox>
      <xmin>381</xmin>
      <ymin>984</ymin>
      <xmax>1137</xmax>
      <ymax>1467</ymax>
    </bndbox>
  </object>
  <object>
    <name>bird</name>
    <bndbox>
      <xmin>1471</xmin>
      <ymin>625</ymin>
      <xmax>1870</xmax>
      <ymax>1139</ymax>
    </bndbox>
  </object>
  <object>
    <name>bird</name>
    <bndbox>
      <xmin>625</xmin>
      <ymin>0</ymin>
      <xmax>1134</xmax>
      <ymax>169</ymax>
    </bndbox>
  </object>
  <object>
    <name>bird</name>
    <bndbox>
      <xmin>1799</xmin>
      <ymin>550</ymin>
      <xmax>2291</xmax>
      <ymax>1099</ymax>
    </bndbox>
  </object>
  <object>
    <name>bird</name>
    <bndbox>
      <xmin>1950</xmin>
      <ymin>1085</ymin>
      <xmax>2224</xmax>
      <ymax>1358</ymax>
    </bndbox>
  </object>
  <object>
    <name>bird</name>
    <bndbox>
      <xmin>1996</xmin>
      <ymin>859</ymin>
      <xmax>2613</xmax>
      <ymax>1187</ymax>
    </bndbox>
  </object>
</annotation>
