<?xml version='1.0' encoding='UTF-8'?>
<annotation>
  <folder>images</folder>
  <filename>frame_207.jpg</filename>
  <object>
    <name>bird</name>
    <bndbox>
      <xmin>1922</xmin>
      <ymin>1146</ymin>
      <xmax>2385</xmax>
      <ymax>1421</ymax>
    </bndbox>
  </object>
  <object>
    <name>bird</name>
    <bndbox>
      <xmin>1961</xmin>
      <ymin>619</ymin>
      <xmax>2276</xmax>
      <ymax>941</ymax>
    </bndbox>
  </object>
  <object>
    <name>bird</name>
    <bndbox>
      <xmin>3012</xmin>
      <ymin>1413</ymin>
      <xmax>3838</xmax>
      <ymax>1817</ymax>
    </bndbox>
  </object>
  <object>
    <name>bird</name>
    <bndbox>
      <xmin>2199</xmin>
      <ymin>820</ymin>
      <xmax>2613</xmax>
      <ymax>978</ymax>
    </bndbox>
  </object>
  <object>
    <name>bird</name>
    <bndbox>
      <xmin>847</xmin>
      <ymin>1023</ymin>
      <xmax>1340</xmax>
      <ymax>1242</ymax>
    </bndbox>
  </object>
  <object>
    <name>bird</name>
    <bndbox>
      <xmin>64</xmin>
      <ymin>1086</ymin>
      <xmax>219</xmax>
      <ymax>1432</ymax>
    </bndbox>
  </object>
  <object>
    <name>bird</name>
    <bndbox>
      <xmin>1143</xmin>
      <ymin>1010</ymin>
      <xmax>1756</xmax>
      <ymax>1283</ymax>
    </bndbox>
  </object>
  <object>
    <name>bird</name>
    <bndbox>
      <xmin>2126</xmin>
      <ymin>951</ymin>
      <xmax>2671</xmax>
      <ymax>1203</ymax>
    </bndbox>
  </object>
  <object>
    <name>bird</name>
    <bndbox>
      <xmin>1809</xmin>
      <ymin>957</ymin>
      <xmax>2101</xmax>
      <ymax>1093</ymax>
    </bndbox>
  </object>
</annotation>
