<?xml version='1.0' encoding='UTF-8'?>
<annotation>
  <folder>images</folder>
  <filename>frame_1.jpg</filename>
  <object>
    <name>bird</name>
    <bndbox>
      <xmin>504</xmin>
      <ymin>329</ymin>
      <xmax>1076</xmax>
      <ymax>623</ymax>
    </bndbox>
  </object>
  <object>
    <name>bird</name>
    <bndbox>
      <xmin>2718</xmin>
      <ymin>282</ymin>
      <xmax>3272</xmax>
      <ymax>617</ymax>
    </bndbox>
  </object>
  <object>
    <name>bird</name>
    <bndbox>
      <xmin>560</xmin>
      <ymin>643</ymin>
      <xmax>1111</xmax>
      <ymax>981</ymax>
    </bndbox>
  </object>
  <object>
    <name>bird</name>
    <bndbox>
      <xmin>2188</xmin>
      <ymin>612</ymin>
      <xmax>2442</xmax>
      <ymax>904</ymax>
    </bndbox>
  </object>
  <object>
    <name>bird</name>
    <bndbox>
      <xmin>1580</xmin>
      <ymin>0</ymin>
      <xmax>1898</xmax>
      <ymax>200</ymax>
    </bndbox>
  </object>
  <object>
    <name>bird</name>
    <bndbox>
      <xmin>1594</xmin>
      <ymin>1128</ymin>
      <xmax>1948</xmax>
      <ymax>1468</ymax>
    </bndbox>
  </object>
  <object>
    <name>bird</name>
    <bndbox>
      <xmin>1543</xmin>
      <ymin>539</ymin>
      <xmax>2059</xmax>
      <ymax>1018</ymax>
    </bndbox>
  </object>
  <object>
    <name>bird</name>
    <bndbox>
      <xmin>1309</xmin>
      <ymin>562</ymin>
      <xmax>1554</xmax>
      <ymax>985</ymax>
    </bndbox>
  </object>
  <object>
    <name>bird</name>
    <bndbox>
      <xmin>1130</xmin>
      <ymin>453</ymin>
      <xmax>1386</xmax>
      <ymax>907</ymax>
    </bndbox>
  </object>
  <object>
    <name>bird</name>
    <bndbox>
      <xmin>1771</xmin>
      <ymin>1035</ymin>
      <xmax>2151</xmax>
      <ymax>1346</ymax>
    </bndbox>
  </object>
  <object>
    <name>bird</name>
    <bndbox>
      <xmin>1681</xmin>
      <ymin>815</ymin>
      <xmax>2202</xmax>
      <ymax>1050</ymax>
    </bndbox>
  </object>
</annotation>
