<?xml version='1.0' encoding='UTF-8'?>
<annotation>
  <folder>images</folder>
  <filename>frame_131.jpg</filename>
  <object>
    <name>bird</name>
    <bndbox>
      <xmin>1812</xmin>
      <ymin>1390</ymin>
      <xmax>2236</xmax>
      <ymax>1661</ymax>
    </bndbox>
  </object>
  <object>
    <name>bird</name>
    <bndbox>
      <xmin>1040</xmin>
      <ymin>1204</ymin>
      <xmax>1672</xmax>
      <ymax>1511</ymax>
    </bndbox>
  </object>
  <object>
    <name>bird</name>
    <bndbox>
      <xmin>1372</xmin>
      <ymin>931</ymin>
      <xmax>1595</xmax>
      <ymax>1310</ymax>
    </bndbox>
  </object>
  <object>
    <name>bird</name>
    <bndbox>
      <xmin>1593</xmin>
      <ymin>1080</ymin>
      <xmax>2298</xmax>
      <ymax>1384</ymax>
    </bndbox>
  </object>
  <object>
    <name>bird</name>
    <bndbox>
      <xmin>1693</xmin>
      <ymin>683</ymin>
      <xmax>1900</xmax>
      <ymax>1000</ymax>
    </bndbox>
  </object>
  <object>
    <name>bird</name>
    <bndbox>
      <xmin>459</xmin>
      <ymin>689</ymin>
      <xmax>766</xmax>
      <ymax>1028</ymax>
    </bndbox>
  </object>
  <object>
    <name>bird</name>
    <bndbox>
      <xmin>973</xmin>
      <ymin>915</ymin>
      <xmax>1435</xmax>
      <ymax>1150</ymax>
    </bndbox>
  </object>
  <object>
    <name>bird</name>
    <bndbox>
      <xmin>1950</xmin>
      <ymin>1192</ymin>
      <xmax>2351</xmax>
      <ymax>1417</ymax>
    </bndbox>
  </object>
  <object>
    <name>bird</name>
    <bndbox>
      <xmin>704</xmin>
      <ymin>1095</ymin>
      <xmax>1185</xmax>
      <ymax>1354</ymax>
    </bndbox>
  </object>
  <object>
    <name>bird</name>
    <bndbox>
      <xmin>50</xmin>
      <ymin>1290</ymin>
      <xmax>295</xmax>
      <ymax>1674</ymax>
    </bndbox>
  </object>
  <object>
    <name>bird</name>
    <bndbox>
      <xmin>2341</xmin>
      <ymin>1058</ymin>
      <xmax>2583</xmax>
      <ymax>1288</ymax>
    </bndbox>
  </object>
  <object>
    <name>bird</name>
    <bndbox>
      <xmin>1867</xmin>
      <ymin>899</ymin>
      <xmax>2395</xmax>
      <ymax>1114</ymax>
    </bndbox>
  </object>
  <object>
    <name>bird</name>
    <bndbox>
      <xmin>1873</xmin>
      <ymin>730</ymin>
      <xmax>2144</xmax>
      <ymax>1005</ymax>
    </bndbox>
  </object>
</annotation>
