<?xml version='1.0' encoding='UTF-8'?>
<annotation>
  <folder>images</folder>
  <filename>frame_27.jpg</filename>
  <object>
    <name>bird</name>
    <bndbox>
      <xmin>422</xmin>
      <ymin>401</ymin>
      <xmax>715</xmax>
      <ymax>733</ymax>
    </bndbox>
  </object>
  <object>
    <name>bird</name>
    <bndbox>
      <xmin>2020</xmin>
      <ymin>316</ymin>
      <xmax>2645</xmax>
      <ymax>674</ymax>
    </bndbox>
  </object>
  <object>
    <name>bird</name>
    <bndbox>
      <xmin>952</xmin>
      <ymin>76</ymin>
      <xmax>1413</xmax>
      <ymax>344</ymax>
    </bndbox>
  </object>
  <object>
    <name>bird</name>
    <bndbox>
      <xmin>1401</xmin>
      <ymin>615</ymin>
      <xmax>2002</xmax>
      <ymax>975</ymax>
    </bndbox>
  </object>
  <object>
    <name>bird</name>
    <bndbox>
      <xmin>1110</xmin>
      <ymin>618</ymin>
      <xmax>1388</xmax>
      <ymax>1021</ymax>
    </bndbox>
  </object>
  <object>
    <name>bird</name>
    <bndbox>
      <xmin>883</xmin>
      <ymin>514</ymin>
      <xmax>1165</xmax>
      <ymax>955</ymax>
    </bndbox>
  </object>
  <object>
    <name>bird</name>
    <bndbox>
      <xmin>1292</xmin>
      <ymin>1216</ymin>
      <xmax>1808</xmax>
      <ymax>1528</ymax>
    </bndbox>
  </object>
  <object>
    <name>bird</name>
    <bndbox>
      <xmin>1537</xmin>
      <ymin>878</ymin>
      <xmax>2004</xmax>
      <ymax>1120</ymax>
    </bndbox>
  </object>
  <object>
    <name>bird</name>
    <bndbox>
      <xmin>1938</xmin>
      <ymin>738</ymin>
      <xmax>2413</xmax>
      <ymax>972</ymax>
    </bndbox>
  </object>
  <object>
    <name>bird</name>
    <bndbox>
      <xmin>1922</xmin>
      <ymin>1043</ymin>
      <xmax>2456</xmax>
      <ymax>1292</ymax>
    </bndbox>
  </object>
  <object>
    <name>bird</name>
    <bndbox>
      <xmin>926</xmin>
      <ymin>967</ymin>
      <xmax>1624</xmax>
      <ymax>1273</ymax>
    </bndbox>
  </object>
  <object>
    <name>bird</name>
    <bndbox>
      <xmin>1612</xmin>
      <ymin>1105</ymin>
      <xmax>1960</xmax>
      <ymax>1437</ymax>
    </bndbox>
  </object>
</annotation>
