<?xml version='1.0' encoding='UTF-8'?>
<annotation>
  <folder>images</folder>
  <filename>frame_32.jpg</filename>
  <object>
    <name>bird</name>
    <bndbox>
      <xmin>463</xmin>
      <ymin>388</ymin>
      <xmax>756</xmax>
      <ymax>744</ymax>
    </bndbox>
  </object>
  <object>
    <name>bird</name>
    <bndbox>
      <xmin>866</xmin>
      <ymin>0</ymin>
      <xmax>1269</xmax>
      <ymax>288</ymax>
    </bndbox>
  </object>
  <object>
    <name>bird</name>
    <bndbox>
      <xmin>1395</xmin>
      <ymin>539</ymin>
      <xmax>2069</xmax>
      <ymax>977</ymax>
    </bndbox>
  </object>
  <object>
    <name>bird</name>
    <bndbox>
      <xmin>1118</xmin>
      <ymin>567</ymin>
      <xmax>1416</xmax>
      <ymax>965</ymax>
    </bndbox>
  </object>
  <object>
    <name>bird</name>
    <bndbox>
      <xmin>910</xmin>
      <ymin>493</ymin>
      <xmax>1175</xmax>
      <ymax>937</ymax>
    </bndbox>
  </object>
  <object>
    <name>bird</name>
    <bndbox>
      <xmin>1380</xmin>
      <ymin>1162</ymin>
      <xmax>1889</xmax>
      <ymax>1462</ymax>
    </bndbox>
  </object>
  <object>
    <name>bird</name>
    <bndbox>
      <xmin>1928</xmin>
      <ymin>686</ymin>
      <xmax>2485</xmax>
      <ymax>947</ymax>
    </bndbox>
  </object>
  <object>
    <name>bird</name>
    <bndbox>
      <xmin>1945</xmin>
      <ymin>183</ymin>
      <xmax>2490</xmax>
      <ymax>565</ymax>
    </bndbox>
  </object>
  <object>
    <name>bird</name>
    <bndbox>
      <xmin>403</xmin>
      <ymin>681</ymin>
      <xmax>914</xmax>
      <ymax>1026</ymax>
    </bndbox>
  </object>
</annotation>
