<?xml version='1.0' encoding='UTF-8'?>
<annotation>
  <folder>images</folder>
  <filename>frame_83.jpg</filename>
  <object>
    <name>bird</name>
    <bndbox>
      <xmin>2733</xmin>
      <ymin>998</ymin>
      <xmax>3380</xmax>
      <ymax>1486</ymax>
    </bndbox>
  </object>
  <object>
    <name>bird</name>
    <bndbox>
      <xmin>649</xmin>
      <ymin>314</ymin>
      <xmax>1179</xmax>
      <ymax>643</ymax>
    </bndbox>
  </object>
  <object>
    <name>bird</name>
    <bndbox>
      <xmin>1497</xmin>
      <ymin>953</ymin>
      <xmax>1927</xmax>
      <ymax>1267</ymax>
    </bndbox>
  </object>
  <object>
    <name>bird</name>
    <bndbox>
      <xmin>2093</xmin>
      <ymin>1125</ymin>
      <xmax>2450</xmax>
      <ymax>1465</ymax>
    </bndbox>
  </object>
  <object>
    <name>bird</name>
    <bndbox>
      <xmin>1229</xmin>
      <ymin>1211</ymin>
      <xmax>1789</xmax>
      <ymax>1496</ymax>
    </bndbox>
  </object>
  <object>
    <name>bird</name>
    <bndbox>
      <xmin>1641</xmin>
      <ymin>728</ymin>
      <xmax>2019</xmax>
      <ymax>1135</ymax>
    </bndbox>
  </object>
  <object>
    <name>bird</name>
    <bndbox>
      <xmin>2085</xmin>
      <ymin>650</ymin>
      <xmax>2360</xmax>
      <ymax>1148</ymax>
    </bndbox>
  </object>
  <object>
    <name>bird</name>
    <bndbox>
      <xmin>2350</xmin>
      <ymin>1036</ymin>
      <xmax>2846</xmax>
      <ymax>1317</ymax>
    </bndbox>
  </object>
  <object>
    <name>bird</name>
    <bndbox>
      <xmin>2803</xmin>
      <ymin>667</ymin>
      <xmax>3416</xmax>
      <ymax>1005</ymax>
    </bndbox>
  </object>
  <object>
    <name>bird</name>
    <bndbox>
      <xmin>2542</xmin>
      <ymin>468</ymin>
      <xmax>3346</xmax>
      <ymax>898</ymax>
    </bndbox>
  </object>
  <object>
    <name>bird</name>
    <bndbox>
      <xmin>2305</xmin>
      <ymin>691</ymin>
      <xmax>2820</xmax>
      <ymax>1083</ymax>
    </bndbox>
  </object>
  <object>
    <name>bird</name>
    <bndbox>
      <xmin>2899</xmin>
      <ymin>915</ymin>
      <xmax>3536</xmax>
      <ymax>1139</ymax>
    </bndbox>
  </object>
  <object>
    <name>bird</name>
    <bndbox>
      <xmin>1031</xmin>
      <ymin>734</ymin>
      <xmax>1511</xmax>
      <ymax>962</ymax>
    </bndbox>
  </object>
</annotation>
