<?xml version='1.0' encoding='UTF-8'?>
<annotation>
  <folder>images</folder>
  <filename>frame_39.jpg</filename>
  <object>
    <name>bird</name>
    <bndbox>
      <xmin>415</xmin>
      <ymin>499</ymin>
      <xmax>741</xmax>
      <ymax>867</ymax>
    </bndbox>
  </object>
  <object>
    <name>bird</name>
    <bndbox>
      <xmin>854</xmin>
      <ymin>0</ymin>
      <xmax>1126</xmax>
      <ymax>217</ymax>
    </bndbox>
  </object>
  <object>
    <name>bird</name>
    <bndbox>
      <xmin>1533</xmin>
      <ymin>580</ymin>
      <xmax>2146</xmax>
      <ymax>1069</ymax>
    </bndbox>
  </object>
  <object>
    <name>bird</name>
    <bndbox>
      <xmin>1230</xmin>
      <ymin>659</ymin>
      <xmax>1549</xmax>
      <ymax>1055</ymax>
    </bndbox>
  </object>
  <object>
    <name>bird</name>
    <bndbox>
      <xmin>1495</xmin>
      <ymin>1202</ymin>
      <xmax>2157</xmax>
      <ymax>1569</ymax>
    </bndbox>
  </object>
  <object>
    <name>bird</name>
    <bndbox>
      <xmin>2055</xmin>
      <ymin>735</ymin>
      <xmax>2643</xmax>
      <ymax>1012</ymax>
    </bndbox>
  </object>
  <object>
    <name>bird</name>
    <bndbox>
      <xmin>2105</xmin>
      <ymin>208</ymin>
      <xmax>2574</xmax>
      <ymax>538</ymax>
    </bndbox>
  </object>
  <object>
    <name>bird</name>
    <bndbox>
      <xmin>501</xmin>
      <ymin>820</ymin>
      <xmax>996</xmax>
      <ymax>1134</ymax>
    </bndbox>
  </object>
  <object>
    <name>bird</name>
    <bndbox>
      <xmin>1942</xmin>
      <ymin>1078</ymin>
      <xmax>2552</xmax>
      <ymax>1469</ymax>
    </bndbox>
  </object>
  <object>
    <name>bird</name>
    <bndbox>
      <xmin>1549</xmin>
      <ymin>0</ymin>
      <xmax>1870</xmax>
      <ymax>101</ymax>
    </bndbox>
  </object>
  <object>
    <name>bird</name>
    <bndbox>
      <xmin>998</xmin>
      <ymin>585</ymin>
      <xmax>1270</xmax>
      <ymax>1075</ymax>
    </bndbox>
  </object>
  <object>
    <name>bird</name>
    <bndbox>
      <xmin>1812</xmin>
      <ymin>907</ymin>
      <xmax>2290</xmax>
      <ymax>1161</ymax>
    </bndbox>
  </object>
</annotation>
