<?xml version='1.0' encoding='UTF-8'?>
<annotation>
  <folder>images</folder>
  <filename>frame_93.jpg</filename>
  <object>
    <name>bird</name>
    <bndbox>
      <xmin>179</xmin>
      <ymin>180</ymin>
      <xmax>614</xmax>
      <ymax>555</ymax>
    </bndbox>
  </object>
  <object>
    <name>bird</name>
    <bndbox>
      <xmin>1768</xmin>
      <ymin>673</ymin>
      <xmax>2180</xmax>
      <ymax>1035</ymax>
    </bndbox>
  </object>
  <object>
    <name>bird</name>
    <bndbox>
      <xmin>1232</xmin>
      <ymin>855</ymin>
      <xmax>1784</xmax>
      <ymax>1125</ymax>
    </bndbox>
  </object>
  <object>
    <name>bird</name>
    <bndbox>
      <xmin>608</xmin>
      <ymin>439</ymin>
      <xmax>1350</xmax>
      <ymax>784</ymax>
    </bndbox>
  </object>
  <object>
    <name>bird</name>
    <bndbox>
      <xmin>1347</xmin>
      <ymin>424</ymin>
      <xmax>1683</xmax>
      <ymax>685</ymax>
    </bndbox>
  </object>
  <object>
    <name>bird</name>
    <bndbox>
      <xmin>1764</xmin>
      <ymin>324</ymin>
      <xmax>2027</xmax>
      <ymax>746</ymax>
    </bndbox>
  </object>
  <object>
    <name>bird</name>
    <bndbox>
      <xmin>2053</xmin>
      <ymin>659</ymin>
      <xmax>2647</xmax>
      <ymax>923</ymax>
    </bndbox>
  </object>
  <object>
    <name>bird</name>
    <bndbox>
      <xmin>2612</xmin>
      <ymin>506</ymin>
      <xmax>3076</xmax>
      <ymax>757</ymax>
    </bndbox>
  </object>
  <object>
    <name>bird</name>
    <bndbox>
      <xmin>2034</xmin>
      <ymin>358</ymin>
      <xmax>2558</xmax>
      <ymax>695</ymax>
    </bndbox>
  </object>
  <object>
    <name>bird</name>
    <bndbox>
      <xmin>2242</xmin>
      <ymin>120</ymin>
      <xmax>2662</xmax>
      <ymax>501</ymax>
    </bndbox>
  </object>
  <object>
    <name>bird</name>
    <bndbox>
      <xmin>2546</xmin>
      <ymin>718</ymin>
      <xmax>3288</xmax>
      <ymax>1005</ymax>
    </bndbox>
  </object>
  <object>
    <name>bird</name>
    <bndbox>
      <xmin>1115</xmin>
      <ymin>617</ymin>
      <xmax>1649</xmax>
      <ymax>917</ymax>
    </bndbox>
  </object>
</annotation>
