<?xml version='1.0' encoding='UTF-8'?>
<annotation>
  <folder>images</folder>
  <filename>frame_344.jpg</filename>
  <object>
    <name>bird</name>
    <bndbox>
      <xmin>1441</xmin>
      <ymin>1724</ymin>
      <xmax>2059</xmax>
      <ymax>1988</ymax>
    </bndbox>
  </object>
  <object>
    <name>bird</name>
    <bndbox>
      <xmin>345</xmin>
      <ymin>1228</ymin>
      <xmax>910</xmax>
      <ymax>1502</ymax>
    </bndbox>
  </object>
  <object>
    <name>bird</name>
    <bndbox>
      <xmin>540</xmin>
      <ymin>1766</ymin>
      <xmax>924</xmax>
      <ymax>2158</ymax>
    </bndbox>
  </object>
  <object>
    <name>bird</name>
    <bndbox>
      <xmin>2820</xmin>
      <ymin>1151</ymin>
      <xmax>3086</xmax>
      <ymax>1428</ymax>
    </bndbox>
  </object>
  <object>
    <name>bird</name>
    <bndbox>
      <xmin>1097</xmin>
      <ymin>1189</ymin>
      <xmax>1395</xmax>
      <ymax>1414</ymax>
    </bndbox>
  </object>
  <object>
    <name>bird</name>
    <bndbox>
      <xmin>1424</xmin>
      <ymin>1085</ymin>
      <xmax>1735</xmax>
      <ymax>1296</ymax>
    </bndbox>
  </object>
  <object>
    <name>bird</name>
    <bndbox>
      <xmin>3105</xmin>
      <ymin>1960</ymin>
      <xmax>3351</xmax>
      <ymax>2160</ymax>
    </bndbox>
  </object>
  <object>
    <name>bird</name>
    <bndbox>
      <xmin>864</xmin>
      <ymin>976</ymin>
      <xmax>1245</xmax>
      <ymax>1160</ymax>
    </bndbox>
  </object>
  <object>
    <name>bird</name>
    <bndbox>
      <xmin>1074</xmin>
      <ymin>692</ymin>
      <xmax>1435</xmax>
      <ymax>906</ymax>
    </bndbox>
  </object>
  <object>
    <name>bird</name>
    <bndbox>
      <xmin>219</xmin>
      <ymin>1584</ymin>
      <xmax>466</xmax>
      <ymax>1930</ymax>
    </bndbox>
  </object>
  <object>
    <name>bird</name>
    <bndbox>
      <xmin>1729</xmin>
      <ymin>1114</ymin>
      <xmax>1966</xmax>
      <ymax>1353</ymax>
    </bndbox>
  </object>
  <object>
    <name>bird</name>
    <bndbox>
      <xmin>1972</xmin>
      <ymin>1041</ymin>
      <xmax>2306</xmax>
      <ymax>1259</ymax>
    </bndbox>
  </object>
  <object>
    <name>bird</name>
    <bndbox>
      <xmin>1193</xmin>
      <ymin>845</ymin>
      <xmax>1524</xmax>
      <ymax>1017</ymax>
    </bndbox>
  </object>
  <object>
    <name>bird</name>
    <bndbox>
      <xmin>1894</xmin>
      <ymin>848</ymin>
      <xmax>2204</xmax>
      <ymax>999</ymax>
    </bndbox>
  </object>
</annotation>
