<?xml version='1.0' encoding='UTF-8'?>
<annotation>
  <folder>images</folder>
  <filename>frame_225.jpg</filename>
  <object>
    <name>bird</name>
    <bndbox>
      <xmin>3191</xmin>
      <ymin>1128</ymin>
      <xmax>3543</xmax>
      <ymax>1388</ymax>
    </bndbox>
  </object>
  <object>
    <name>bird</name>
    <bndbox>
      <xmin>901</xmin>
      <ymin>1290</ymin>
      <xmax>1341</xmax>
      <ymax>1623</ymax>
    </bndbox>
  </object>
  <object>
    <name>bird</name>
    <bndbox>
      <xmin>2127</xmin>
      <ymin>1146</ymin>
      <xmax>2482</xmax>
      <ymax>1417</ymax>
    </bndbox>
  </object>
  <object>
    <name>bird</name>
    <bndbox>
      <xmin>1703</xmin>
      <ymin>1130</ymin>
      <xmax>2129</xmax>
      <ymax>1344</ymax>
    </bndbox>
  </object>
  <object>
    <name>bird</name>
    <bndbox>
      <xmin>1054</xmin>
      <ymin>825</ymin>
      <xmax>1452</xmax>
      <ymax>1015</ymax>
    </bndbox>
  </object>
  <object>
    <name>bird</name>
    <bndbox>
      <xmin>2102</xmin>
      <ymin>849</ymin>
      <xmax>2555</xmax>
      <ymax>1043</ymax>
    </bndbox>
  </object>
  <object>
    <name>bird</name>
    <bndbox>
      <xmin>899</xmin>
      <ymin>1019</ymin>
      <xmax>1481</xmax>
      <ymax>1287</ymax>
    </bndbox>
  </object>
  <object>
    <name>bird</name>
    <bndbox>
      <xmin>2162</xmin>
      <ymin>1067</ymin>
      <xmax>2564</xmax>
      <ymax>1228</ymax>
    </bndbox>
  </object>
</annotation>
