<?xml version='1.0' encoding='UTF-8'?>
<annotation>
  <folder>images</folder>
  <filename>frame_340.jpg</filename>
  <object>
    <name>bird</name>
    <bndbox>
      <xmin>1434</xmin>
      <ymin>1718</ymin>
      <xmax>2040</xmax>
      <ymax>1978</ymax>
    </bndbox>
  </object>
  <object>
    <name>bird</name>
    <bndbox>
      <xmin>402</xmin>
      <ymin>1235</ymin>
      <xmax>885</xmax>
      <ymax>1469</ymax>
    </bndbox>
  </object>
  <object>
    <name>bird</name>
    <bndbox>
      <xmin>557</xmin>
      <ymin>1773</ymin>
      <xmax>927</xmax>
      <ymax>2157</ymax>
    </bndbox>
  </object>
  <object>
    <name>bird</name>
    <bndbox>
      <xmin>2898</xmin>
      <ymin>1093</ymin>
      <xmax>3164</xmax>
      <ymax>1344</ymax>
    </bndbox>
  </object>
  <object>
    <name>bird</name>
    <bndbox>
      <xmin>1092</xmin>
      <ymin>1173</ymin>
      <xmax>1421</xmax>
      <ymax>1410</ymax>
    </bndbox>
  </object>
  <object>
    <name>bird</name>
    <bndbox>
      <xmin>1421</xmin>
      <ymin>1077</ymin>
      <xmax>1736</xmax>
      <ymax>1297</ymax>
    </bndbox>
  </object>
  <object>
    <name>bird</name>
    <bndbox>
      <xmin>2921</xmin>
      <ymin>1800</ymin>
      <xmax>3209</xmax>
      <ymax>2160</ymax>
    </bndbox>
  </object>
  <object>
    <name>bird</name>
    <bndbox>
      <xmin>1900</xmin>
      <ymin>820</ymin>
      <xmax>2255</xmax>
      <ymax>985</ymax>
    </bndbox>
  </object>
  <object>
    <name>bird</name>
    <bndbox>
      <xmin>886</xmin>
      <ymin>970</ymin>
      <xmax>1255</xmax>
      <ymax>1148</ymax>
    </bndbox>
  </object>
  <object>
    <name>bird</name>
    <bndbox>
      <xmin>988</xmin>
      <ymin>711</ymin>
      <xmax>1336</xmax>
      <ymax>938</ymax>
    </bndbox>
  </object>
  <object>
    <name>bird</name>
    <bndbox>
      <xmin>7</xmin>
      <ymin>1604</ymin>
      <xmax>262</xmax>
      <ymax>2029</ymax>
    </bndbox>
  </object>
  <object>
    <name>bird</name>
    <bndbox>
      <xmin>1720</xmin>
      <ymin>1107</ymin>
      <xmax>1967</xmax>
      <ymax>1340</ymax>
    </bndbox>
  </object>
</annotation>
