<?xml version='1.0' encoding='UTF-8'?>
<annotation>
  <folder>images</folder>
  <filename>frame_115.jpg</filename>
  <object>
    <name>bird</name>
    <bndbox>
      <xmin>1879</xmin>
      <ymin>1286</ymin>
      <xmax>2374</xmax>
      <ymax>1550</ymax>
    </bndbox>
  </object>
  <object>
    <name>bird</name>
    <bndbox>
      <xmin>995</xmin>
      <ymin>1058</ymin>
      <xmax>1790</xmax>
      <ymax>1449</ymax>
    </bndbox>
  </object>
  <object>
    <name>bird</name>
    <bndbox>
      <xmin>1449</xmin>
      <ymin>715</ymin>
      <xmax>1721</xmax>
      <ymax>1193</ymax>
    </bndbox>
  </object>
  <object>
    <name>bird</name>
    <bndbox>
      <xmin>0</xmin>
      <ymin>665</ymin>
      <xmax>572</xmax>
      <ymax>1082</ymax>
    </bndbox>
  </object>
  <object>
    <name>bird</name>
    <bndbox>
      <xmin>2202</xmin>
      <ymin>800</ymin>
      <xmax>2576</xmax>
      <ymax>996</ymax>
    </bndbox>
  </object>
  <object>
    <name>bird</name>
    <bndbox>
      <xmin>2368</xmin>
      <ymin>995</ymin>
      <xmax>3166</xmax>
      <ymax>1403</ymax>
    </bndbox>
  </object>
  <object>
    <name>bird</name>
    <bndbox>
      <xmin>1778</xmin>
      <ymin>954</ymin>
      <xmax>2461</xmax>
      <ymax>1196</ymax>
    </bndbox>
  </object>
  <object>
    <name>bird</name>
    <bndbox>
      <xmin>1790</xmin>
      <ymin>1114</ymin>
      <xmax>2270</xmax>
      <ymax>1343</ymax>
    </bndbox>
  </object>
  <object>
    <name>bird</name>
    <bndbox>
      <xmin>1824</xmin>
      <ymin>541</ymin>
      <xmax>2033</xmax>
      <ymax>886</ymax>
    </bndbox>
  </object>
  <object>
    <name>bird</name>
    <bndbox>
      <xmin>1035</xmin>
      <ymin>703</ymin>
      <xmax>1539</xmax>
      <ymax>1059</ymax>
    </bndbox>
  </object>
  <object>
    <name>bird</name>
    <bndbox>
      <xmin>1726</xmin>
      <ymin>680</ymin>
      <xmax>1961</xmax>
      <ymax>1100</ymax>
    </bndbox>
  </object>
  <object>
    <name>bird</name>
    <bndbox>
      <xmin>1991</xmin>
      <ymin>653</ymin>
      <xmax>2272</xmax>
      <ymax>906</ymax>
    </bndbox>
  </object>
  <object>
    <name>bird</name>
    <bndbox>
      <xmin>849</xmin>
      <ymin>973</ymin>
      <xmax>1306</xmax>
      <ymax>1218</ymax>
    </bndbox>
  </object>
</annotation>
