<?xml version='1.0' encoding='UTF-8'?>
<annotation>
  <folder>images</folder>
  <filename>frame_249.jpg</filename>
  <object>
    <name>bird</name>
    <bndbox>
      <xmin>2554</xmin>
      <ymin>947</ymin>
      <xmax>2962</xmax>
      <ymax>1233</ymax>
    </bndbox>
  </object>
  <object>
    <name>bird</name>
    <bndbox>
      <xmin>2295</xmin>
      <ymin>1563</ymin>
      <xmax>2766</xmax>
      <ymax>1840</ymax>
    </bndbox>
  </object>
  <object>
    <name>bird</name>
    <bndbox>
      <xmin>2508</xmin>
      <ymin>1204</ymin>
      <xmax>2862</xmax>
      <ymax>1475</ymax>
    </bndbox>
  </object>
  <object>
    <name>bird</name>
    <bndbox>
      <xmin>813</xmin>
      <ymin>1113</ymin>
      <xmax>1306</xmax>
      <ymax>1361</ymax>
    </bndbox>
  </object>
  <object>
    <name>bird</name>
    <bndbox>
      <xmin>1936</xmin>
      <ymin>795</ymin>
      <xmax>2111</xmax>
      <ymax>1030</ymax>
    </bndbox>
  </object>
  <object>
    <name>bird</name>
    <bndbox>
      <xmin>1750</xmin>
      <ymin>951</ymin>
      <xmax>2514</xmax>
      <ymax>1399</ymax>
    </bndbox>
  </object>
  <object>
    <name>bird</name>
    <bndbox>
      <xmin>2180</xmin>
      <ymin>877</ymin>
      <xmax>2618</xmax>
      <ymax>1074</ymax>
    </bndbox>
  </object>
  <object>
    <name>bird</name>
    <bndbox>
      <xmin>1579</xmin>
      <ymin>811</ymin>
      <xmax>1840</xmax>
      <ymax>1039</ymax>
    </bndbox>
  </object>
</annotation>
