<?xml version='1.0' encoding='UTF-8'?>
<annotation>
  <folder>images</folder>
  <filename>frame_291.jpg</filename>
  <object>
    <name>bird</name>
    <bndbox>
      <xmin>3116</xmin>
      <ymin>1069</ymin>
      <xmax>3475</xmax>
      <ymax>1345</ymax>
    </bndbox>
  </object>
  <object>
    <name>bird</name>
    <bndbox>
      <xmin>915</xmin>
      <ymin>1594</ymin>
      <xmax>1464</xmax>
      <ymax>1986</ymax>
    </bndbox>
  </object>
  <object>
    <name>bird</name>
    <bndbox>
      <xmin>1179</xmin>
      <ymin>1053</ymin>
      <xmax>1566</xmax>
      <ymax>1275</ymax>
    </bndbox>
  </object>
  <object>
    <name>bird</name>
    <bndbox>
      <xmin>2033</xmin>
      <ymin>1261</ymin>
      <xmax>2400</xmax>
      <ymax>1635</ymax>
    </bndbox>
  </object>
  <object>
    <name>bird</name>
    <bndbox>
      <xmin>392</xmin>
      <ymin>1803</ymin>
      <xmax>729</xmax>
      <ymax>2099</ymax>
    </bndbox>
  </object>
  <object>
    <name>bird</name>
    <bndbox>
      <xmin>2027</xmin>
      <ymin>900</ymin>
      <xmax>2244</xmax>
      <ymax>1148</ymax>
    </bndbox>
  </object>
  <object>
    <name>bird</name>
    <bndbox>
      <xmin>1261</xmin>
      <ymin>901</ymin>
      <xmax>1692</xmax>
      <ymax>1098</ymax>
    </bndbox>
  </object>
  <object>
    <name>bird</name>
    <bndbox>
      <xmin>2559</xmin>
      <ymin>816</ymin>
      <xmax>2934</xmax>
      <ymax>1040</ymax>
    </bndbox>
  </object>
  <object>
    <name>bird</name>
    <bndbox>
      <xmin>21</xmin>
      <ymin>1871</ymin>
      <xmax>417</xmax>
      <ymax>2158</ymax>
    </bndbox>
  </object>
  <object>
    <name>bird</name>
    <bndbox>
      <xmin>1593</xmin>
      <ymin>952</ymin>
      <xmax>1831</xmax>
      <ymax>1186</ymax>
    </bndbox>
  </object>
  <object>
    <name>bird</name>
    <bndbox>
      <xmin>11</xmin>
      <ymin>1720</ymin>
      <xmax>131</xmax>
      <ymax>1887</ymax>
    </bndbox>
  </object>
  <object>
    <name>bird</name>
    <bndbox>
      <xmin>1958</xmin>
      <ymin>664</ymin>
      <xmax>2161</xmax>
      <ymax>854</ymax>
    </bndbox>
  </object>
  <object>
    <name>bird</name>
    <bndbox>
      <xmin>2178</xmin>
      <ymin>676</ymin>
      <xmax>2558</xmax>
      <ymax>889</ymax>
    </bndbox>
  </object>
</annotation>
