<?xml version='1.0' encoding='UTF-8'?>
<annotation>
  <folder>images</folder>
  <filename>frame_341.jpg</filename>
  <object>
    <name>bird</name>
    <bndbox>
      <xmin>1436</xmin>
      <ymin>1719</ymin>
      <xmax>2041</xmax>
      <ymax>1977</ymax>
    </bndbox>
  </object>
  <object>
    <name>bird</name>
    <bndbox>
      <xmin>407</xmin>
      <ymin>1235</ymin>
      <xmax>884</xmax>
      <ymax>1462</ymax>
    </bndbox>
  </object>
  <object>
    <name>bird</name>
    <bndbox>
      <xmin>562</xmin>
      <ymin>1775</ymin>
      <xmax>930</xmax>
      <ymax>2156</ymax>
    </bndbox>
  </object>
  <object>
    <name>bird</name>
    <bndbox>
      <xmin>2884</xmin>
      <ymin>1111</ymin>
      <xmax>3155</xmax>
      <ymax>1372</ymax>
    </bndbox>
  </object>
  <object>
    <name>bird</name>
    <bndbox>
      <xmin>1097</xmin>
      <ymin>1177</ymin>
      <xmax>1418</xmax>
      <ymax>1411</ymax>
    </bndbox>
  </object>
  <object>
    <name>bird</name>
    <bndbox>
      <xmin>1419</xmin>
      <ymin>1081</ymin>
      <xmax>1725</xmax>
      <ymax>1292</ymax>
    </bndbox>
  </object>
  <object>
    <name>bird</name>
    <bndbox>
      <xmin>2942</xmin>
      <ymin>1840</ymin>
      <xmax>3214</xmax>
      <ymax>2160</ymax>
    </bndbox>
  </object>
  <object>
    <name>bird</name>
    <bndbox>
      <xmin>1919</xmin>
      <ymin>824</ymin>
      <xmax>2280</xmax>
      <ymax>995</ymax>
    </bndbox>
  </object>
  <object>
    <name>bird</name>
    <bndbox>
      <xmin>865</xmin>
      <ymin>953</ymin>
      <xmax>1292</xmax>
      <ymax>1161</ymax>
    </bndbox>
  </object>
  <object>
    <name>bird</name>
    <bndbox>
      <xmin>991</xmin>
      <ymin>705</ymin>
      <xmax>1358</xmax>
      <ymax>940</ymax>
    </bndbox>
  </object>
  <object>
    <name>bird</name>
    <bndbox>
      <xmin>62</xmin>
      <ymin>1579</ymin>
      <xmax>338</xmax>
      <ymax>2033</ymax>
    </bndbox>
  </object>
  <object>
    <name>bird</name>
    <bndbox>
      <xmin>1726</xmin>
      <ymin>1107</ymin>
      <xmax>1964</xmax>
      <ymax>1335</ymax>
    </bndbox>
  </object>
</annotation>
