<?xml version='1.0' encoding='UTF-8'?>
<annotation>
  <folder>images</folder>
  <filename>frame_149.jpg</filename>
  <object>
    <name>bird</name>
    <bndbox>
      <xmin>1140</xmin>
      <ymin>1268</ymin>
      <xmax>1813</xmax>
      <ymax>1565</ymax>
    </bndbox>
  </object>
  <object>
    <name>bird</name>
    <bndbox>
      <xmin>1443</xmin>
      <ymin>977</ymin>
      <xmax>1682</xmax>
      <ymax>1366</ymax>
    </bndbox>
  </object>
  <object>
    <name>bird</name>
    <bndbox>
      <xmin>49</xmin>
      <ymin>1363</ymin>
      <xmax>575</xmax>
      <ymax>1673</ymax>
    </bndbox>
  </object>
  <object>
    <name>bird</name>
    <bndbox>
      <xmin>1681</xmin>
      <ymin>874</ymin>
      <xmax>1910</xmax>
      <ymax>1232</ymax>
    </bndbox>
  </object>
  <object>
    <name>bird</name>
    <bndbox>
      <xmin>811</xmin>
      <ymin>1159</ymin>
      <xmax>1229</xmax>
      <ymax>1408</ymax>
    </bndbox>
  </object>
  <object>
    <name>bird</name>
    <bndbox>
      <xmin>1759</xmin>
      <ymin>755</ymin>
      <xmax>1980</xmax>
      <ymax>1114</ymax>
    </bndbox>
  </object>
  <object>
    <name>bird</name>
    <bndbox>
      <xmin>1988</xmin>
      <ymin>772</ymin>
      <xmax>2254</xmax>
      <ymax>1084</ymax>
    </bndbox>
  </object>
  <object>
    <name>bird</name>
    <bndbox>
      <xmin>1715</xmin>
      <ymin>1141</ymin>
      <xmax>2191</xmax>
      <ymax>1412</ymax>
    </bndbox>
  </object>
  <object>
    <name>bird</name>
    <bndbox>
      <xmin>1978</xmin>
      <ymin>1061</ymin>
      <xmax>2426</xmax>
      <ymax>1253</ymax>
    </bndbox>
  </object>
</annotation>
