<?xml version='1.0' encoding='UTF-8'?>
<annotation>
  <folder>images</folder>
  <filename>frame_54.jpg</filename>
  <object>
    <name>bird</name>
    <bndbox>
      <xmin>579</xmin>
      <ymin>579</ymin>
      <xmax>1145</xmax>
      <ymax>927</ymax>
    </bndbox>
  </object>
  <object>
    <name>bird</name>
    <bndbox>
      <xmin>2041</xmin>
      <ymin>1175</ymin>
      <xmax>2694</xmax>
      <ymax>1557</ymax>
    </bndbox>
  </object>
  <object>
    <name>bird</name>
    <bndbox>
      <xmin>2252</xmin>
      <ymin>686</ymin>
      <xmax>2751</xmax>
      <ymax>902</ymax>
    </bndbox>
  </object>
  <object>
    <name>bird</name>
    <bndbox>
      <xmin>2146</xmin>
      <ymin>66</ymin>
      <xmax>2545</xmax>
      <ymax>408</ymax>
    </bndbox>
  </object>
  <object>
    <name>bird</name>
    <bndbox>
      <xmin>2423</xmin>
      <ymin>1092</ymin>
      <xmax>3056</xmax>
      <ymax>1417</ymax>
    </bndbox>
  </object>
  <object>
    <name>bird</name>
    <bndbox>
      <xmin>1066</xmin>
      <ymin>610</ymin>
      <xmax>1381</xmax>
      <ymax>1200</ymax>
    </bndbox>
  </object>
  <object>
    <name>bird</name>
    <bndbox>
      <xmin>959</xmin>
      <ymin>936</ymin>
      <xmax>1834</xmax>
      <ymax>1426</ymax>
    </bndbox>
  </object>
  <object>
    <name>bird</name>
    <bndbox>
      <xmin>420</xmin>
      <ymin>1039</ymin>
      <xmax>968</xmax>
      <ymax>1403</ymax>
    </bndbox>
  </object>
  <object>
    <name>bird</name>
    <bndbox>
      <xmin>1398</xmin>
      <ymin>665</ymin>
      <xmax>1767</xmax>
      <ymax>1104</ymax>
    </bndbox>
  </object>
  <object>
    <name>bird</name>
    <bndbox>
      <xmin>29</xmin>
      <ymin>0</ymin>
      <xmax>274</xmax>
      <ymax>178</ymax>
    </bndbox>
  </object>
  <object>
    <name>bird</name>
    <bndbox>
      <xmin>774</xmin>
      <ymin>0</ymin>
      <xmax>1215</xmax>
      <ymax>141</ymax>
    </bndbox>
  </object>
  <object>
    <name>bird</name>
    <bndbox>
      <xmin>21</xmin>
      <ymin>97</ymin>
      <xmax>140</xmax>
      <ymax>241</ymax>
    </bndbox>
  </object>
  <object>
    <name>bird</name>
    <bndbox>
      <xmin>1965</xmin>
      <ymin>837</ymin>
      <xmax>2760</xmax>
      <ymax>1105</ymax>
    </bndbox>
  </object>
  <object>
    <name>bird</name>
    <bndbox>
      <xmin>2576</xmin>
      <ymin>812</ymin>
      <xmax>3116</xmax>
      <ymax>982</ymax>
    </bndbox>
  </object>
</annotation>
