<?xml version='1.0' encoding='UTF-8'?>
<annotation>
  <folder>images</folder>
  <filename>frame_23.jpg</filename>
  <object>
    <name>bird</name>
    <bndbox>
      <xmin>488</xmin>
      <ymin>335</ymin>
      <xmax>830</xmax>
      <ymax>738</ymax>
    </bndbox>
  </object>
  <object>
    <name>bird</name>
    <bndbox>
      <xmin>2147</xmin>
      <ymin>390</ymin>
      <xmax>2747</xmax>
      <ymax>709</ymax>
    </bndbox>
  </object>
  <object>
    <name>bird</name>
    <bndbox>
      <xmin>426</xmin>
      <ymin>676</ymin>
      <xmax>980</xmax>
      <ymax>1035</ymax>
    </bndbox>
  </object>
  <object>
    <name>bird</name>
    <bndbox>
      <xmin>1096</xmin>
      <ymin>88</ymin>
      <xmax>1600</xmax>
      <ymax>384</ymax>
    </bndbox>
  </object>
  <object>
    <name>bird</name>
    <bndbox>
      <xmin>1501</xmin>
      <ymin>647</ymin>
      <xmax>2001</xmax>
      <ymax>955</ymax>
    </bndbox>
  </object>
  <object>
    <name>bird</name>
    <bndbox>
      <xmin>1153</xmin>
      <ymin>592</ymin>
      <xmax>1437</xmax>
      <ymax>1023</ymax>
    </bndbox>
  </object>
  <object>
    <name>bird</name>
    <bndbox>
      <xmin>987</xmin>
      <ymin>488</ymin>
      <xmax>1282</xmax>
      <ymax>948</ymax>
    </bndbox>
  </object>
  <object>
    <name>bird</name>
    <bndbox>
      <xmin>1364</xmin>
      <ymin>1211</ymin>
      <xmax>1837</xmax>
      <ymax>1507</ymax>
    </bndbox>
  </object>
  <object>
    <name>bird</name>
    <bndbox>
      <xmin>1592</xmin>
      <ymin>884</ymin>
      <xmax>2053</xmax>
      <ymax>1119</ymax>
    </bndbox>
  </object>
  <object>
    <name>bird</name>
    <bndbox>
      <xmin>2024</xmin>
      <ymin>755</ymin>
      <xmax>2440</xmax>
      <ymax>978</ymax>
    </bndbox>
  </object>
  <object>
    <name>bird</name>
    <bndbox>
      <xmin>1526</xmin>
      <ymin>0</ymin>
      <xmax>1922</xmax>
      <ymax>139</ymax>
    </bndbox>
  </object>
  <object>
    <name>bird</name>
    <bndbox>
      <xmin>1959</xmin>
      <ymin>1051</ymin>
      <xmax>2509</xmax>
      <ymax>1308</ymax>
    </bndbox>
  </object>
  <object>
    <name>bird</name>
    <bndbox>
      <xmin>939</xmin>
      <ymin>0</ymin>
      <xmax>1133</xmax>
      <ymax>113</ymax>
    </bndbox>
  </object>
</annotation>
