<?xml version='1.0' encoding='UTF-8'?>
<annotation>
  <folder>images</folder>
  <filename>frame_18.jpg</filename>
  <object>
    <name>bird</name>
    <bndbox>
      <xmin>559</xmin>
      <ymin>305</ymin>
      <xmax>988</xmax>
      <ymax>738</ymax>
    </bndbox>
  </object>
  <object>
    <name>bird</name>
    <bndbox>
      <xmin>2228</xmin>
      <ymin>401</ymin>
      <xmax>2730</xmax>
      <ymax>669</ymax>
    </bndbox>
  </object>
  <object>
    <name>bird</name>
    <bndbox>
      <xmin>501</xmin>
      <ymin>662</ymin>
      <xmax>1069</xmax>
      <ymax>1030</ymax>
    </bndbox>
  </object>
  <object>
    <name>bird</name>
    <bndbox>
      <xmin>1253</xmin>
      <ymin>80</ymin>
      <xmax>1707</xmax>
      <ymax>367</ymax>
    </bndbox>
  </object>
  <object>
    <name>bird</name>
    <bndbox>
      <xmin>1584</xmin>
      <ymin>627</ymin>
      <xmax>2041</xmax>
      <ymax>988</ymax>
    </bndbox>
  </object>
  <object>
    <name>bird</name>
    <bndbox>
      <xmin>1237</xmin>
      <ymin>575</ymin>
      <xmax>1522</xmax>
      <ymax>1020</ymax>
    </bndbox>
  </object>
  <object>
    <name>bird</name>
    <bndbox>
      <xmin>1074</xmin>
      <ymin>484</ymin>
      <xmax>1354</xmax>
      <ymax>933</ymax>
    </bndbox>
  </object>
  <object>
    <name>bird</name>
    <bndbox>
      <xmin>1564</xmin>
      <ymin>1189</ymin>
      <xmax>1957</xmax>
      <ymax>1491</ymax>
    </bndbox>
  </object>
  <object>
    <name>bird</name>
    <bndbox>
      <xmin>1674</xmin>
      <ymin>867</ymin>
      <xmax>2153</xmax>
      <ymax>1105</ymax>
    </bndbox>
  </object>
  <object>
    <name>bird</name>
    <bndbox>
      <xmin>2092</xmin>
      <ymin>710</ymin>
      <xmax>2488</xmax>
      <ymax>970</ymax>
    </bndbox>
  </object>
  <object>
    <name>bird</name>
    <bndbox>
      <xmin>1038</xmin>
      <ymin>0</ymin>
      <xmax>1228</xmax>
      <ymax>108</ymax>
    </bndbox>
  </object>
  <object>
    <name>bird</name>
    <bndbox>
      <xmin>1528</xmin>
      <ymin>0</ymin>
      <xmax>1836</xmax>
      <ymax>109</ymax>
    </bndbox>
  </object>
  <object>
    <name>bird</name>
    <bndbox>
      <xmin>916</xmin>
      <ymin>935</ymin>
      <xmax>1571</xmax>
      <ymax>1281</ymax>
    </bndbox>
  </object>
  <object>
    <name>bird</name>
    <bndbox>
      <xmin>1745</xmin>
      <ymin>1093</ymin>
      <xmax>2008</xmax>
      <ymax>1318</ymax>
    </bndbox>
  </object>
</annotation>
