<?xml version='1.0' encoding='UTF-8'?>
<annotation>
  <folder>images</folder>
  <filename>frame_346.jpg</filename>
  <object>
    <name>bird</name>
    <bndbox>
      <xmin>1439</xmin>
      <ymin>1731</ymin>
      <xmax>2060</xmax>
      <ymax>1996</ymax>
    </bndbox>
  </object>
  <object>
    <name>bird</name>
    <bndbox>
      <xmin>290</xmin>
      <ymin>1193</ymin>
      <xmax>891</xmax>
      <ymax>1502</ymax>
    </bndbox>
  </object>
  <object>
    <name>bird</name>
    <bndbox>
      <xmin>595</xmin>
      <ymin>1800</ymin>
      <xmax>944</xmax>
      <ymax>2157</ymax>
    </bndbox>
  </object>
  <object>
    <name>bird</name>
    <bndbox>
      <xmin>2808</xmin>
      <ymin>1171</ymin>
      <xmax>3072</xmax>
      <ymax>1458</ymax>
    </bndbox>
  </object>
  <object>
    <name>bird</name>
    <bndbox>
      <xmin>1100</xmin>
      <ymin>1197</ymin>
      <xmax>1384</xmax>
      <ymax>1419</ymax>
    </bndbox>
  </object>
  <object>
    <name>bird</name>
    <bndbox>
      <xmin>1436</xmin>
      <ymin>1093</ymin>
      <xmax>1749</xmax>
      <ymax>1305</ymax>
    </bndbox>
  </object>
  <object>
    <name>bird</name>
    <bndbox>
      <xmin>879</xmin>
      <ymin>987</ymin>
      <xmax>1249</xmax>
      <ymax>1166</ymax>
    </bndbox>
  </object>
  <object>
    <name>bird</name>
    <bndbox>
      <xmin>336</xmin>
      <ymin>1571</ymin>
      <xmax>655</xmax>
      <ymax>1956</ymax>
    </bndbox>
  </object>
  <object>
    <name>bird</name>
    <bndbox>
      <xmin>1735</xmin>
      <ymin>1120</ymin>
      <xmax>1963</xmax>
      <ymax>1359</ymax>
    </bndbox>
  </object>
  <object>
    <name>bird</name>
    <bndbox>
      <xmin>1999</xmin>
      <ymin>1053</ymin>
      <xmax>2295</xmax>
      <ymax>1257</ymax>
    </bndbox>
  </object>
  <object>
    <name>bird</name>
    <bndbox>
      <xmin>1897</xmin>
      <ymin>850</ymin>
      <xmax>2220</xmax>
      <ymax>1012</ymax>
    </bndbox>
  </object>
  <object>
    <name>bird</name>
    <bndbox>
      <xmin>1132</xmin>
      <ymin>694</ymin>
      <xmax>1518</xmax>
      <ymax>919</ymax>
    </bndbox>
  </object>
</annotation>
