<?xml version='1.0' encoding='UTF-8'?>
<annotation>
  <folder>images</folder>
  <filename>frame_148.jpg</filename>
  <object>
    <name>bird</name>
    <bndbox>
      <xmin>1136</xmin>
      <ymin>1265</ymin>
      <xmax>1811</xmax>
      <ymax>1564</ymax>
    </bndbox>
  </object>
  <object>
    <name>bird</name>
    <bndbox>
      <xmin>1444</xmin>
      <ymin>971</ymin>
      <xmax>1686</xmax>
      <ymax>1367</ymax>
    </bndbox>
  </object>
  <object>
    <name>bird</name>
    <bndbox>
      <xmin>58</xmin>
      <ymin>1366</ymin>
      <xmax>555</xmax>
      <ymax>1665</ymax>
    </bndbox>
  </object>
  <object>
    <name>bird</name>
    <bndbox>
      <xmin>1677</xmin>
      <ymin>872</ymin>
      <xmax>1917</xmax>
      <ymax>1255</ymax>
    </bndbox>
  </object>
  <object>
    <name>bird</name>
    <bndbox>
      <xmin>812</xmin>
      <ymin>1157</ymin>
      <xmax>1233</xmax>
      <ymax>1408</ymax>
    </bndbox>
  </object>
  <object>
    <name>bird</name>
    <bndbox>
      <xmin>1759</xmin>
      <ymin>752</ymin>
      <xmax>1976</xmax>
      <ymax>1104</ymax>
    </bndbox>
  </object>
  <object>
    <name>bird</name>
    <bndbox>
      <xmin>1986</xmin>
      <ymin>770</ymin>
      <xmax>2255</xmax>
      <ymax>1084</ymax>
    </bndbox>
  </object>
  <object>
    <name>bird</name>
    <bndbox>
      <xmin>1713</xmin>
      <ymin>1148</ymin>
      <xmax>2216</xmax>
      <ymax>1434</ymax>
    </bndbox>
  </object>
  <object>
    <name>bird</name>
    <bndbox>
      <xmin>1180</xmin>
      <ymin>957</ymin>
      <xmax>1621</xmax>
      <ymax>1166</ymax>
    </bndbox>
  </object>
  <object>
    <name>bird</name>
    <bndbox>
      <xmin>917</xmin>
      <ymin>768</ymin>
      <xmax>1482</xmax>
      <ymax>1119</ymax>
    </bndbox>
  </object>
</annotation>
