<?xml version='1.0' encoding='UTF-8'?>
<annotation>
  <folder>images</folder>
  <filename>frame_269.jpg</filename>
  <object>
    <name>bird</name>
    <bndbox>
      <xmin>2127</xmin>
      <ymin>1367</ymin>
      <xmax>2866</xmax>
      <ymax>1767</ymax>
    </bndbox>
  </object>
  <object>
    <name>bird</name>
    <bndbox>
      <xmin>2476</xmin>
      <ymin>1155</ymin>
      <xmax>2871</xmax>
      <ymax>1385</ymax>
    </bndbox>
  </object>
  <object>
    <name>bird</name>
    <bndbox>
      <xmin>637</xmin>
      <ymin>1102</ymin>
      <xmax>1175</xmax>
      <ymax>1350</ymax>
    </bndbox>
  </object>
  <object>
    <name>bird</name>
    <bndbox>
      <xmin>1900</xmin>
      <ymin>1058</ymin>
      <xmax>2173</xmax>
      <ymax>1346</ymax>
    </bndbox>
  </object>
  <object>
    <name>bird</name>
    <bndbox>
      <xmin>1909</xmin>
      <ymin>804</ymin>
      <xmax>2439</xmax>
      <ymax>1076</ymax>
    </bndbox>
  </object>
  <object>
    <name>bird</name>
    <bndbox>
      <xmin>1756</xmin>
      <ymin>747</ymin>
      <xmax>1937</xmax>
      <ymax>1039</ymax>
    </bndbox>
  </object>
  <object>
    <name>bird</name>
    <bndbox>
      <xmin>1675</xmin>
      <ymin>1088</ymin>
      <xmax>1953</xmax>
      <ymax>1333</ymax>
    </bndbox>
  </object>
  <object>
    <name>bird</name>
    <bndbox>
      <xmin>2516</xmin>
      <ymin>755</ymin>
      <xmax>2755</xmax>
      <ymax>1054</ymax>
    </bndbox>
  </object>
</annotation>
