<?xml version='1.0' encoding='UTF-8'?>
<annotation>
  <folder>images</folder>
  <filename>frame_354.jpg</filename>
  <object>
    <name>bird</name>
    <bndbox>
      <xmin>1488</xmin>
      <ymin>1659</ymin>
      <xmax>2202</xmax>
      <ymax>2004</ymax>
    </bndbox>
  </object>
  <object>
    <name>bird</name>
    <bndbox>
      <xmin>305</xmin>
      <ymin>1021</ymin>
      <xmax>659</xmax>
      <ymax>1299</ymax>
    </bndbox>
  </object>
  <object>
    <name>bird</name>
    <bndbox>
      <xmin>600</xmin>
      <ymin>1828</ymin>
      <xmax>994</xmax>
      <ymax>2158</ymax>
    </bndbox>
  </object>
  <object>
    <name>bird</name>
    <bndbox>
      <xmin>2939</xmin>
      <ymin>1295</ymin>
      <xmax>3203</xmax>
      <ymax>1579</ymax>
    </bndbox>
  </object>
  <object>
    <name>bird</name>
    <bndbox>
      <xmin>1075</xmin>
      <ymin>1182</ymin>
      <xmax>1447</xmax>
      <ymax>1418</ymax>
    </bndbox>
  </object>
  <object>
    <name>bird</name>
    <bndbox>
      <xmin>697</xmin>
      <ymin>1630</ymin>
      <xmax>1050</xmax>
      <ymax>1900</ymax>
    </bndbox>
  </object>
  <object>
    <name>bird</name>
    <bndbox>
      <xmin>895</xmin>
      <ymin>973</ymin>
      <xmax>1328</xmax>
      <ymax>1176</ymax>
    </bndbox>
  </object>
  <object>
    <name>bird</name>
    <bndbox>
      <xmin>1900</xmin>
      <ymin>862</ymin>
      <xmax>2228</xmax>
      <ymax>1007</ymax>
    </bndbox>
  </object>
  <object>
    <name>bird</name>
    <bndbox>
      <xmin>1299</xmin>
      <ymin>2008</ymin>
      <xmax>1837</xmax>
      <ymax>2160</ymax>
    </bndbox>
  </object>
  <object>
    <name>bird</name>
    <bndbox>
      <xmin>1596</xmin>
      <ymin>799</ymin>
      <xmax>1978</xmax>
      <ymax>988</ymax>
    </bndbox>
  </object>
  <object>
    <name>bird</name>
    <bndbox>
      <xmin>2043</xmin>
      <ymin>1047</ymin>
      <xmax>2328</xmax>
      <ymax>1253</ymax>
    </bndbox>
  </object>
</annotation>
