<?xml version='1.0' encoding='UTF-8'?>
<annotation>
  <folder>images</folder>
  <filename>frame_158.jpg</filename>
  <object>
    <name>bird</name>
    <bndbox>
      <xmin>1046</xmin>
      <ymin>1305</ymin>
      <xmax>1666</xmax>
      <ymax>1579</ymax>
    </bndbox>
  </object>
  <object>
    <name>bird</name>
    <bndbox>
      <xmin>0</xmin>
      <ymin>1339</ymin>
      <xmax>610</xmax>
      <ymax>1675</ymax>
    </bndbox>
  </object>
  <object>
    <name>bird</name>
    <bndbox>
      <xmin>1609</xmin>
      <ymin>927</ymin>
      <xmax>1831</xmax>
      <ymax>1215</ymax>
    </bndbox>
  </object>
  <object>
    <name>bird</name>
    <bndbox>
      <xmin>773</xmin>
      <ymin>1174</ymin>
      <xmax>1213</xmax>
      <ymax>1419</ymax>
    </bndbox>
  </object>
  <object>
    <name>bird</name>
    <bndbox>
      <xmin>1702</xmin>
      <ymin>775</ymin>
      <xmax>1924</xmax>
      <ymax>1139</ymax>
    </bndbox>
  </object>
  <object>
    <name>bird</name>
    <bndbox>
      <xmin>1603</xmin>
      <ymin>1165</ymin>
      <xmax>2031</xmax>
      <ymax>1408</ymax>
    </bndbox>
  </object>
  <object>
    <name>bird</name>
    <bndbox>
      <xmin>2020</xmin>
      <ymin>1227</ymin>
      <xmax>2346</xmax>
      <ymax>1446</ymax>
    </bndbox>
  </object>
  <object>
    <name>bird</name>
    <bndbox>
      <xmin>1934</xmin>
      <ymin>788</ymin>
      <xmax>2208</xmax>
      <ymax>1105</ymax>
    </bndbox>
  </object>
  <object>
    <name>bird</name>
    <bndbox>
      <xmin>991</xmin>
      <ymin>828</ymin>
      <xmax>1373</xmax>
      <ymax>1033</ymax>
    </bndbox>
  </object>
  <object>
    <name>bird</name>
    <bndbox>
      <xmin>1932</xmin>
      <ymin>1431</ymin>
      <xmax>2262</xmax>
      <ymax>1686</ymax>
    </bndbox>
  </object>
  <object>
    <name>bird</name>
    <bndbox>
      <xmin>2419</xmin>
      <ymin>1112</ymin>
      <xmax>2600</xmax>
      <ymax>1352</ymax>
    </bndbox>
  </object>
</annotation>
