<?xml version='1.0' encoding='UTF-8'?>
<annotation>
  <folder>images</folder>
  <filename>frame_60.jpg</filename>
  <object>
    <name>bird</name>
    <bndbox>
      <xmin>690</xmin>
      <ymin>634</ymin>
      <xmax>1233</xmax>
      <ymax>940</ymax>
    </bndbox>
  </object>
  <object>
    <name>bird</name>
    <bndbox>
      <xmin>2227</xmin>
      <ymin>1219</ymin>
      <xmax>2859</xmax>
      <ymax>1564</ymax>
    </bndbox>
  </object>
  <object>
    <name>bird</name>
    <bndbox>
      <xmin>2235</xmin>
      <ymin>678</ymin>
      <xmax>2843</xmax>
      <ymax>926</ymax>
    </bndbox>
  </object>
  <object>
    <name>bird</name>
    <bndbox>
      <xmin>1954</xmin>
      <ymin>91</ymin>
      <xmax>2378</xmax>
      <ymax>387</ymax>
    </bndbox>
  </object>
  <object>
    <name>bird</name>
    <bndbox>
      <xmin>1197</xmin>
      <ymin>671</ymin>
      <xmax>1489</xmax>
      <ymax>1201</ymax>
    </bndbox>
  </object>
  <object>
    <name>bird</name>
    <bndbox>
      <xmin>1335</xmin>
      <ymin>1151</ymin>
      <xmax>1853</xmax>
      <ymax>1456</ymax>
    </bndbox>
  </object>
  <object>
    <name>bird</name>
    <bndbox>
      <xmin>362</xmin>
      <ymin>945</ymin>
      <xmax>1221</xmax>
      <ymax>1552</ymax>
    </bndbox>
  </object>
  <object>
    <name>bird</name>
    <bndbox>
      <xmin>1484</xmin>
      <ymin>617</ymin>
      <xmax>1900</xmax>
      <ymax>1179</ymax>
    </bndbox>
  </object>
  <object>
    <name>bird</name>
    <bndbox>
      <xmin>522</xmin>
      <ymin>0</ymin>
      <xmax>1059</xmax>
      <ymax>186</ymax>
    </bndbox>
  </object>
  <object>
    <name>bird</name>
    <bndbox>
      <xmin>1827</xmin>
      <ymin>563</ymin>
      <xmax>2283</xmax>
      <ymax>1111</ymax>
    </bndbox>
  </object>
  <object>
    <name>bird</name>
    <bndbox>
      <xmin>1997</xmin>
      <ymin>1083</ymin>
      <xmax>2314</xmax>
      <ymax>1386</ymax>
    </bndbox>
  </object>
  <object>
    <name>bird</name>
    <bndbox>
      <xmin>2226</xmin>
      <ymin>850</ymin>
      <xmax>2779</xmax>
      <ymax>1039</ymax>
    </bndbox>
  </object>
  <object>
    <name>bird</name>
    <bndbox>
      <xmin>2628</xmin>
      <ymin>1102</ymin>
      <xmax>3292</xmax>
      <ymax>1417</ymax>
    </bndbox>
  </object>
</annotation>
