<?xml version='1.0' encoding='UTF-8'?>
<annotation>
  <folder>images</folder>
  <filename>frame_283.jpg</filename>
  <object>
    <name>bird</name>
    <bndbox>
      <xmin>2960</xmin>
      <ymin>1069</ymin>
      <xmax>3423</xmax>
      <ymax>1440</ymax>
    </bndbox>
  </object>
  <object>
    <name>bird</name>
    <bndbox>
      <xmin>434</xmin>
      <ymin>1608</ymin>
      <xmax>978</xmax>
      <ymax>2044</ymax>
    </bndbox>
  </object>
  <object>
    <name>bird</name>
    <bndbox>
      <xmin>1040</xmin>
      <ymin>1045</ymin>
      <xmax>1433</xmax>
      <ymax>1288</ymax>
    </bndbox>
  </object>
  <object>
    <name>bird</name>
    <bndbox>
      <xmin>2213</xmin>
      <ymin>1458</ymin>
      <xmax>2598</xmax>
      <ymax>1948</ymax>
    </bndbox>
  </object>
  <object>
    <name>bird</name>
    <bndbox>
      <xmin>2148</xmin>
      <ymin>766</ymin>
      <xmax>2497</xmax>
      <ymax>1180</ymax>
    </bndbox>
  </object>
  <object>
    <name>bird</name>
    <bndbox>
      <xmin>0</xmin>
      <ymin>1808</ymin>
      <xmax>288</xmax>
      <ymax>2106</ymax>
    </bndbox>
  </object>
  <object>
    <name>bird</name>
    <bndbox>
      <xmin>2264</xmin>
      <ymin>710</ymin>
      <xmax>2519</xmax>
      <ymax>871</ymax>
    </bndbox>
  </object>
  <object>
    <name>bird</name>
    <bndbox>
      <xmin>1504</xmin>
      <ymin>992</ymin>
      <xmax>1731</xmax>
      <ymax>1198</ymax>
    </bndbox>
  </object>
  <object>
    <name>bird</name>
    <bndbox>
      <xmin>1179</xmin>
      <ymin>903</ymin>
      <xmax>1614</xmax>
      <ymax>1102</ymax>
    </bndbox>
  </object>
</annotation>
