<?xml version='1.0' encoding='UTF-8'?>
<annotation>
  <folder>images</folder>
  <filename>frame_90.jpg</filename>
  <object>
    <name>bird</name>
    <bndbox>
      <xmin>2789</xmin>
      <ymin>983</ymin>
      <xmax>3224</xmax>
      <ymax>1309</ymax>
    </bndbox>
  </object>
  <object>
    <name>bird</name>
    <bndbox>
      <xmin>335</xmin>
      <ymin>368</ymin>
      <xmax>760</xmax>
      <ymax>695</ymax>
    </bndbox>
  </object>
  <object>
    <name>bird</name>
    <bndbox>
      <xmin>1986</xmin>
      <ymin>931</ymin>
      <xmax>2356</xmax>
      <ymax>1236</ymax>
    </bndbox>
  </object>
  <object>
    <name>bird</name>
    <bndbox>
      <xmin>1333</xmin>
      <ymin>1060</ymin>
      <xmax>1904</xmax>
      <ymax>1350</ymax>
    </bndbox>
  </object>
  <object>
    <name>bird</name>
    <bndbox>
      <xmin>2348</xmin>
      <ymin>358</ymin>
      <xmax>2925</xmax>
      <ymax>749</ymax>
    </bndbox>
  </object>
  <object>
    <name>bird</name>
    <bndbox>
      <xmin>2638</xmin>
      <ymin>751</ymin>
      <xmax>3374</xmax>
      <ymax>1014</ymax>
    </bndbox>
  </object>
  <object>
    <name>bird</name>
    <bndbox>
      <xmin>755</xmin>
      <ymin>691</ymin>
      <xmax>1500</xmax>
      <ymax>1014</ymax>
    </bndbox>
  </object>
  <object>
    <name>bird</name>
    <bndbox>
      <xmin>1347</xmin>
      <ymin>845</ymin>
      <xmax>1794</xmax>
      <ymax>1121</ymax>
    </bndbox>
  </object>
  <object>
    <name>bird</name>
    <bndbox>
      <xmin>1406</xmin>
      <ymin>628</ymin>
      <xmax>1774</xmax>
      <ymax>909</ymax>
    </bndbox>
  </object>
  <object>
    <name>bird</name>
    <bndbox>
      <xmin>1928</xmin>
      <ymin>550</ymin>
      <xmax>2178</xmax>
      <ymax>978</ymax>
    </bndbox>
  </object>
</annotation>
