<?xml version='1.0' encoding='UTF-8'?>
<annotation>
  <folder>images</folder>
  <filename>frame_252.jpg</filename>
  <object>
    <name>bird</name>
    <bndbox>
      <xmin>2497</xmin>
      <ymin>898</ymin>
      <xmax>2916</xmax>
      <ymax>1220</ymax>
    </bndbox>
  </object>
  <object>
    <name>bird</name>
    <bndbox>
      <xmin>2264</xmin>
      <ymin>1561</ymin>
      <xmax>2781</xmax>
      <ymax>1841</ymax>
    </bndbox>
  </object>
  <object>
    <name>bird</name>
    <bndbox>
      <xmin>2506</xmin>
      <ymin>1223</ymin>
      <xmax>2878</xmax>
      <ymax>1491</ymax>
    </bndbox>
  </object>
  <object>
    <name>bird</name>
    <bndbox>
      <xmin>820</xmin>
      <ymin>1121</ymin>
      <xmax>1302</xmax>
      <ymax>1354</ymax>
    </bndbox>
  </object>
  <object>
    <name>bird</name>
    <bndbox>
      <xmin>1923</xmin>
      <ymin>790</ymin>
      <xmax>2123</xmax>
      <ymax>1072</ymax>
    </bndbox>
  </object>
  <object>
    <name>bird</name>
    <bndbox>
      <xmin>1900</xmin>
      <ymin>1071</ymin>
      <xmax>2371</xmax>
      <ymax>1391</ymax>
    </bndbox>
  </object>
  <object>
    <name>bird</name>
    <bndbox>
      <xmin>2192</xmin>
      <ymin>879</ymin>
      <xmax>2609</xmax>
      <ymax>1066</ymax>
    </bndbox>
  </object>
  <object>
    <name>bird</name>
    <bndbox>
      <xmin>1813</xmin>
      <ymin>1162</ymin>
      <xmax>2113</xmax>
      <ymax>1371</ymax>
    </bndbox>
  </object>
  <object>
    <name>bird</name>
    <bndbox>
      <xmin>1269</xmin>
      <ymin>1081</ymin>
      <xmax>1825</xmax>
      <ymax>1341</ymax>
    </bndbox>
  </object>
</annotation>
