<?xml version='1.0' encoding='UTF-8'?>
<annotation>
  <folder>images</folder>
  <filename>frame_246.jpg</filename>
  <object>
    <name>bird</name>
    <bndbox>
      <xmin>2561</xmin>
      <ymin>992</ymin>
      <xmax>3099</xmax>
      <ymax>1323</ymax>
    </bndbox>
  </object>
  <object>
    <name>bird</name>
    <bndbox>
      <xmin>2238</xmin>
      <ymin>1519</ymin>
      <xmax>2698</xmax>
      <ymax>1822</ymax>
    </bndbox>
  </object>
  <object>
    <name>bird</name>
    <bndbox>
      <xmin>2366</xmin>
      <ymin>1112</ymin>
      <xmax>2726</xmax>
      <ymax>1439</ymax>
    </bndbox>
  </object>
  <object>
    <name>bird</name>
    <bndbox>
      <xmin>1764</xmin>
      <ymin>1172</ymin>
      <xmax>2120</xmax>
      <ymax>1381</ymax>
    </bndbox>
  </object>
  <object>
    <name>bird</name>
    <bndbox>
      <xmin>1324</xmin>
      <ymin>919</ymin>
      <xmax>1673</xmax>
      <ymax>1130</ymax>
    </bndbox>
  </object>
  <object>
    <name>bird</name>
    <bndbox>
      <xmin>782</xmin>
      <ymin>1048</ymin>
      <xmax>1387</xmax>
      <ymax>1363</ymax>
    </bndbox>
  </object>
  <object>
    <name>bird</name>
    <bndbox>
      <xmin>1922</xmin>
      <ymin>793</ymin>
      <xmax>2114</xmax>
      <ymax>1052</ymax>
    </bndbox>
  </object>
  <object>
    <name>bird</name>
    <bndbox>
      <xmin>1308</xmin>
      <ymin>1113</ymin>
      <xmax>1788</xmax>
      <ymax>1332</ymax>
    </bndbox>
  </object>
  <object>
    <name>bird</name>
    <bndbox>
      <xmin>1623</xmin>
      <ymin>999</ymin>
      <xmax>1999</xmax>
      <ymax>1215</ymax>
    </bndbox>
  </object>
  <object>
    <name>bird</name>
    <bndbox>
      <xmin>1745</xmin>
      <ymin>962</ymin>
      <xmax>2626</xmax>
      <ymax>1372</ymax>
    </bndbox>
  </object>
  <object>
    <name>bird</name>
    <bndbox>
      <xmin>2175</xmin>
      <ymin>869</ymin>
      <xmax>2564</xmax>
      <ymax>1063</ymax>
    </bndbox>
  </object>
</annotation>
