<?xml version='1.0' encoding='UTF-8'?>
<annotation>
  <folder>images</folder>
  <filename>frame_271.jpg</filename>
  <object>
    <name>bird</name>
    <bndbox>
      <xmin>2367</xmin>
      <ymin>1355</ymin>
      <xmax>3062</xmax>
      <ymax>1741</ymax>
    </bndbox>
  </object>
  <object>
    <name>bird</name>
    <bndbox>
      <xmin>2545</xmin>
      <ymin>1121</ymin>
      <xmax>2968</xmax>
      <ymax>1362</ymax>
    </bndbox>
  </object>
  <object>
    <name>bird</name>
    <bndbox>
      <xmin>2043</xmin>
      <ymin>1034</ymin>
      <xmax>2295</xmax>
      <ymax>1312</ymax>
    </bndbox>
  </object>
  <object>
    <name>bird</name>
    <bndbox>
      <xmin>2052</xmin>
      <ymin>776</ymin>
      <xmax>2469</xmax>
      <ymax>998</ymax>
    </bndbox>
  </object>
  <object>
    <name>bird</name>
    <bndbox>
      <xmin>2663</xmin>
      <ymin>766</ymin>
      <xmax>2883</xmax>
      <ymax>1019</ymax>
    </bndbox>
  </object>
  <object>
    <name>bird</name>
    <bndbox>
      <xmin>1085</xmin>
      <ymin>948</ymin>
      <xmax>1528</xmax>
      <ymax>1138</ymax>
    </bndbox>
  </object>
  <object>
    <name>bird</name>
    <bndbox>
      <xmin>877</xmin>
      <ymin>1056</ymin>
      <xmax>1331</xmax>
      <ymax>1318</ymax>
    </bndbox>
  </object>
  <object>
    <name>bird</name>
    <bndbox>
      <xmin>1364</xmin>
      <ymin>1078</ymin>
      <xmax>1681</xmax>
      <ymax>1291</ymax>
    </bndbox>
  </object>
  <object>
    <name>bird</name>
    <bndbox>
      <xmin>1670</xmin>
      <ymin>1010</ymin>
      <xmax>1949</xmax>
      <ymax>1250</ymax>
    </bndbox>
  </object>
</annotation>
