<?xml version='1.0' encoding='UTF-8'?>
<annotation>
  <folder>images</folder>
  <filename>frame_157.jpg</filename>
  <object>
    <name>bird</name>
    <bndbox>
      <xmin>1061</xmin>
      <ymin>1298</ymin>
      <xmax>1688</xmax>
      <ymax>1575</ymax>
    </bndbox>
  </object>
  <object>
    <name>bird</name>
    <bndbox>
      <xmin>1330</xmin>
      <ymin>991</ymin>
      <xmax>1622</xmax>
      <ymax>1398</ymax>
    </bndbox>
  </object>
  <object>
    <name>bird</name>
    <bndbox>
      <xmin>22</xmin>
      <ymin>1359</ymin>
      <xmax>605</xmax>
      <ymax>1670</ymax>
    </bndbox>
  </object>
  <object>
    <name>bird</name>
    <bndbox>
      <xmin>1615</xmin>
      <ymin>897</ymin>
      <xmax>1853</xmax>
      <ymax>1211</ymax>
    </bndbox>
  </object>
  <object>
    <name>bird</name>
    <bndbox>
      <xmin>792</xmin>
      <ymin>1169</ymin>
      <xmax>1218</xmax>
      <ymax>1409</ymax>
    </bndbox>
  </object>
  <object>
    <name>bird</name>
    <bndbox>
      <xmin>1716</xmin>
      <ymin>773</ymin>
      <xmax>1941</xmax>
      <ymax>1143</ymax>
    </bndbox>
  </object>
  <object>
    <name>bird</name>
    <bndbox>
      <xmin>1625</xmin>
      <ymin>1163</ymin>
      <xmax>2051</xmax>
      <ymax>1406</ymax>
    </bndbox>
  </object>
  <object>
    <name>bird</name>
    <bndbox>
      <xmin>2042</xmin>
      <ymin>1225</ymin>
      <xmax>2372</xmax>
      <ymax>1449</ymax>
    </bndbox>
  </object>
  <object>
    <name>bird</name>
    <bndbox>
      <xmin>1945</xmin>
      <ymin>785</ymin>
      <xmax>2215</xmax>
      <ymax>1098</ymax>
    </bndbox>
  </object>
  <object>
    <name>bird</name>
    <bndbox>
      <xmin>974</xmin>
      <ymin>800</ymin>
      <xmax>1467</xmax>
      <ymax>1085</ymax>
    </bndbox>
  </object>
  <object>
    <name>bird</name>
    <bndbox>
      <xmin>1955</xmin>
      <ymin>1430</ymin>
      <xmax>2281</xmax>
      <ymax>1685</ymax>
    </bndbox>
  </object>
  <object>
    <name>bird</name>
    <bndbox>
      <xmin>2005</xmin>
      <ymin>988</ymin>
      <xmax>2375</xmax>
      <ymax>1121</ymax>
    </bndbox>
  </object>
  <object>
    <name>bird</name>
    <bndbox>
      <xmin>2328</xmin>
      <ymin>1110</ymin>
      <xmax>2729</xmax>
      <ymax>1580</ymax>
    </bndbox>
  </object>
  <object>
    <name>bird</name>
    <bndbox>
      <xmin>1900</xmin>
      <ymin>1080</ymin>
      <xmax>2319</xmax>
      <ymax>1257</ymax>
    </bndbox>
  </object>
  <object>
    <name>bird</name>
    <bndbox>
      <xmin>1115</xmin>
      <ymin>971</ymin>
      <xmax>1615</xmax>
      <ymax>1194</ymax>
    </bndbox>
  </object>
</annotation>
