<?xml version='1.0' encoding='UTF-8'?>
<annotation>
  <folder>images</folder>
  <filename>frame_274.jpg</filename>
  <object>
    <name>bird</name>
    <bndbox>
      <xmin>2476</xmin>
      <ymin>1258</ymin>
      <xmax>3224</xmax>
      <ymax>1708</ymax>
    </bndbox>
  </object>
  <object>
    <name>bird</name>
    <bndbox>
      <xmin>2553</xmin>
      <ymin>1069</ymin>
      <xmax>2989</xmax>
      <ymax>1314</ymax>
    </bndbox>
  </object>
  <object>
    <name>bird</name>
    <bndbox>
      <xmin>2019</xmin>
      <ymin>744</ymin>
      <xmax>2422</xmax>
      <ymax>977</ymax>
    </bndbox>
  </object>
  <object>
    <name>bird</name>
    <bndbox>
      <xmin>2555</xmin>
      <ymin>756</ymin>
      <xmax>2796</xmax>
      <ymax>984</ymax>
    </bndbox>
  </object>
  <object>
    <name>bird</name>
    <bndbox>
      <xmin>1784</xmin>
      <ymin>988</ymin>
      <xmax>2099</xmax>
      <ymax>1252</ymax>
    </bndbox>
  </object>
  <object>
    <name>bird</name>
    <bndbox>
      <xmin>0</xmin>
      <ymin>1775</ymin>
      <xmax>491</xmax>
      <ymax>2141</ymax>
    </bndbox>
  </object>
  <object>
    <name>bird</name>
    <bndbox>
      <xmin>841</xmin>
      <ymin>989</ymin>
      <xmax>1307</xmax>
      <ymax>1327</ymax>
    </bndbox>
  </object>
  <object>
    <name>bird</name>
    <bndbox>
      <xmin>1659</xmin>
      <ymin>963</ymin>
      <xmax>1937</xmax>
      <ymax>1191</ymax>
    </bndbox>
  </object>
</annotation>
