<?xml version='1.0' encoding='UTF-8'?>
<annotation>
  <folder>images</folder>
  <filename>frame_294.jpg</filename>
  <object>
    <name>bird</name>
    <bndbox>
      <xmin>3017</xmin>
      <ymin>1009</ymin>
      <xmax>3408</xmax>
      <ymax>1350</ymax>
    </bndbox>
  </object>
  <object>
    <name>bird</name>
    <bndbox>
      <xmin>962</xmin>
      <ymin>1561</ymin>
      <xmax>1422</xmax>
      <ymax>1917</ymax>
    </bndbox>
  </object>
  <object>
    <name>bird</name>
    <bndbox>
      <xmin>1133</xmin>
      <ymin>1053</ymin>
      <xmax>1491</xmax>
      <ymax>1267</ymax>
    </bndbox>
  </object>
  <object>
    <name>bird</name>
    <bndbox>
      <xmin>1834</xmin>
      <ymin>1214</ymin>
      <xmax>2223</xmax>
      <ymax>1562</ymax>
    </bndbox>
  </object>
  <object>
    <name>bird</name>
    <bndbox>
      <xmin>473</xmin>
      <ymin>1805</ymin>
      <xmax>808</xmax>
      <ymax>2084</ymax>
    </bndbox>
  </object>
  <object>
    <name>bird</name>
    <bndbox>
      <xmin>1976</xmin>
      <ymin>890</ymin>
      <xmax>2184</xmax>
      <ymax>1130</ymax>
    </bndbox>
  </object>
  <object>
    <name>bird</name>
    <bndbox>
      <xmin>2472</xmin>
      <ymin>789</ymin>
      <xmax>2866</xmax>
      <ymax>1017</ymax>
    </bndbox>
  </object>
  <object>
    <name>bird</name>
    <bndbox>
      <xmin>79</xmin>
      <ymin>1828</ymin>
      <xmax>546</xmax>
      <ymax>2157</ymax>
    </bndbox>
  </object>
  <object>
    <name>bird</name>
    <bndbox>
      <xmin>2101</xmin>
      <ymin>665</ymin>
      <xmax>2481</xmax>
      <ymax>876</ymax>
    </bndbox>
  </object>
  <object>
    <name>bird</name>
    <bndbox>
      <xmin>1860</xmin>
      <ymin>665</ymin>
      <xmax>2060</xmax>
      <ymax>855</ymax>
    </bndbox>
  </object>
  <object>
    <name>bird</name>
    <bndbox>
      <xmin>1199</xmin>
      <ymin>894</ymin>
      <xmax>1627</xmax>
      <ymax>1091</ymax>
    </bndbox>
  </object>
  <object>
    <name>bird</name>
    <bndbox>
      <xmin>0</xmin>
      <ymin>1645</ymin>
      <xmax>164</xmax>
      <ymax>1899</ymax>
    </bndbox>
  </object>
  <object>
    <name>bird</name>
    <bndbox>
      <xmin>2291</xmin>
      <ymin>878</ymin>
      <xmax>2634</xmax>
      <ymax>1247</ymax>
    </bndbox>
  </object>
</annotation>
