<?xml version='1.0' encoding='UTF-8'?>
<annotation>
  <folder>images</folder>
  <filename>frame_34.jpg</filename>
  <object>
    <name>bird</name>
    <bndbox>
      <xmin>453</xmin>
      <ymin>395</ymin>
      <xmax>752</xmax>
      <ymax>751</ymax>
    </bndbox>
  </object>
  <object>
    <name>bird</name>
    <bndbox>
      <xmin>934</xmin>
      <ymin>0</ymin>
      <xmax>1247</xmax>
      <ymax>235</ymax>
    </bndbox>
  </object>
  <object>
    <name>bird</name>
    <bndbox>
      <xmin>1448</xmin>
      <ymin>576</ymin>
      <xmax>2033</xmax>
      <ymax>981</ymax>
    </bndbox>
  </object>
  <object>
    <name>bird</name>
    <bndbox>
      <xmin>1177</xmin>
      <ymin>557</ymin>
      <xmax>1490</xmax>
      <ymax>969</ymax>
    </bndbox>
  </object>
  <object>
    <name>bird</name>
    <bndbox>
      <xmin>961</xmin>
      <ymin>493</ymin>
      <xmax>1224</xmax>
      <ymax>945</ymax>
    </bndbox>
  </object>
  <object>
    <name>bird</name>
    <bndbox>
      <xmin>1483</xmin>
      <ymin>1172</ymin>
      <xmax>2004</xmax>
      <ymax>1464</ymax>
    </bndbox>
  </object>
  <object>
    <name>bird</name>
    <bndbox>
      <xmin>1989</xmin>
      <ymin>682</ymin>
      <xmax>2546</xmax>
      <ymax>944</ymax>
    </bndbox>
  </object>
  <object>
    <name>bird</name>
    <bndbox>
      <xmin>2045</xmin>
      <ymin>165</ymin>
      <xmax>2536</xmax>
      <ymax>534</ymax>
    </bndbox>
  </object>
  <object>
    <name>bird</name>
    <bndbox>
      <xmin>450</xmin>
      <ymin>681</ymin>
      <xmax>989</xmax>
      <ymax>1046</ymax>
    </bndbox>
  </object>
  <object>
    <name>bird</name>
    <bndbox>
      <xmin>1679</xmin>
      <ymin>836</ymin>
      <xmax>2169</xmax>
      <ymax>1092</ymax>
    </bndbox>
  </object>
  <object>
    <name>bird</name>
    <bndbox>
      <xmin>1106</xmin>
      <ymin>936</ymin>
      <xmax>1758</xmax>
      <ymax>1212</ymax>
    </bndbox>
  </object>
</annotation>
