<?xml version='1.0' encoding='UTF-8'?>
<annotation>
  <folder>images</folder>
  <filename>frame_126.jpg</filename>
  <object>
    <name>bird</name>
    <bndbox>
      <xmin>1774</xmin>
      <ymin>1373</ymin>
      <xmax>2197</xmax>
      <ymax>1637</ymax>
    </bndbox>
  </object>
  <object>
    <name>bird</name>
    <bndbox>
      <xmin>980</xmin>
      <ymin>1184</ymin>
      <xmax>1580</xmax>
      <ymax>1499</ymax>
    </bndbox>
  </object>
  <object>
    <name>bird</name>
    <bndbox>
      <xmin>1356</xmin>
      <ymin>833</ymin>
      <xmax>1607</xmax>
      <ymax>1278</ymax>
    </bndbox>
  </object>
  <object>
    <name>bird</name>
    <bndbox>
      <xmin>2247</xmin>
      <ymin>1052</ymin>
      <xmax>2828</xmax>
      <ymax>1402</ymax>
    </bndbox>
  </object>
  <object>
    <name>bird</name>
    <bndbox>
      <xmin>1532</xmin>
      <ymin>1048</ymin>
      <xmax>2259</xmax>
      <ymax>1339</ymax>
    </bndbox>
  </object>
  <object>
    <name>bird</name>
    <bndbox>
      <xmin>1660</xmin>
      <ymin>647</ymin>
      <xmax>1872</xmax>
      <ymax>971</ymax>
    </bndbox>
  </object>
  <object>
    <name>bird</name>
    <bndbox>
      <xmin>1552</xmin>
      <ymin>780</ymin>
      <xmax>1797</xmax>
      <ymax>1189</ymax>
    </bndbox>
  </object>
  <object>
    <name>bird</name>
    <bndbox>
      <xmin>145</xmin>
      <ymin>590</ymin>
      <xmax>338</xmax>
      <ymax>953</ymax>
    </bndbox>
  </object>
  <object>
    <name>bird</name>
    <bndbox>
      <xmin>948</xmin>
      <ymin>889</ymin>
      <xmax>1350</xmax>
      <ymax>1111</ymax>
    </bndbox>
  </object>
  <object>
    <name>bird</name>
    <bndbox>
      <xmin>1763</xmin>
      <ymin>1181</ymin>
      <xmax>2240</xmax>
      <ymax>1406</ymax>
    </bndbox>
  </object>
  <object>
    <name>bird</name>
    <bndbox>
      <xmin>669</xmin>
      <ymin>1070</ymin>
      <xmax>1126</xmax>
      <ymax>1306</ymax>
    </bndbox>
  </object>
  <object>
    <name>bird</name>
    <bndbox>
      <xmin>1835</xmin>
      <ymin>731</ymin>
      <xmax>2100</xmax>
      <ymax>986</ymax>
    </bndbox>
  </object>
</annotation>
