<?xml version='1.0' encoding='UTF-8'?>
<annotation>
  <folder>images</folder>
  <filename>frame_137.jpg</filename>
  <object>
    <name>bird</name>
    <bndbox>
      <xmin>1862</xmin>
      <ymin>1408</ymin>
      <xmax>2281</xmax>
      <ymax>1671</ymax>
    </bndbox>
  </object>
  <object>
    <name>bird</name>
    <bndbox>
      <xmin>1084</xmin>
      <ymin>1228</ymin>
      <xmax>1745</xmax>
      <ymax>1536</ymax>
    </bndbox>
  </object>
  <object>
    <name>bird</name>
    <bndbox>
      <xmin>1365</xmin>
      <ymin>889</ymin>
      <xmax>1623</xmax>
      <ymax>1304</ymax>
    </bndbox>
  </object>
  <object>
    <name>bird</name>
    <bndbox>
      <xmin>1656</xmin>
      <ymin>1091</ymin>
      <xmax>2291</xmax>
      <ymax>1397</ymax>
    </bndbox>
  </object>
  <object>
    <name>bird</name>
    <bndbox>
      <xmin>967</xmin>
      <ymin>751</ymin>
      <xmax>1346</xmax>
      <ymax>994</ymax>
    </bndbox>
  </object>
  <object>
    <name>bird</name>
    <bndbox>
      <xmin>151</xmin>
      <ymin>1329</ymin>
      <xmax>448</xmax>
      <ymax>1629</ymax>
    </bndbox>
  </object>
  <object>
    <name>bird</name>
    <bndbox>
      <xmin>1930</xmin>
      <ymin>754</ymin>
      <xmax>2190</xmax>
      <ymax>1039</ymax>
    </bndbox>
  </object>
  <object>
    <name>bird</name>
    <bndbox>
      <xmin>1634</xmin>
      <ymin>839</ymin>
      <xmax>1867</xmax>
      <ymax>1214</ymax>
    </bndbox>
  </object>
  <object>
    <name>bird</name>
    <bndbox>
      <xmin>2028</xmin>
      <ymin>1214</ymin>
      <xmax>2353</xmax>
      <ymax>1423</ymax>
    </bndbox>
  </object>
  <object>
    <name>bird</name>
    <bndbox>
      <xmin>1055</xmin>
      <ymin>927</ymin>
      <xmax>1513</xmax>
      <ymax>1152</ymax>
    </bndbox>
  </object>
  <object>
    <name>bird</name>
    <bndbox>
      <xmin>2213</xmin>
      <ymin>1084</ymin>
      <xmax>2794</xmax>
      <ymax>1529</ymax>
    </bndbox>
  </object>
</annotation>
