<?xml version='1.0' encoding='UTF-8'?>
<annotation>
  <folder>images</folder>
  <filename>frame_315.jpg</filename>
  <object>
    <name>bird</name>
    <bndbox>
      <xmin>3231</xmin>
      <ymin>984</ymin>
      <xmax>3664</xmax>
      <ymax>1294</ymax>
    </bndbox>
  </object>
  <object>
    <name>bird</name>
    <bndbox>
      <xmin>1325</xmin>
      <ymin>1632</ymin>
      <xmax>1892</xmax>
      <ymax>1949</ymax>
    </bndbox>
  </object>
  <object>
    <name>bird</name>
    <bndbox>
      <xmin>626</xmin>
      <ymin>1206</ymin>
      <xmax>1090</xmax>
      <ymax>1497</ymax>
    </bndbox>
  </object>
  <object>
    <name>bird</name>
    <bndbox>
      <xmin>190</xmin>
      <ymin>1724</ymin>
      <xmax>746</xmax>
      <ymax>2081</ymax>
    </bndbox>
  </object>
  <object>
    <name>bird</name>
    <bndbox>
      <xmin>2292</xmin>
      <ymin>945</ymin>
      <xmax>2602</xmax>
      <ymax>1239</ymax>
    </bndbox>
  </object>
  <object>
    <name>bird</name>
    <bndbox>
      <xmin>1447</xmin>
      <ymin>1016</ymin>
      <xmax>1675</xmax>
      <ymax>1267</ymax>
    </bndbox>
  </object>
  <object>
    <name>bird</name>
    <bndbox>
      <xmin>2139</xmin>
      <ymin>769</ymin>
      <xmax>2535</xmax>
      <ymax>956</ymax>
    </bndbox>
  </object>
  <object>
    <name>bird</name>
    <bndbox>
      <xmin>1675</xmin>
      <ymin>726</ymin>
      <xmax>2052</xmax>
      <ymax>909</ymax>
    </bndbox>
  </object>
  <object>
    <name>bird</name>
    <bndbox>
      <xmin>611</xmin>
      <ymin>912</ymin>
      <xmax>1005</xmax>
      <ymax>1111</ymax>
    </bndbox>
  </object>
  <object>
    <name>bird</name>
    <bndbox>
      <xmin>864</xmin>
      <ymin>1113</ymin>
      <xmax>1212</xmax>
      <ymax>1315</ymax>
    </bndbox>
  </object>
  <object>
    <name>bird</name>
    <bndbox>
      <xmin>1040</xmin>
      <ymin>1007</ymin>
      <xmax>1490</xmax>
      <ymax>1238</ymax>
    </bndbox>
  </object>
  <object>
    <name>bird</name>
    <bndbox>
      <xmin>1770</xmin>
      <ymin>953</ymin>
      <xmax>2003</xmax>
      <ymax>1174</ymax>
    </bndbox>
  </object>
</annotation>
