<?xml version='1.0' encoding='UTF-8'?>
<annotation>
  <folder>images</folder>
  <filename>frame_53.jpg</filename>
  <object>
    <name>bird</name>
    <bndbox>
      <xmin>514</xmin>
      <ymin>609</ymin>
      <xmax>1037</xmax>
      <ymax>933</ymax>
    </bndbox>
  </object>
  <object>
    <name>bird</name>
    <bndbox>
      <xmin>1716</xmin>
      <ymin>644</ymin>
      <xmax>2092</xmax>
      <ymax>1004</ymax>
    </bndbox>
  </object>
  <object>
    <name>bird</name>
    <bndbox>
      <xmin>1965</xmin>
      <ymin>1212</ymin>
      <xmax>2582</xmax>
      <ymax>1573</ymax>
    </bndbox>
  </object>
  <object>
    <name>bird</name>
    <bndbox>
      <xmin>2207</xmin>
      <ymin>696</ymin>
      <xmax>2672</xmax>
      <ymax>900</ymax>
    </bndbox>
  </object>
  <object>
    <name>bird</name>
    <bndbox>
      <xmin>2129</xmin>
      <ymin>60</ymin>
      <xmax>2565</xmax>
      <ymax>428</ymax>
    </bndbox>
  </object>
  <object>
    <name>bird</name>
    <bndbox>
      <xmin>2304</xmin>
      <ymin>1089</ymin>
      <xmax>3004</xmax>
      <ymax>1457</ymax>
    </bndbox>
  </object>
  <object>
    <name>bird</name>
    <bndbox>
      <xmin>1011</xmin>
      <ymin>614</ymin>
      <xmax>1322</xmax>
      <ymax>1188</ymax>
    </bndbox>
  </object>
  <object>
    <name>bird</name>
    <bndbox>
      <xmin>924</xmin>
      <ymin>978</ymin>
      <xmax>1730</xmax>
      <ymax>1412</ymax>
    </bndbox>
  </object>
  <object>
    <name>bird</name>
    <bndbox>
      <xmin>1681</xmin>
      <ymin>1051</ymin>
      <xmax>1960</xmax>
      <ymax>1350</ymax>
    </bndbox>
  </object>
  <object>
    <name>bird</name>
    <bndbox>
      <xmin>380</xmin>
      <ymin>1011</ymin>
      <xmax>898</xmax>
      <ymax>1367</ymax>
    </bndbox>
  </object>
  <object>
    <name>bird</name>
    <bndbox>
      <xmin>2431</xmin>
      <ymin>954</ymin>
      <xmax>2941</xmax>
      <ymax>1164</ymax>
    </bndbox>
  </object>
  <object>
    <name>bird</name>
    <bndbox>
      <xmin>1294</xmin>
      <ymin>685</ymin>
      <xmax>1691</xmax>
      <ymax>1150</ymax>
    </bndbox>
  </object>
  <object>
    <name>bird</name>
    <bndbox>
      <xmin>28</xmin>
      <ymin>0</ymin>
      <xmax>291</xmax>
      <ymax>191</ymax>
    </bndbox>
  </object>
  <object>
    <name>bird</name>
    <bndbox>
      <xmin>737</xmin>
      <ymin>0</ymin>
      <xmax>1203</xmax>
      <ymax>150</ymax>
    </bndbox>
  </object>
  <object>
    <name>bird</name>
    <bndbox>
      <xmin>0</xmin>
      <ymin>95</ymin>
      <xmax>141</xmax>
      <ymax>268</ymax>
    </bndbox>
  </object>
</annotation>
