<?xml version='1.0' encoding='UTF-8'?>
<annotation>
  <folder>images</folder>
  <filename>frame_12.jpg</filename>
  <object>
    <name>bird</name>
    <bndbox>
      <xmin>505</xmin>
      <ymin>272</ymin>
      <xmax>1064</xmax>
      <ymax>695</ymax>
    </bndbox>
  </object>
  <object>
    <name>bird</name>
    <bndbox>
      <xmin>2378</xmin>
      <ymin>363</ymin>
      <xmax>2913</xmax>
      <ymax>673</ymax>
    </bndbox>
  </object>
  <object>
    <name>bird</name>
    <bndbox>
      <xmin>496</xmin>
      <ymin>660</ymin>
      <xmax>1082</xmax>
      <ymax>1031</ymax>
    </bndbox>
  </object>
  <object>
    <name>bird</name>
    <bndbox>
      <xmin>1456</xmin>
      <ymin>39</ymin>
      <xmax>1807</xmax>
      <ymax>291</ymax>
    </bndbox>
  </object>
  <object>
    <name>bird</name>
    <bndbox>
      <xmin>1538</xmin>
      <ymin>595</ymin>
      <xmax>2011</xmax>
      <ymax>1025</ymax>
    </bndbox>
  </object>
  <object>
    <name>bird</name>
    <bndbox>
      <xmin>1257</xmin>
      <ymin>584</ymin>
      <xmax>1527</xmax>
      <ymax>1007</ymax>
    </bndbox>
  </object>
  <object>
    <name>bird</name>
    <bndbox>
      <xmin>1091</xmin>
      <ymin>460</ymin>
      <xmax>1367</xmax>
      <ymax>921</ymax>
    </bndbox>
  </object>
  <object>
    <name>bird</name>
    <bndbox>
      <xmin>1574</xmin>
      <ymin>1155</ymin>
      <xmax>1886</xmax>
      <ymax>1447</ymax>
    </bndbox>
  </object>
  <object>
    <name>bird</name>
    <bndbox>
      <xmin>1555</xmin>
      <ymin>849</ymin>
      <xmax>2093</xmax>
      <ymax>1096</ymax>
    </bndbox>
  </object>
  <object>
    <name>bird</name>
    <bndbox>
      <xmin>2069</xmin>
      <ymin>654</ymin>
      <xmax>2466</xmax>
      <ymax>997</ymax>
    </bndbox>
  </object>
  <object>
    <name>bird</name>
    <bndbox>
      <xmin>1045</xmin>
      <ymin>0</ymin>
      <xmax>1214</xmax>
      <ymax>101</ymax>
    </bndbox>
  </object>
  <object>
    <name>bird</name>
    <bndbox>
      <xmin>870</xmin>
      <ymin>919</ymin>
      <xmax>1540</xmax>
      <ymax>1191</ymax>
    </bndbox>
  </object>
</annotation>
