<?xml version='1.0' encoding='UTF-8'?>
<annotation>
  <folder>images</folder>
  <filename>frame_279.jpg</filename>
  <object>
    <name>bird</name>
    <bndbox>
      <xmin>2873</xmin>
      <ymin>1069</ymin>
      <xmax>3459</xmax>
      <ymax>1523</ymax>
    </bndbox>
  </object>
  <object>
    <name>bird</name>
    <bndbox>
      <xmin>2625</xmin>
      <ymin>943</ymin>
      <xmax>3069</xmax>
      <ymax>1233</ymax>
    </bndbox>
  </object>
  <object>
    <name>bird</name>
    <bndbox>
      <xmin>2419</xmin>
      <ymin>724</ymin>
      <xmax>2712</xmax>
      <ymax>941</ymax>
    </bndbox>
  </object>
  <object>
    <name>bird</name>
    <bndbox>
      <xmin>177</xmin>
      <ymin>1624</ymin>
      <xmax>870</xmax>
      <ymax>2106</ymax>
    </bndbox>
  </object>
  <object>
    <name>bird</name>
    <bndbox>
      <xmin>1042</xmin>
      <ymin>1007</ymin>
      <xmax>1444</xmax>
      <ymax>1286</ymax>
    </bndbox>
  </object>
  <object>
    <name>bird</name>
    <bndbox>
      <xmin>2167</xmin>
      <ymin>1622</ymin>
      <xmax>2556</xmax>
      <ymax>2094</ymax>
    </bndbox>
  </object>
  <object>
    <name>bird</name>
    <bndbox>
      <xmin>1538</xmin>
      <ymin>1020</ymin>
      <xmax>1768</xmax>
      <ymax>1222</ymax>
    </bndbox>
  </object>
  <object>
    <name>bird</name>
    <bndbox>
      <xmin>2197</xmin>
      <ymin>796</ymin>
      <xmax>2533</xmax>
      <ymax>1231</ymax>
    </bndbox>
  </object>
  <object>
    <name>bird</name>
    <bndbox>
      <xmin>12</xmin>
      <ymin>1865</ymin>
      <xmax>172</xmax>
      <ymax>2022</ymax>
    </bndbox>
  </object>
  <object>
    <name>bird</name>
    <bndbox>
      <xmin>1223</xmin>
      <ymin>911</ymin>
      <xmax>1658</xmax>
      <ymax>1111</ymax>
    </bndbox>
  </object>
  <object>
    <name>bird</name>
    <bndbox>
      <xmin>1748</xmin>
      <ymin>921</ymin>
      <xmax>2031</xmax>
      <ymax>1140</ymax>
    </bndbox>
  </object>
</annotation>
