<?xml version='1.0' encoding='UTF-8'?>
<annotation>
  <folder>images</folder>
  <filename>frame_357.jpg</filename>
  <object>
    <name>bird</name>
    <bndbox>
      <xmin>1555</xmin>
      <ymin>1672</ymin>
      <xmax>2222</xmax>
      <ymax>1997</ymax>
    </bndbox>
  </object>
  <object>
    <name>bird</name>
    <bndbox>
      <xmin>349</xmin>
      <ymin>964</ymin>
      <xmax>692</xmax>
      <ymax>1265</ymax>
    </bndbox>
  </object>
  <object>
    <name>bird</name>
    <bndbox>
      <xmin>601</xmin>
      <ymin>1818</ymin>
      <xmax>1024</xmax>
      <ymax>2157</ymax>
    </bndbox>
  </object>
  <object>
    <name>bird</name>
    <bndbox>
      <xmin>3009</xmin>
      <ymin>1359</ymin>
      <xmax>3271</xmax>
      <ymax>1654</ymax>
    </bndbox>
  </object>
  <object>
    <name>bird</name>
    <bndbox>
      <xmin>1075</xmin>
      <ymin>1179</ymin>
      <xmax>1500</xmax>
      <ymax>1420</ymax>
    </bndbox>
  </object>
  <object>
    <name>bird</name>
    <bndbox>
      <xmin>825</xmin>
      <ymin>1652</ymin>
      <xmax>1239</xmax>
      <ymax>1950</ymax>
    </bndbox>
  </object>
  <object>
    <name>bird</name>
    <bndbox>
      <xmin>899</xmin>
      <ymin>961</ymin>
      <xmax>1350</xmax>
      <ymax>1181</ymax>
    </bndbox>
  </object>
  <object>
    <name>bird</name>
    <bndbox>
      <xmin>1248</xmin>
      <ymin>1966</ymin>
      <xmax>1904</xmax>
      <ymax>2157</ymax>
    </bndbox>
  </object>
  <object>
    <name>bird</name>
    <bndbox>
      <xmin>1341</xmin>
      <ymin>654</ymin>
      <xmax>1740</xmax>
      <ymax>961</ymax>
    </bndbox>
  </object>
  <object>
    <name>bird</name>
    <bndbox>
      <xmin>1791</xmin>
      <ymin>1109</ymin>
      <xmax>1974</xmax>
      <ymax>1315</ymax>
    </bndbox>
  </object>
  <object>
    <name>bird</name>
    <bndbox>
      <xmin>1908</xmin>
      <ymin>855</ymin>
      <xmax>2233</xmax>
      <ymax>992</ymax>
    </bndbox>
  </object>
  <object>
    <name>bird</name>
    <bndbox>
      <xmin>2051</xmin>
      <ymin>1044</ymin>
      <xmax>2350</xmax>
      <ymax>1268</ymax>
    </bndbox>
  </object>
</annotation>
