<?xml version='1.0' encoding='UTF-8'?>
<annotation>
  <folder>images</folder>
  <filename>frame_263.jpg</filename>
  <object>
    <name>bird</name>
    <bndbox>
      <xmin>2474</xmin>
      <ymin>882</ymin>
      <xmax>2715</xmax>
      <ymax>1139</ymax>
    </bndbox>
  </object>
  <object>
    <name>bird</name>
    <bndbox>
      <xmin>2024</xmin>
      <ymin>1542</ymin>
      <xmax>2644</xmax>
      <ymax>1855</ymax>
    </bndbox>
  </object>
  <object>
    <name>bird</name>
    <bndbox>
      <xmin>2499</xmin>
      <ymin>1223</ymin>
      <xmax>2862</xmax>
      <ymax>1488</ymax>
    </bndbox>
  </object>
  <object>
    <name>bird</name>
    <bndbox>
      <xmin>600</xmin>
      <ymin>1157</ymin>
      <xmax>1125</xmax>
      <ymax>1376</ymax>
    </bndbox>
  </object>
  <object>
    <name>bird</name>
    <bndbox>
      <xmin>1863</xmin>
      <ymin>1160</ymin>
      <xmax>2125</xmax>
      <ymax>1404</ymax>
    </bndbox>
  </object>
  <object>
    <name>bird</name>
    <bndbox>
      <xmin>1638</xmin>
      <ymin>1163</ymin>
      <xmax>1897</xmax>
      <ymax>1381</ymax>
    </bndbox>
  </object>
  <object>
    <name>bird</name>
    <bndbox>
      <xmin>1972</xmin>
      <ymin>855</ymin>
      <xmax>2402</xmax>
      <ymax>1039</ymax>
    </bndbox>
  </object>
</annotation>
