<?xml version='1.0' encoding='UTF-8'?>
<annotation>
  <folder>images</folder>
  <filename>frame_356.jpg</filename>
  <object>
    <name>bird</name>
    <bndbox>
      <xmin>1538</xmin>
      <ymin>1702</ymin>
      <xmax>2170</xmax>
      <ymax>2004</ymax>
    </bndbox>
  </object>
  <object>
    <name>bird</name>
    <bndbox>
      <xmin>336</xmin>
      <ymin>986</ymin>
      <xmax>685</xmax>
      <ymax>1282</ymax>
    </bndbox>
  </object>
  <object>
    <name>bird</name>
    <bndbox>
      <xmin>597</xmin>
      <ymin>1819</ymin>
      <xmax>1015</xmax>
      <ymax>2157</ymax>
    </bndbox>
  </object>
  <object>
    <name>bird</name>
    <bndbox>
      <xmin>2983</xmin>
      <ymin>1341</ymin>
      <xmax>3248</xmax>
      <ymax>1635</ymax>
    </bndbox>
  </object>
  <object>
    <name>bird</name>
    <bndbox>
      <xmin>1077</xmin>
      <ymin>1181</ymin>
      <xmax>1485</xmax>
      <ymax>1421</ymax>
    </bndbox>
  </object>
  <object>
    <name>bird</name>
    <bndbox>
      <xmin>793</xmin>
      <ymin>1653</ymin>
      <xmax>1199</xmax>
      <ymax>1950</ymax>
    </bndbox>
  </object>
  <object>
    <name>bird</name>
    <bndbox>
      <xmin>893</xmin>
      <ymin>966</ymin>
      <xmax>1341</xmax>
      <ymax>1181</ymax>
    </bndbox>
  </object>
  <object>
    <name>bird</name>
    <bndbox>
      <xmin>1265</xmin>
      <ymin>1978</ymin>
      <xmax>1898</xmax>
      <ymax>2157</ymax>
    </bndbox>
  </object>
  <object>
    <name>bird</name>
    <bndbox>
      <xmin>1313</xmin>
      <ymin>636</ymin>
      <xmax>1767</xmax>
      <ymax>964</ymax>
    </bndbox>
  </object>
</annotation>
