<?xml version='1.0' encoding='UTF-8'?>
<annotation>
  <folder>images</folder>
  <filename>frame_72.jpg</filename>
  <object>
    <name>bird</name>
    <bndbox>
      <xmin>768</xmin>
      <ymin>763</ymin>
      <xmax>1431</xmax>
      <ymax>1082</ymax>
    </bndbox>
  </object>
  <object>
    <name>bird</name>
    <bndbox>
      <xmin>2575</xmin>
      <ymin>1152</ymin>
      <xmax>3327</xmax>
      <ymax>1549</ymax>
    </bndbox>
  </object>
  <object>
    <name>bird</name>
    <bndbox>
      <xmin>1147</xmin>
      <ymin>212</ymin>
      <xmax>1702</xmax>
      <ymax>523</ymax>
    </bndbox>
  </object>
  <object>
    <name>bird</name>
    <bndbox>
      <xmin>1208</xmin>
      <ymin>854</ymin>
      <xmax>1662</xmax>
      <ymax>1315</ymax>
    </bndbox>
  </object>
  <object>
    <name>bird</name>
    <bndbox>
      <xmin>1769</xmin>
      <ymin>1217</ymin>
      <xmax>2191</xmax>
      <ymax>1559</ymax>
    </bndbox>
  </object>
  <object>
    <name>bird</name>
    <bndbox>
      <xmin>740</xmin>
      <ymin>1208</ymin>
      <xmax>1153</xmax>
      <ymax>1558</ymax>
    </bndbox>
  </object>
  <object>
    <name>bird</name>
    <bndbox>
      <xmin>1570</xmin>
      <ymin>679</ymin>
      <xmax>1950</xmax>
      <ymax>1218</ymax>
    </bndbox>
  </object>
  <object>
    <name>bird</name>
    <bndbox>
      <xmin>1919</xmin>
      <ymin>649</ymin>
      <xmax>2268</xmax>
      <ymax>1223</ymax>
    </bndbox>
  </object>
  <object>
    <name>bird</name>
    <bndbox>
      <xmin>2183</xmin>
      <ymin>1131</ymin>
      <xmax>2631</xmax>
      <ymax>1429</ymax>
    </bndbox>
  </object>
  <object>
    <name>bird</name>
    <bndbox>
      <xmin>2690</xmin>
      <ymin>794</ymin>
      <xmax>3410</xmax>
      <ymax>1126</ymax>
    </bndbox>
  </object>
  <object>
    <name>bird</name>
    <bndbox>
      <xmin>2591</xmin>
      <ymin>581</ymin>
      <xmax>3455</xmax>
      <ymax>892</ymax>
    </bndbox>
  </object>
  <object>
    <name>bird</name>
    <bndbox>
      <xmin>30</xmin>
      <ymin>114</ymin>
      <xmax>412</xmax>
      <ymax>360</ymax>
    </bndbox>
  </object>
  <object>
    <name>bird</name>
    <bndbox>
      <xmin>2294</xmin>
      <ymin>888</ymin>
      <xmax>2690</xmax>
      <ymax>1220</ymax>
    </bndbox>
  </object>
</annotation>
