<?xml version='1.0' encoding='UTF-8'?>
<annotation>
  <folder>images</folder>
  <filename>frame_112.jpg</filename>
  <object>
    <name>bird</name>
    <bndbox>
      <xmin>1876</xmin>
      <ymin>1269</ymin>
      <xmax>2423</xmax>
      <ymax>1572</ymax>
    </bndbox>
  </object>
  <object>
    <name>bird</name>
    <bndbox>
      <xmin>1053</xmin>
      <ymin>1066</ymin>
      <xmax>1848</xmax>
      <ymax>1441</ymax>
    </bndbox>
  </object>
  <object>
    <name>bird</name>
    <bndbox>
      <xmin>1596</xmin>
      <ymin>758</ymin>
      <xmax>1823</xmax>
      <ymax>1174</ymax>
    </bndbox>
  </object>
  <object>
    <name>bird</name>
    <bndbox>
      <xmin>301</xmin>
      <ymin>710</ymin>
      <xmax>958</xmax>
      <ymax>1118</ymax>
    </bndbox>
  </object>
  <object>
    <name>bird</name>
    <bndbox>
      <xmin>2296</xmin>
      <ymin>804</ymin>
      <xmax>2756</xmax>
      <ymax>1063</ymax>
    </bndbox>
  </object>
  <object>
    <name>bird</name>
    <bndbox>
      <xmin>2482</xmin>
      <ymin>1008</ymin>
      <xmax>3203</xmax>
      <ymax>1365</ymax>
    </bndbox>
  </object>
  <object>
    <name>bird</name>
    <bndbox>
      <xmin>1824</xmin>
      <ymin>934</ymin>
      <xmax>2579</xmax>
      <ymax>1195</ymax>
    </bndbox>
  </object>
  <object>
    <name>bird</name>
    <bndbox>
      <xmin>1907</xmin>
      <ymin>1107</ymin>
      <xmax>2347</xmax>
      <ymax>1318</ymax>
    </bndbox>
  </object>
  <object>
    <name>bird</name>
    <bndbox>
      <xmin>1928</xmin>
      <ymin>540</ymin>
      <xmax>2137</xmax>
      <ymax>888</ymax>
    </bndbox>
  </object>
  <object>
    <name>bird</name>
    <bndbox>
      <xmin>1150</xmin>
      <ymin>731</ymin>
      <xmax>1580</xmax>
      <ymax>1039</ymax>
    </bndbox>
  </object>
</annotation>
