<?xml version='1.0' encoding='UTF-8'?>
<annotation>
  <folder>images</folder>
  <filename>frame_69.jpg</filename>
  <object>
    <name>bird</name>
    <bndbox>
      <xmin>787</xmin>
      <ymin>744</ymin>
      <xmax>1405</xmax>
      <ymax>1054</ymax>
    </bndbox>
  </object>
  <object>
    <name>bird</name>
    <bndbox>
      <xmin>2492</xmin>
      <ymin>1145</ymin>
      <xmax>3275</xmax>
      <ymax>1542</ymax>
    </bndbox>
  </object>
  <object>
    <name>bird</name>
    <bndbox>
      <xmin>1417</xmin>
      <ymin>171</ymin>
      <xmax>1910</xmax>
      <ymax>451</ymax>
    </bndbox>
  </object>
  <object>
    <name>bird</name>
    <bndbox>
      <xmin>1261</xmin>
      <ymin>785</ymin>
      <xmax>1678</xmax>
      <ymax>1282</ymax>
    </bndbox>
  </object>
  <object>
    <name>bird</name>
    <bndbox>
      <xmin>1740</xmin>
      <ymin>1210</ymin>
      <xmax>2147</xmax>
      <ymax>1518</ymax>
    </bndbox>
  </object>
  <object>
    <name>bird</name>
    <bndbox>
      <xmin>749</xmin>
      <ymin>1132</ymin>
      <xmax>1160</xmax>
      <ymax>1557</ymax>
    </bndbox>
  </object>
  <object>
    <name>bird</name>
    <bndbox>
      <xmin>1615</xmin>
      <ymin>670</ymin>
      <xmax>1995</xmax>
      <ymax>1197</ymax>
    </bndbox>
  </object>
  <object>
    <name>bird</name>
    <bndbox>
      <xmin>156</xmin>
      <ymin>65</ymin>
      <xmax>659</xmax>
      <ymax>295</ymax>
    </bndbox>
  </object>
  <object>
    <name>bird</name>
    <bndbox>
      <xmin>1977</xmin>
      <ymin>636</ymin>
      <xmax>2323</xmax>
      <ymax>1173</ymax>
    </bndbox>
  </object>
  <object>
    <name>bird</name>
    <bndbox>
      <xmin>2218</xmin>
      <ymin>1129</ymin>
      <xmax>2622</xmax>
      <ymax>1421</ymax>
    </bndbox>
  </object>
  <object>
    <name>bird</name>
    <bndbox>
      <xmin>21</xmin>
      <ymin>6</ymin>
      <xmax>318</xmax>
      <ymax>229</ymax>
    </bndbox>
  </object>
  <object>
    <name>bird</name>
    <bndbox>
      <xmin>2745</xmin>
      <ymin>809</ymin>
      <xmax>3457</xmax>
      <ymax>1123</ymax>
    </bndbox>
  </object>
  <object>
    <name>bird</name>
    <bndbox>
      <xmin>2853</xmin>
      <ymin>1062</ymin>
      <xmax>3393</xmax>
      <ymax>1281</ymax>
    </bndbox>
  </object>
  <object>
    <name>bird</name>
    <bndbox>
      <xmin>2678</xmin>
      <ymin>627</ymin>
      <xmax>3483</xmax>
      <ymax>907</ymax>
    </bndbox>
  </object>
</annotation>
