<?xml version='1.0' encoding='UTF-8'?>
<annotation>
  <folder>images</folder>
  <filename>frame_114.jpg</filename>
  <object>
    <name>bird</name>
    <bndbox>
      <xmin>1955</xmin>
      <ymin>1297</ymin>
      <xmax>2425</xmax>
      <ymax>1548</ymax>
    </bndbox>
  </object>
  <object>
    <name>bird</name>
    <bndbox>
      <xmin>1011</xmin>
      <ymin>1054</ymin>
      <xmax>1817</xmax>
      <ymax>1446</ymax>
    </bndbox>
  </object>
  <object>
    <name>bird</name>
    <bndbox>
      <xmin>1498</xmin>
      <ymin>728</ymin>
      <xmax>1751</xmax>
      <ymax>1176</ymax>
    </bndbox>
  </object>
  <object>
    <name>bird</name>
    <bndbox>
      <xmin>55</xmin>
      <ymin>684</ymin>
      <xmax>693</xmax>
      <ymax>1101</ymax>
    </bndbox>
  </object>
  <object>
    <name>bird</name>
    <bndbox>
      <xmin>2235</xmin>
      <ymin>798</ymin>
      <xmax>2636</xmax>
      <ymax>1016</ymax>
    </bndbox>
  </object>
  <object>
    <name>bird</name>
    <bndbox>
      <xmin>2402</xmin>
      <ymin>993</ymin>
      <xmax>3200</xmax>
      <ymax>1396</ymax>
    </bndbox>
  </object>
  <object>
    <name>bird</name>
    <bndbox>
      <xmin>1805</xmin>
      <ymin>948</ymin>
      <xmax>2498</xmax>
      <ymax>1192</ymax>
    </bndbox>
  </object>
  <object>
    <name>bird</name>
    <bndbox>
      <xmin>1830</xmin>
      <ymin>1108</ymin>
      <xmax>2300</xmax>
      <ymax>1333</ymax>
    </bndbox>
  </object>
  <object>
    <name>bird</name>
    <bndbox>
      <xmin>1857</xmin>
      <ymin>535</ymin>
      <xmax>2068</xmax>
      <ymax>883</ymax>
    </bndbox>
  </object>
  <object>
    <name>bird</name>
    <bndbox>
      <xmin>1084</xmin>
      <ymin>710</ymin>
      <xmax>1544</xmax>
      <ymax>1035</ymax>
    </bndbox>
  </object>
  <object>
    <name>bird</name>
    <bndbox>
      <xmin>1759</xmin>
      <ymin>672</ymin>
      <xmax>1996</xmax>
      <ymax>1096</ymax>
    </bndbox>
  </object>
  <object>
    <name>bird</name>
    <bndbox>
      <xmin>2022</xmin>
      <ymin>646</ymin>
      <xmax>2311</xmax>
      <ymax>903</ymax>
    </bndbox>
  </object>
  <object>
    <name>bird</name>
    <bndbox>
      <xmin>864</xmin>
      <ymin>968</ymin>
      <xmax>1326</xmax>
      <ymax>1219</ymax>
    </bndbox>
  </object>
</annotation>
