<?xml version='1.0' encoding='UTF-8'?>
<annotation>
  <folder>images</folder>
  <filename>frame_212.jpg</filename>
  <object>
    <name>bird</name>
    <bndbox>
      <xmin>2059</xmin>
      <ymin>1172</ymin>
      <xmax>2408</xmax>
      <ymax>1426</ymax>
    </bndbox>
  </object>
  <object>
    <name>bird</name>
    <bndbox>
      <xmin>1894</xmin>
      <ymin>646</ymin>
      <xmax>2184</xmax>
      <ymax>943</ymax>
    </bndbox>
  </object>
  <object>
    <name>bird</name>
    <bndbox>
      <xmin>3306</xmin>
      <ymin>1296</ymin>
      <xmax>3840</xmax>
      <ymax>1753</ymax>
    </bndbox>
  </object>
  <object>
    <name>bird</name>
    <bndbox>
      <xmin>2128</xmin>
      <ymin>817</ymin>
      <xmax>2599</xmax>
      <ymax>997</ymax>
    </bndbox>
  </object>
  <object>
    <name>bird</name>
    <bndbox>
      <xmin>235</xmin>
      <ymin>1173</ymin>
      <xmax>456</xmax>
      <ymax>1504</ymax>
    </bndbox>
  </object>
  <object>
    <name>bird</name>
    <bndbox>
      <xmin>2153</xmin>
      <ymin>1002</ymin>
      <xmax>2605</xmax>
      <ymax>1215</ymax>
    </bndbox>
  </object>
  <object>
    <name>bird</name>
    <bndbox>
      <xmin>1569</xmin>
      <ymin>696</ymin>
      <xmax>1754</xmax>
      <ymax>893</ymax>
    </bndbox>
  </object>
  <object>
    <name>bird</name>
    <bndbox>
      <xmin>902</xmin>
      <ymin>1051</ymin>
      <xmax>1353</xmax>
      <ymax>1255</ymax>
    </bndbox>
  </object>
</annotation>
