<?xml version='1.0' encoding='UTF-8'?>
<annotation>
  <folder>images</folder>
  <filename>frame_334.jpg</filename>
  <object>
    <name>bird</name>
    <bndbox>
      <xmin>1478</xmin>
      <ymin>1708</ymin>
      <xmax>2049</xmax>
      <ymax>1961</ymax>
    </bndbox>
  </object>
  <object>
    <name>bird</name>
    <bndbox>
      <xmin>417</xmin>
      <ymin>1233</ymin>
      <xmax>873</xmax>
      <ymax>1478</ymax>
    </bndbox>
  </object>
  <object>
    <name>bird</name>
    <bndbox>
      <xmin>527</xmin>
      <ymin>1748</ymin>
      <xmax>936</xmax>
      <ymax>2157</ymax>
    </bndbox>
  </object>
  <object>
    <name>bird</name>
    <bndbox>
      <xmin>2916</xmin>
      <ymin>1020</ymin>
      <xmax>3216</xmax>
      <ymax>1256</ymax>
    </bndbox>
  </object>
  <object>
    <name>bird</name>
    <bndbox>
      <xmin>1083</xmin>
      <ymin>1163</ymin>
      <xmax>1432</xmax>
      <ymax>1392</ymax>
    </bndbox>
  </object>
  <object>
    <name>bird</name>
    <bndbox>
      <xmin>1442</xmin>
      <ymin>1066</ymin>
      <xmax>1752</xmax>
      <ymax>1278</ymax>
    </bndbox>
  </object>
  <object>
    <name>bird</name>
    <bndbox>
      <xmin>815</xmin>
      <ymin>757</ymin>
      <xmax>1102</xmax>
      <ymax>987</ymax>
    </bndbox>
  </object>
  <object>
    <name>bird</name>
    <bndbox>
      <xmin>2708</xmin>
      <ymin>1512</ymin>
      <xmax>3003</xmax>
      <ymax>1871</ymax>
    </bndbox>
  </object>
  <object>
    <name>bird</name>
    <bndbox>
      <xmin>1870</xmin>
      <ymin>805</ymin>
      <xmax>2208</xmax>
      <ymax>976</ymax>
    </bndbox>
  </object>
  <object>
    <name>bird</name>
    <bndbox>
      <xmin>1967</xmin>
      <ymin>913</ymin>
      <xmax>2325</xmax>
      <ymax>1058</ymax>
    </bndbox>
  </object>
  <object>
    <name>bird</name>
    <bndbox>
      <xmin>1340</xmin>
      <ymin>1984</ymin>
      <xmax>1763</xmax>
      <ymax>2160</ymax>
    </bndbox>
  </object>
  <object>
    <name>bird</name>
    <bndbox>
      <xmin>909</xmin>
      <ymin>943</ymin>
      <xmax>1285</xmax>
      <ymax>1131</ymax>
    </bndbox>
  </object>
</annotation>
