<?xml version='1.0' encoding='UTF-8'?>
<annotation>
  <folder>images</folder>
  <filename>frame_7.jpg</filename>
  <object>
    <name>bird</name>
    <bndbox>
      <xmin>471</xmin>
      <ymin>284</ymin>
      <xmax>1049</xmax>
      <ymax>623</ymax>
    </bndbox>
  </object>
  <object>
    <name>bird</name>
    <bndbox>
      <xmin>2547</xmin>
      <ymin>314</ymin>
      <xmax>3058</xmax>
      <ymax>620</ymax>
    </bndbox>
  </object>
  <object>
    <name>bird</name>
    <bndbox>
      <xmin>495</xmin>
      <ymin>645</ymin>
      <xmax>1103</xmax>
      <ymax>1021</ymax>
    </bndbox>
  </object>
  <object>
    <name>bird</name>
    <bndbox>
      <xmin>1466</xmin>
      <ymin>4</ymin>
      <xmax>1854</xmax>
      <ymax>282</ymax>
    </bndbox>
  </object>
  <object>
    <name>bird</name>
    <bndbox>
      <xmin>1572</xmin>
      <ymin>573</ymin>
      <xmax>2027</xmax>
      <ymax>994</ymax>
    </bndbox>
  </object>
  <object>
    <name>bird</name>
    <bndbox>
      <xmin>1295</xmin>
      <ymin>653</ymin>
      <xmax>1507</xmax>
      <ymax>998</ymax>
    </bndbox>
  </object>
  <object>
    <name>bird</name>
    <bndbox>
      <xmin>1112</xmin>
      <ymin>460</ymin>
      <xmax>1369</xmax>
      <ymax>906</ymax>
    </bndbox>
  </object>
  <object>
    <name>bird</name>
    <bndbox>
      <xmin>1573</xmin>
      <ymin>1140</ymin>
      <xmax>1901</xmax>
      <ymax>1450</ymax>
    </bndbox>
  </object>
  <object>
    <name>bird</name>
    <bndbox>
      <xmin>1101</xmin>
      <ymin>0</ymin>
      <xmax>1255</xmax>
      <ymax>95</ymax>
    </bndbox>
  </object>
</annotation>
