<?xml version='1.0' encoding='UTF-8'?>
<annotation>
  <folder>images</folder>
  <filename>frame_352.jpg</filename>
  <object>
    <name>bird</name>
    <bndbox>
      <xmin>1477</xmin>
      <ymin>1666</ymin>
      <xmax>2194</xmax>
      <ymax>2003</ymax>
    </bndbox>
  </object>
  <object>
    <name>bird</name>
    <bndbox>
      <xmin>236</xmin>
      <ymin>1047</ymin>
      <xmax>687</xmax>
      <ymax>1373</ymax>
    </bndbox>
  </object>
  <object>
    <name>bird</name>
    <bndbox>
      <xmin>592</xmin>
      <ymin>1822</ymin>
      <xmax>966</xmax>
      <ymax>2158</ymax>
    </bndbox>
  </object>
  <object>
    <name>bird</name>
    <bndbox>
      <xmin>2909</xmin>
      <ymin>1263</ymin>
      <xmax>3177</xmax>
      <ymax>1556</ymax>
    </bndbox>
  </object>
  <object>
    <name>bird</name>
    <bndbox>
      <xmin>1087</xmin>
      <ymin>1177</ymin>
      <xmax>1436</xmax>
      <ymax>1420</ymax>
    </bndbox>
  </object>
  <object>
    <name>bird</name>
    <bndbox>
      <xmin>1443</xmin>
      <ymin>1094</ymin>
      <xmax>1753</xmax>
      <ymax>1299</ymax>
    </bndbox>
  </object>
  <object>
    <name>bird</name>
    <bndbox>
      <xmin>598</xmin>
      <ymin>1612</ymin>
      <xmax>981</xmax>
      <ymax>1927</ymax>
    </bndbox>
  </object>
  <object>
    <name>bird</name>
    <bndbox>
      <xmin>1753</xmin>
      <ymin>1120</ymin>
      <xmax>1950</xmax>
      <ymax>1337</ymax>
    </bndbox>
  </object>
  <object>
    <name>bird</name>
    <bndbox>
      <xmin>885</xmin>
      <ymin>976</ymin>
      <xmax>1324</xmax>
      <ymax>1182</ymax>
    </bndbox>
  </object>
  <object>
    <name>bird</name>
    <bndbox>
      <xmin>1918</xmin>
      <ymin>868</ymin>
      <xmax>2229</xmax>
      <ymax>1013</ymax>
    </bndbox>
  </object>
  <object>
    <name>bird</name>
    <bndbox>
      <xmin>1318</xmin>
      <ymin>2016</ymin>
      <xmax>1803</xmax>
      <ymax>2159</ymax>
    </bndbox>
  </object>
  <object>
    <name>bird</name>
    <bndbox>
      <xmin>1199</xmin>
      <ymin>835</ymin>
      <xmax>1536</xmax>
      <ymax>1029</ymax>
    </bndbox>
  </object>
  <object>
    <name>bird</name>
    <bndbox>
      <xmin>1227</xmin>
      <ymin>662</ymin>
      <xmax>1696</xmax>
      <ymax>955</ymax>
    </bndbox>
  </object>
</annotation>
