<?xml version='1.0' encoding='UTF-8'?>
<annotation>
  <folder>images</folder>
  <filename>frame_310.jpg</filename>
  <object>
    <name>bird</name>
    <bndbox>
      <xmin>3046</xmin>
      <ymin>965</ymin>
      <xmax>3398</xmax>
      <ymax>1251</ymax>
    </bndbox>
  </object>
  <object>
    <name>bird</name>
    <bndbox>
      <xmin>1217</xmin>
      <ymin>1575</ymin>
      <xmax>1815</xmax>
      <ymax>1924</ymax>
    </bndbox>
  </object>
  <object>
    <name>bird</name>
    <bndbox>
      <xmin>823</xmin>
      <ymin>1174</ymin>
      <xmax>1261</xmax>
      <ymax>1448</ymax>
    </bndbox>
  </object>
  <object>
    <name>bird</name>
    <bndbox>
      <xmin>892</xmin>
      <ymin>1880</ymin>
      <xmax>1274</xmax>
      <ymax>2100</ymax>
    </bndbox>
  </object>
  <object>
    <name>bird</name>
    <bndbox>
      <xmin>173</xmin>
      <ymin>1724</ymin>
      <xmax>582</xmax>
      <ymax>2022</ymax>
    </bndbox>
  </object>
  <object>
    <name>bird</name>
    <bndbox>
      <xmin>2227</xmin>
      <ymin>829</ymin>
      <xmax>2579</xmax>
      <ymax>1186</ymax>
    </bndbox>
  </object>
  <object>
    <name>bird</name>
    <bndbox>
      <xmin>1471</xmin>
      <ymin>996</ymin>
      <xmax>1674</xmax>
      <ymax>1217</ymax>
    </bndbox>
  </object>
  <object>
    <name>bird</name>
    <bndbox>
      <xmin>2159</xmin>
      <ymin>749</ymin>
      <xmax>2469</xmax>
      <ymax>917</ymax>
    </bndbox>
  </object>
  <object>
    <name>bird</name>
    <bndbox>
      <xmin>1735</xmin>
      <ymin>692</ymin>
      <xmax>2111</xmax>
      <ymax>864</ymax>
    </bndbox>
  </object>
  <object>
    <name>bird</name>
    <bndbox>
      <xmin>1480</xmin>
      <ymin>683</ymin>
      <xmax>1677</xmax>
      <ymax>870</ymax>
    </bndbox>
  </object>
</annotation>
