<?xml version='1.0' encoding='UTF-8'?>
<annotation>
  <folder>images</folder>
  <filename>frame_295.jpg</filename>
  <object>
    <name>bird</name>
    <bndbox>
      <xmin>3033</xmin>
      <ymin>1023</ymin>
      <xmax>3379</xmax>
      <ymax>1338</ymax>
    </bndbox>
  </object>
  <object>
    <name>bird</name>
    <bndbox>
      <xmin>1011</xmin>
      <ymin>1573</ymin>
      <xmax>1440</xmax>
      <ymax>1902</ymax>
    </bndbox>
  </object>
  <object>
    <name>bird</name>
    <bndbox>
      <xmin>1116</xmin>
      <ymin>1026</ymin>
      <xmax>1522</xmax>
      <ymax>1275</ymax>
    </bndbox>
  </object>
  <object>
    <name>bird</name>
    <bndbox>
      <xmin>1749</xmin>
      <ymin>1199</ymin>
      <xmax>2171</xmax>
      <ymax>1569</ymax>
    </bndbox>
  </object>
  <object>
    <name>bird</name>
    <bndbox>
      <xmin>517</xmin>
      <ymin>1811</ymin>
      <xmax>862</xmax>
      <ymax>2092</ymax>
    </bndbox>
  </object>
  <object>
    <name>bird</name>
    <bndbox>
      <xmin>1971</xmin>
      <ymin>887</ymin>
      <xmax>2185</xmax>
      <ymax>1136</ymax>
    </bndbox>
  </object>
  <object>
    <name>bird</name>
    <bndbox>
      <xmin>2474</xmin>
      <ymin>809</ymin>
      <xmax>2863</xmax>
      <ymax>1028</ymax>
    </bndbox>
  </object>
  <object>
    <name>bird</name>
    <bndbox>
      <xmin>121</xmin>
      <ymin>1834</ymin>
      <xmax>584</xmax>
      <ymax>2159</ymax>
    </bndbox>
  </object>
  <object>
    <name>bird</name>
    <bndbox>
      <xmin>2090</xmin>
      <ymin>682</ymin>
      <xmax>2454</xmax>
      <ymax>883</ymax>
    </bndbox>
  </object>
  <object>
    <name>bird</name>
    <bndbox>
      <xmin>0</xmin>
      <ymin>1642</ymin>
      <xmax>197</xmax>
      <ymax>1951</ymax>
    </bndbox>
  </object>
  <object>
    <name>bird</name>
    <bndbox>
      <xmin>2269</xmin>
      <ymin>885</ymin>
      <xmax>2629</xmax>
      <ymax>1249</ymax>
    </bndbox>
  </object>
</annotation>
