<?xml version='1.0' encoding='UTF-8'?>
<annotation>
  <folder>images</folder>
  <filename>frame_329.jpg</filename>
  <object>
    <name>bird</name>
    <bndbox>
      <xmin>1530</xmin>
      <ymin>1694</ymin>
      <xmax>2082</xmax>
      <ymax>1960</ymax>
    </bndbox>
  </object>
  <object>
    <name>bird</name>
    <bndbox>
      <xmin>556</xmin>
      <ymin>1192</ymin>
      <xmax>1044</xmax>
      <ymax>1489</ymax>
    </bndbox>
  </object>
  <object>
    <name>bird</name>
    <bndbox>
      <xmin>473</xmin>
      <ymin>1674</ymin>
      <xmax>1043</xmax>
      <ymax>2131</ymax>
    </bndbox>
  </object>
  <object>
    <name>bird</name>
    <bndbox>
      <xmin>1758</xmin>
      <ymin>1073</ymin>
      <xmax>1990</xmax>
      <ymax>1312</ymax>
    </bndbox>
  </object>
  <object>
    <name>bird</name>
    <bndbox>
      <xmin>2779</xmin>
      <ymin>941</ymin>
      <xmax>3186</xmax>
      <ymax>1209</ymax>
    </bndbox>
  </object>
  <object>
    <name>bird</name>
    <bndbox>
      <xmin>1076</xmin>
      <ymin>1126</ymin>
      <xmax>1540</xmax>
      <ymax>1384</ymax>
    </bndbox>
  </object>
  <object>
    <name>bird</name>
    <bndbox>
      <xmin>1444</xmin>
      <ymin>1050</ymin>
      <xmax>1778</xmax>
      <ymax>1267</ymax>
    </bndbox>
  </object>
  <object>
    <name>bird</name>
    <bndbox>
      <xmin>579</xmin>
      <ymin>825</ymin>
      <xmax>848</xmax>
      <ymax>1082</ymax>
    </bndbox>
  </object>
  <object>
    <name>bird</name>
    <bndbox>
      <xmin>1337</xmin>
      <ymin>1958</ymin>
      <xmax>1757</xmax>
      <ymax>2159</ymax>
    </bndbox>
  </object>
  <object>
    <name>bird</name>
    <bndbox>
      <xmin>2575</xmin>
      <ymin>1282</ymin>
      <xmax>2836</xmax>
      <ymax>1617</ymax>
    </bndbox>
  </object>
  <object>
    <name>bird</name>
    <bndbox>
      <xmin>915</xmin>
      <ymin>945</ymin>
      <xmax>1280</xmax>
      <ymax>1129</ymax>
    </bndbox>
  </object>
</annotation>
