<?xml version='1.0' encoding='UTF-8'?>
<annotation>
  <folder>images</folder>
  <filename>frame_160.jpg</filename>
  <object>
    <name>bird</name>
    <bndbox>
      <xmin>1029</xmin>
      <ymin>1307</ymin>
      <xmax>1649</xmax>
      <ymax>1579</ymax>
    </bndbox>
  </object>
  <object>
    <name>bird</name>
    <bndbox>
      <xmin>14</xmin>
      <ymin>1352</ymin>
      <xmax>627</xmax>
      <ymax>1681</ymax>
    </bndbox>
  </object>
  <object>
    <name>bird</name>
    <bndbox>
      <xmin>1564</xmin>
      <ymin>894</ymin>
      <xmax>1807</xmax>
      <ymax>1199</ymax>
    </bndbox>
  </object>
  <object>
    <name>bird</name>
    <bndbox>
      <xmin>1666</xmin>
      <ymin>758</ymin>
      <xmax>1897</xmax>
      <ymax>1136</ymax>
    </bndbox>
  </object>
  <object>
    <name>bird</name>
    <bndbox>
      <xmin>1562</xmin>
      <ymin>1150</ymin>
      <xmax>2017</xmax>
      <ymax>1410</ymax>
    </bndbox>
  </object>
  <object>
    <name>bird</name>
    <bndbox>
      <xmin>1894</xmin>
      <ymin>795</ymin>
      <xmax>2168</xmax>
      <ymax>1111</ymax>
    </bndbox>
  </object>
  <object>
    <name>bird</name>
    <bndbox>
      <xmin>992</xmin>
      <ymin>839</ymin>
      <xmax>1381</xmax>
      <ymax>1028</ymax>
    </bndbox>
  </object>
  <object>
    <name>bird</name>
    <bndbox>
      <xmin>1910</xmin>
      <ymin>1422</ymin>
      <xmax>2256</xmax>
      <ymax>1684</ymax>
    </bndbox>
  </object>
  <object>
    <name>bird</name>
    <bndbox>
      <xmin>1098</xmin>
      <ymin>977</ymin>
      <xmax>1605</xmax>
      <ymax>1213</ymax>
    </bndbox>
  </object>
</annotation>
