<?xml version='1.0' encoding='UTF-8'?>
<annotation>
  <folder>images</folder>
  <filename>frame_285.jpg</filename>
  <object>
    <name>bird</name>
    <bndbox>
      <xmin>2989</xmin>
      <ymin>1110</ymin>
      <xmax>3387</xmax>
      <ymax>1415</ymax>
    </bndbox>
  </object>
  <object>
    <name>bird</name>
    <bndbox>
      <xmin>533</xmin>
      <ymin>1624</ymin>
      <xmax>1027</xmax>
      <ymax>2023</ymax>
    </bndbox>
  </object>
  <object>
    <name>bird</name>
    <bndbox>
      <xmin>1026</xmin>
      <ymin>1043</ymin>
      <xmax>1433</xmax>
      <ymax>1288</ymax>
    </bndbox>
  </object>
  <object>
    <name>bird</name>
    <bndbox>
      <xmin>2188</xmin>
      <ymin>1398</ymin>
      <xmax>2529</xmax>
      <ymax>1837</ymax>
    </bndbox>
  </object>
  <object>
    <name>bird</name>
    <bndbox>
      <xmin>2184</xmin>
      <ymin>768</ymin>
      <xmax>2555</xmax>
      <ymax>1179</ymax>
    </bndbox>
  </object>
  <object>
    <name>bird</name>
    <bndbox>
      <xmin>27</xmin>
      <ymin>1800</ymin>
      <xmax>337</xmax>
      <ymax>2096</ymax>
    </bndbox>
  </object>
  <object>
    <name>bird</name>
    <bndbox>
      <xmin>2157</xmin>
      <ymin>692</ymin>
      <xmax>2505</xmax>
      <ymax>897</ymax>
    </bndbox>
  </object>
  <object>
    <name>bird</name>
    <bndbox>
      <xmin>1484</xmin>
      <ymin>980</ymin>
      <xmax>1724</xmax>
      <ymax>1205</ymax>
    </bndbox>
  </object>
  <object>
    <name>bird</name>
    <bndbox>
      <xmin>1150</xmin>
      <ymin>894</ymin>
      <xmax>1594</xmax>
      <ymax>1095</ymax>
    </bndbox>
  </object>
  <object>
    <name>bird</name>
    <bndbox>
      <xmin>1412</xmin>
      <ymin>574</ymin>
      <xmax>1905</xmax>
      <ymax>766</ymax>
    </bndbox>
  </object>
  <object>
    <name>bird</name>
    <bndbox>
      <xmin>1676</xmin>
      <ymin>876</ymin>
      <xmax>1993</xmax>
      <ymax>1112</ymax>
    </bndbox>
  </object>
  <object>
    <name>bird</name>
    <bndbox>
      <xmin>2599</xmin>
      <ymin>863</ymin>
      <xmax>2924</xmax>
      <ymax>1087</ymax>
    </bndbox>
  </object>
</annotation>
