<?xml version='1.0' encoding='UTF-8'?>
<annotation>
  <folder>images</folder>
  <filename>frame_121.jpg</filename>
  <object>
    <name>bird</name>
    <bndbox>
      <xmin>1753</xmin>
      <ymin>1357</ymin>
      <xmax>2179</xmax>
      <ymax>1603</ymax>
    </bndbox>
  </object>
  <object>
    <name>bird</name>
    <bndbox>
      <xmin>859</xmin>
      <ymin>1109</ymin>
      <xmax>1630</xmax>
      <ymax>1514</ymax>
    </bndbox>
  </object>
  <object>
    <name>bird</name>
    <bndbox>
      <xmin>1302</xmin>
      <ymin>797</ymin>
      <xmax>1580</xmax>
      <ymax>1264</ymax>
    </bndbox>
  </object>
  <object>
    <name>bird</name>
    <bndbox>
      <xmin>2179</xmin>
      <ymin>1049</ymin>
      <xmax>2968</xmax>
      <ymax>1472</ymax>
    </bndbox>
  </object>
  <object>
    <name>bird</name>
    <bndbox>
      <xmin>1554</xmin>
      <ymin>1019</ymin>
      <xmax>2214</xmax>
      <ymax>1272</ymax>
    </bndbox>
  </object>
  <object>
    <name>bird</name>
    <bndbox>
      <xmin>1648</xmin>
      <ymin>613</ymin>
      <xmax>1855</xmax>
      <ymax>948</ymax>
    </bndbox>
  </object>
  <object>
    <name>bird</name>
    <bndbox>
      <xmin>1556</xmin>
      <ymin>757</ymin>
      <xmax>1790</xmax>
      <ymax>1152</ymax>
    </bndbox>
  </object>
  <object>
    <name>bird</name>
    <bndbox>
      <xmin>70</xmin>
      <ymin>583</ymin>
      <xmax>200</xmax>
      <ymax>961</ymax>
    </bndbox>
  </object>
  <object>
    <name>bird</name>
    <bndbox>
      <xmin>936</xmin>
      <ymin>864</ymin>
      <xmax>1300</xmax>
      <ymax>1097</ymax>
    </bndbox>
  </object>
  <object>
    <name>bird</name>
    <bndbox>
      <xmin>1831</xmin>
      <ymin>710</ymin>
      <xmax>2098</xmax>
      <ymax>962</ymax>
    </bndbox>
  </object>
  <object>
    <name>bird</name>
    <bndbox>
      <xmin>667</xmin>
      <ymin>1043</ymin>
      <xmax>1131</xmax>
      <ymax>1283</ymax>
    </bndbox>
  </object>
</annotation>
