<?xml version='1.0' encoding='UTF-8'?>
<annotation>
  <folder>images</folder>
  <filename>frame_309.jpg</filename>
  <object>
    <name>bird</name>
    <bndbox>
      <xmin>3022</xmin>
      <ymin>979</ymin>
      <xmax>3356</xmax>
      <ymax>1266</ymax>
    </bndbox>
  </object>
  <object>
    <name>bird</name>
    <bndbox>
      <xmin>1235</xmin>
      <ymin>1575</ymin>
      <xmax>1838</xmax>
      <ymax>1930</ymax>
    </bndbox>
  </object>
  <object>
    <name>bird</name>
    <bndbox>
      <xmin>842</xmin>
      <ymin>1190</ymin>
      <xmax>1351</xmax>
      <ymax>1517</ymax>
    </bndbox>
  </object>
  <object>
    <name>bird</name>
    <bndbox>
      <xmin>884</xmin>
      <ymin>1886</ymin>
      <xmax>1260</xmax>
      <ymax>2109</ymax>
    </bndbox>
  </object>
  <object>
    <name>bird</name>
    <bndbox>
      <xmin>663</xmin>
      <ymin>1916</ymin>
      <xmax>1031</xmax>
      <ymax>2158</ymax>
    </bndbox>
  </object>
  <object>
    <name>bird</name>
    <bndbox>
      <xmin>186</xmin>
      <ymin>1726</ymin>
      <xmax>567</xmax>
      <ymax>2019</ymax>
    </bndbox>
  </object>
  <object>
    <name>bird</name>
    <bndbox>
      <xmin>2236</xmin>
      <ymin>822</ymin>
      <xmax>2605</xmax>
      <ymax>1198</ymax>
    </bndbox>
  </object>
  <object>
    <name>bird</name>
    <bndbox>
      <xmin>1289</xmin>
      <ymin>2067</ymin>
      <xmax>1755</xmax>
      <ymax>2158</ymax>
    </bndbox>
  </object>
  <object>
    <name>bird</name>
    <bndbox>
      <xmin>1496</xmin>
      <ymin>1010</ymin>
      <xmax>1701</xmax>
      <ymax>1234</ymax>
    </bndbox>
  </object>
  <object>
    <name>bird</name>
    <bndbox>
      <xmin>2168</xmin>
      <ymin>739</ymin>
      <xmax>2500</xmax>
      <ymax>927</ymax>
    </bndbox>
  </object>
  <object>
    <name>bird</name>
    <bndbox>
      <xmin>1773</xmin>
      <ymin>694</ymin>
      <xmax>2151</xmax>
      <ymax>866</ymax>
    </bndbox>
  </object>
  <object>
    <name>bird</name>
    <bndbox>
      <xmin>1527</xmin>
      <ymin>681</ymin>
      <xmax>1727</xmax>
      <ymax>873</ymax>
    </bndbox>
  </object>
</annotation>
