<?xml version='1.0' encoding='UTF-8'?>
<annotation>
  <folder>images</folder>
  <filename>frame_268.jpg</filename>
  <object>
    <name>bird</name>
    <bndbox>
      <xmin>2055</xmin>
      <ymin>1407</ymin>
      <xmax>2776</xmax>
      <ymax>1790</ymax>
    </bndbox>
  </object>
  <object>
    <name>bird</name>
    <bndbox>
      <xmin>2467</xmin>
      <ymin>1171</ymin>
      <xmax>2806</xmax>
      <ymax>1372</ymax>
    </bndbox>
  </object>
  <object>
    <name>bird</name>
    <bndbox>
      <xmin>586</xmin>
      <ymin>1111</ymin>
      <xmax>1107</xmax>
      <ymax>1343</ymax>
    </bndbox>
  </object>
  <object>
    <name>bird</name>
    <bndbox>
      <xmin>1858</xmin>
      <ymin>1102</ymin>
      <xmax>2094</xmax>
      <ymax>1344</ymax>
    </bndbox>
  </object>
  <object>
    <name>bird</name>
    <bndbox>
      <xmin>1944</xmin>
      <ymin>820</ymin>
      <xmax>2353</xmax>
      <ymax>1019</ymax>
    </bndbox>
  </object>
  <object>
    <name>bird</name>
    <bndbox>
      <xmin>955</xmin>
      <ymin>967</ymin>
      <xmax>1385</xmax>
      <ymax>1149</ymax>
    </bndbox>
  </object>
  <object>
    <name>bird</name>
    <bndbox>
      <xmin>1720</xmin>
      <ymin>770</ymin>
      <xmax>1895</xmax>
      <ymax>1050</ymax>
    </bndbox>
  </object>
  <object>
    <name>bird</name>
    <bndbox>
      <xmin>1625</xmin>
      <ymin>1117</ymin>
      <xmax>1879</xmax>
      <ymax>1338</ymax>
    </bndbox>
  </object>
  <object>
    <name>bird</name>
    <bndbox>
      <xmin>2481</xmin>
      <ymin>769</ymin>
      <xmax>2698</xmax>
      <ymax>1041</ymax>
    </bndbox>
  </object>
  <object>
    <name>bird</name>
    <bndbox>
      <xmin>1454</xmin>
      <ymin>1037</ymin>
      <xmax>1789</xmax>
      <ymax>1257</ymax>
    </bndbox>
  </object>
</annotation>
