<?xml version='1.0' encoding='UTF-8'?>
<annotation>
  <folder>images</folder>
  <filename>frame_62.jpg</filename>
  <object>
    <name>bird</name>
    <bndbox>
      <xmin>726</xmin>
      <ymin>675</ymin>
      <xmax>1289</xmax>
      <ymax>993</ymax>
    </bndbox>
  </object>
  <object>
    <name>bird</name>
    <bndbox>
      <xmin>2379</xmin>
      <ymin>1240</ymin>
      <xmax>3016</xmax>
      <ymax>1579</ymax>
    </bndbox>
  </object>
  <object>
    <name>bird</name>
    <bndbox>
      <xmin>2280</xmin>
      <ymin>693</ymin>
      <xmax>2887</xmax>
      <ymax>938</ymax>
    </bndbox>
  </object>
  <object>
    <name>bird</name>
    <bndbox>
      <xmin>1819</xmin>
      <ymin>126</ymin>
      <xmax>2286</xmax>
      <ymax>432</ymax>
    </bndbox>
  </object>
  <object>
    <name>bird</name>
    <bndbox>
      <xmin>1232</xmin>
      <ymin>690</ymin>
      <xmax>1559</xmax>
      <ymax>1235</ymax>
    </bndbox>
  </object>
  <object>
    <name>bird</name>
    <bndbox>
      <xmin>1446</xmin>
      <ymin>1189</ymin>
      <xmax>1957</xmax>
      <ymax>1501</ymax>
    </bndbox>
  </object>
  <object>
    <name>bird</name>
    <bndbox>
      <xmin>530</xmin>
      <ymin>972</ymin>
      <xmax>1302</xmax>
      <ymax>1588</ymax>
    </bndbox>
  </object>
  <object>
    <name>bird</name>
    <bndbox>
      <xmin>1546</xmin>
      <ymin>664</ymin>
      <xmax>1941</xmax>
      <ymax>1194</ymax>
    </bndbox>
  </object>
  <object>
    <name>bird</name>
    <bndbox>
      <xmin>435</xmin>
      <ymin>3</ymin>
      <xmax>1025</xmax>
      <ymax>219</ymax>
    </bndbox>
  </object>
  <object>
    <name>bird</name>
    <bndbox>
      <xmin>1892</xmin>
      <ymin>591</ymin>
      <xmax>2316</xmax>
      <ymax>1139</ymax>
    </bndbox>
  </object>
  <object>
    <name>bird</name>
    <bndbox>
      <xmin>2063</xmin>
      <ymin>1095</ymin>
      <xmax>2425</xmax>
      <ymax>1420</ymax>
    </bndbox>
  </object>
</annotation>
