<?xml version='1.0' encoding='UTF-8'?>
<annotation>
  <folder>images</folder>
  <filename>frame_173.jpg</filename>
  <object>
    <name>bird</name>
    <bndbox>
      <xmin>683</xmin>
      <ymin>1294</ymin>
      <xmax>1289</xmax>
      <ymax>1593</ymax>
    </bndbox>
  </object>
  <object>
    <name>bird</name>
    <bndbox>
      <xmin>680</xmin>
      <ymin>991</ymin>
      <xmax>1052</xmax>
      <ymax>1281</ymax>
    </bndbox>
  </object>
  <object>
    <name>bird</name>
    <bndbox>
      <xmin>1244</xmin>
      <ymin>1275</ymin>
      <xmax>1869</xmax>
      <ymax>1544</ymax>
    </bndbox>
  </object>
  <object>
    <name>bird</name>
    <bndbox>
      <xmin>2448</xmin>
      <ymin>1032</ymin>
      <xmax>2754</xmax>
      <ymax>1281</ymax>
    </bndbox>
  </object>
  <object>
    <name>bird</name>
    <bndbox>
      <xmin>8</xmin>
      <ymin>522</ymin>
      <xmax>375</xmax>
      <ymax>862</ymax>
    </bndbox>
  </object>
  <object>
    <name>bird</name>
    <bndbox>
      <xmin>2121</xmin>
      <ymin>1325</ymin>
      <xmax>2486</xmax>
      <ymax>1572</ymax>
    </bndbox>
  </object>
  <object>
    <name>bird</name>
    <bndbox>
      <xmin>1709</xmin>
      <ymin>738</ymin>
      <xmax>1973</xmax>
      <ymax>1035</ymax>
    </bndbox>
  </object>
  <object>
    <name>bird</name>
    <bndbox>
      <xmin>1480</xmin>
      <ymin>1115</ymin>
      <xmax>2003</xmax>
      <ymax>1437</ymax>
    </bndbox>
  </object>
</annotation>
