<?xml version='1.0' encoding='UTF-8'?>
<annotation>
  <folder>images</folder>
  <filename>frame_319.jpg</filename>
  <object>
    <name>bird</name>
    <bndbox>
      <xmin>1512</xmin>
      <ymin>1663</ymin>
      <xmax>2114</xmax>
      <ymax>1986</ymax>
    </bndbox>
  </object>
  <object>
    <name>bird</name>
    <bndbox>
      <xmin>724</xmin>
      <ymin>1232</ymin>
      <xmax>1171</xmax>
      <ymax>1510</ymax>
    </bndbox>
  </object>
  <object>
    <name>bird</name>
    <bndbox>
      <xmin>457</xmin>
      <ymin>1707</ymin>
      <xmax>994</xmax>
      <ymax>2104</ymax>
    </bndbox>
  </object>
  <object>
    <name>bird</name>
    <bndbox>
      <xmin>2485</xmin>
      <ymin>939</ymin>
      <xmax>2789</xmax>
      <ymax>1269</ymax>
    </bndbox>
  </object>
  <object>
    <name>bird</name>
    <bndbox>
      <xmin>1646</xmin>
      <ymin>1038</ymin>
      <xmax>1865</xmax>
      <ymax>1276</ymax>
    </bndbox>
  </object>
  <object>
    <name>bird</name>
    <bndbox>
      <xmin>2401</xmin>
      <ymin>804</ymin>
      <xmax>2807</xmax>
      <ymax>1004</ymax>
    </bndbox>
  </object>
  <object>
    <name>bird</name>
    <bndbox>
      <xmin>769</xmin>
      <ymin>917</ymin>
      <xmax>1173</xmax>
      <ymax>1121</ymax>
    </bndbox>
  </object>
  <object>
    <name>bird</name>
    <bndbox>
      <xmin>1012</xmin>
      <ymin>1140</ymin>
      <xmax>1385</xmax>
      <ymax>1343</ymax>
    </bndbox>
  </object>
  <object>
    <name>bird</name>
    <bndbox>
      <xmin>1210</xmin>
      <ymin>1030</ymin>
      <xmax>1610</xmax>
      <ymax>1260</ymax>
    </bndbox>
  </object>
  <object>
    <name>bird</name>
    <bndbox>
      <xmin>81</xmin>
      <ymin>886</ymin>
      <xmax>248</xmax>
      <ymax>1189</ymax>
    </bndbox>
  </object>
  <object>
    <name>bird</name>
    <bndbox>
      <xmin>1832</xmin>
      <ymin>754</ymin>
      <xmax>2209</xmax>
      <ymax>937</ymax>
    </bndbox>
  </object>
</annotation>
