<?xml version='1.0' encoding='UTF-8'?>
<annotation>
  <folder>images</folder>
  <filename>frame_151.jpg</filename>
  <object>
    <name>bird</name>
    <bndbox>
      <xmin>1119</xmin>
      <ymin>1267</ymin>
      <xmax>1786</xmax>
      <ymax>1563</ymax>
    </bndbox>
  </object>
  <object>
    <name>bird</name>
    <bndbox>
      <xmin>1434</xmin>
      <ymin>966</ymin>
      <xmax>1679</xmax>
      <ymax>1364</ymax>
    </bndbox>
  </object>
  <object>
    <name>bird</name>
    <bndbox>
      <xmin>60</xmin>
      <ymin>1354</ymin>
      <xmax>604</xmax>
      <ymax>1661</ymax>
    </bndbox>
  </object>
  <object>
    <name>bird</name>
    <bndbox>
      <xmin>1689</xmin>
      <ymin>878</ymin>
      <xmax>1902</xmax>
      <ymax>1197</ymax>
    </bndbox>
  </object>
  <object>
    <name>bird</name>
    <bndbox>
      <xmin>828</xmin>
      <ymin>1159</ymin>
      <xmax>1241</xmax>
      <ymax>1401</ymax>
    </bndbox>
  </object>
  <object>
    <name>bird</name>
    <bndbox>
      <xmin>1766</xmin>
      <ymin>756</ymin>
      <xmax>1986</xmax>
      <ymax>1112</ymax>
    </bndbox>
  </object>
  <object>
    <name>bird</name>
    <bndbox>
      <xmin>1697</xmin>
      <ymin>1142</ymin>
      <xmax>2138</xmax>
      <ymax>1395</ymax>
    </bndbox>
  </object>
  <object>
    <name>bird</name>
    <bndbox>
      <xmin>1988</xmin>
      <ymin>1421</ymin>
      <xmax>2326</xmax>
      <ymax>1673</ymax>
    </bndbox>
  </object>
  <object>
    <name>bird</name>
    <bndbox>
      <xmin>2122</xmin>
      <ymin>1225</ymin>
      <xmax>2416</xmax>
      <ymax>1446</ymax>
    </bndbox>
  </object>
  <object>
    <name>bird</name>
    <bndbox>
      <xmin>1992</xmin>
      <ymin>768</ymin>
      <xmax>2260</xmax>
      <ymax>1085</ymax>
    </bndbox>
  </object>
  <object>
    <name>bird</name>
    <bndbox>
      <xmin>1952</xmin>
      <ymin>1060</ymin>
      <xmax>2395</xmax>
      <ymax>1251</ymax>
    </bndbox>
  </object>
</annotation>
