<?xml version='1.0' encoding='UTF-8'?>
<annotation>
  <folder>images</folder>
  <filename>frame_174.jpg</filename>
  <object>
    <name>bird</name>
    <bndbox>
      <xmin>757</xmin>
      <ymin>1270</ymin>
      <xmax>1393</xmax>
      <ymax>1587</ymax>
    </bndbox>
  </object>
  <object>
    <name>bird</name>
    <bndbox>
      <xmin>1312</xmin>
      <ymin>1251</ymin>
      <xmax>1903</xmax>
      <ymax>1505</ymax>
    </bndbox>
  </object>
  <object>
    <name>bird</name>
    <bndbox>
      <xmin>2</xmin>
      <ymin>518</ymin>
      <xmax>378</xmax>
      <ymax>864</ymax>
    </bndbox>
  </object>
  <object>
    <name>bird</name>
    <bndbox>
      <xmin>2162</xmin>
      <ymin>1295</ymin>
      <xmax>2538</xmax>
      <ymax>1534</ymax>
    </bndbox>
  </object>
  <object>
    <name>bird</name>
    <bndbox>
      <xmin>2345</xmin>
      <ymin>689</ymin>
      <xmax>2787</xmax>
      <ymax>1037</ymax>
    </bndbox>
  </object>
  <object>
    <name>bird</name>
    <bndbox>
      <xmin>1999</xmin>
      <ymin>781</ymin>
      <xmax>2181</xmax>
      <ymax>1051</ymax>
    </bndbox>
  </object>
  <object>
    <name>bird</name>
    <bndbox>
      <xmin>1729</xmin>
      <ymin>717</ymin>
      <xmax>1992</xmax>
      <ymax>1012</ymax>
    </bndbox>
  </object>
  <object>
    <name>bird</name>
    <bndbox>
      <xmin>1539</xmin>
      <ymin>1092</ymin>
      <xmax>2041</xmax>
      <ymax>1405</ymax>
    </bndbox>
  </object>
  <object>
    <name>bird</name>
    <bndbox>
      <xmin>847</xmin>
      <ymin>1093</ymin>
      <xmax>1326</xmax>
      <ymax>1276</ymax>
    </bndbox>
  </object>
  <object>
    <name>bird</name>
    <bndbox>
      <xmin>1159</xmin>
      <ymin>768</ymin>
      <xmax>1670</xmax>
      <ymax>974</ymax>
    </bndbox>
  </object>
  <object>
    <name>bird</name>
    <bndbox>
      <xmin>2153</xmin>
      <ymin>1117</ymin>
      <xmax>2510</xmax>
      <ymax>1330</ymax>
    </bndbox>
  </object>
</annotation>
