<?xml version='1.0' encoding='UTF-8'?>
<annotation>
  <folder>images</folder>
  <filename>frame_296.jpg</filename>
  <object>
    <name>bird</name>
    <bndbox>
      <xmin>3042</xmin>
      <ymin>1032</ymin>
      <xmax>3358</xmax>
      <ymax>1329</ymax>
    </bndbox>
  </object>
  <object>
    <name>bird</name>
    <bndbox>
      <xmin>1078</xmin>
      <ymin>1586</ymin>
      <xmax>1490</xmax>
      <ymax>1895</ymax>
    </bndbox>
  </object>
  <object>
    <name>bird</name>
    <bndbox>
      <xmin>1092</xmin>
      <ymin>1019</ymin>
      <xmax>1509</xmax>
      <ymax>1279</ymax>
    </bndbox>
  </object>
  <object>
    <name>bird</name>
    <bndbox>
      <xmin>1687</xmin>
      <ymin>1187</ymin>
      <xmax>2080</xmax>
      <ymax>1518</ymax>
    </bndbox>
  </object>
  <object>
    <name>bird</name>
    <bndbox>
      <xmin>561</xmin>
      <ymin>1816</ymin>
      <xmax>907</xmax>
      <ymax>2093</ymax>
    </bndbox>
  </object>
  <object>
    <name>bird</name>
    <bndbox>
      <xmin>1982</xmin>
      <ymin>914</ymin>
      <xmax>2174</xmax>
      <ymax>1137</ymax>
    </bndbox>
  </object>
  <object>
    <name>bird</name>
    <bndbox>
      <xmin>2445</xmin>
      <ymin>816</ymin>
      <xmax>2845</xmax>
      <ymax>1037</ymax>
    </bndbox>
  </object>
  <object>
    <name>bird</name>
    <bndbox>
      <xmin>201</xmin>
      <ymin>1851</ymin>
      <xmax>647</xmax>
      <ymax>2159</ymax>
    </bndbox>
  </object>
  <object>
    <name>bird</name>
    <bndbox>
      <xmin>0</xmin>
      <ymin>1670</ymin>
      <xmax>214</xmax>
      <ymax>1981</ymax>
    </bndbox>
  </object>
  <object>
    <name>bird</name>
    <bndbox>
      <xmin>2246</xmin>
      <ymin>888</ymin>
      <xmax>2617</xmax>
      <ymax>1246</ymax>
    </bndbox>
  </object>
  <object>
    <name>bird</name>
    <bndbox>
      <xmin>824</xmin>
      <ymin>2042</ymin>
      <xmax>1395</xmax>
      <ymax>2160</ymax>
    </bndbox>
  </object>
  <object>
    <name>bird</name>
    <bndbox>
      <xmin>1553</xmin>
      <ymin>901</ymin>
      <xmax>1852</xmax>
      <ymax>1202</ymax>
    </bndbox>
  </object>
  <object>
    <name>bird</name>
    <bndbox>
      <xmin>1147</xmin>
      <ymin>849</ymin>
      <xmax>1722</xmax>
      <ymax>1125</ymax>
    </bndbox>
  </object>
</annotation>
