<?xml version='1.0' encoding='UTF-8'?>
<annotation>
  <folder>images</folder>
  <filename>frame_332.jpg</filename>
  <object>
    <name>bird</name>
    <bndbox>
      <xmin>1497</xmin>
      <ymin>1700</ymin>
      <xmax>2058</xmax>
      <ymax>1956</ymax>
    </bndbox>
  </object>
  <object>
    <name>bird</name>
    <bndbox>
      <xmin>446</xmin>
      <ymin>1222</ymin>
      <xmax>887</xmax>
      <ymax>1473</ymax>
    </bndbox>
  </object>
  <object>
    <name>bird</name>
    <bndbox>
      <xmin>505</xmin>
      <ymin>1696</ymin>
      <xmax>991</xmax>
      <ymax>2153</ymax>
    </bndbox>
  </object>
  <object>
    <name>bird</name>
    <bndbox>
      <xmin>2891</xmin>
      <ymin>998</ymin>
      <xmax>3211</xmax>
      <ymax>1233</ymax>
    </bndbox>
  </object>
  <object>
    <name>bird</name>
    <bndbox>
      <xmin>1068</xmin>
      <ymin>1154</ymin>
      <xmax>1447</xmax>
      <ymax>1390</ymax>
    </bndbox>
  </object>
  <object>
    <name>bird</name>
    <bndbox>
      <xmin>1441</xmin>
      <ymin>1060</ymin>
      <xmax>1760</xmax>
      <ymax>1274</ymax>
    </bndbox>
  </object>
  <object>
    <name>bird</name>
    <bndbox>
      <xmin>717</xmin>
      <ymin>755</ymin>
      <xmax>1043</xmax>
      <ymax>1042</ymax>
    </bndbox>
  </object>
  <object>
    <name>bird</name>
    <bndbox>
      <xmin>2644</xmin>
      <ymin>1412</ymin>
      <xmax>2928</xmax>
      <ymax>1760</ymax>
    </bndbox>
  </object>
  <object>
    <name>bird</name>
    <bndbox>
      <xmin>1876</xmin>
      <ymin>782</ymin>
      <xmax>2224</xmax>
      <ymax>969</ymax>
    </bndbox>
  </object>
  <object>
    <name>bird</name>
    <bndbox>
      <xmin>1969</xmin>
      <ymin>908</ymin>
      <xmax>2324</xmax>
      <ymax>1051</ymax>
    </bndbox>
  </object>
  <object>
    <name>bird</name>
    <bndbox>
      <xmin>928</xmin>
      <ymin>951</ymin>
      <xmax>1287</xmax>
      <ymax>1132</ymax>
    </bndbox>
  </object>
</annotation>
