<?xml version='1.0' encoding='UTF-8'?>
<annotation>
  <folder>images</folder>
  <filename>frame_301.jpg</filename>
  <object>
    <name>bird</name>
    <bndbox>
      <xmin>2983</xmin>
      <ymin>1017</ymin>
      <xmax>3214</xmax>
      <ymax>1263</ymax>
    </bndbox>
  </object>
  <object>
    <name>bird</name>
    <bndbox>
      <xmin>1163</xmin>
      <ymin>1594</ymin>
      <xmax>1589</xmax>
      <ymax>1861</ymax>
    </bndbox>
  </object>
  <object>
    <name>bird</name>
    <bndbox>
      <xmin>958</xmin>
      <ymin>1022</ymin>
      <xmax>1315</xmax>
      <ymax>1254</ymax>
    </bndbox>
  </object>
  <object>
    <name>bird</name>
    <bndbox>
      <xmin>1323</xmin>
      <ymin>1160</ymin>
      <xmax>1739</xmax>
      <ymax>1463</ymax>
    </bndbox>
  </object>
  <object>
    <name>bird</name>
    <bndbox>
      <xmin>674</xmin>
      <ymin>1793</ymin>
      <xmax>1041</xmax>
      <ymax>2049</ymax>
    </bndbox>
  </object>
  <object>
    <name>bird</name>
    <bndbox>
      <xmin>1881</xmin>
      <ymin>896</ymin>
      <xmax>2068</xmax>
      <ymax>1116</ymax>
    </bndbox>
  </object>
  <object>
    <name>bird</name>
    <bndbox>
      <xmin>332</xmin>
      <ymin>1800</ymin>
      <xmax>839</xmax>
      <ymax>2157</ymax>
    </bndbox>
  </object>
  <object>
    <name>bird</name>
    <bndbox>
      <xmin>38</xmin>
      <ymin>1572</ymin>
      <xmax>293</xmax>
      <ymax>1928</ymax>
    </bndbox>
  </object>
  <object>
    <name>bird</name>
    <bndbox>
      <xmin>2099</xmin>
      <ymin>771</ymin>
      <xmax>2473</xmax>
      <ymax>1190</ymax>
    </bndbox>
  </object>
  <object>
    <name>bird</name>
    <bndbox>
      <xmin>733</xmin>
      <ymin>1953</ymin>
      <xmax>1690</xmax>
      <ymax>2159</ymax>
    </bndbox>
  </object>
  <object>
    <name>bird</name>
    <bndbox>
      <xmin>1524</xmin>
      <ymin>934</ymin>
      <xmax>1785</xmax>
      <ymax>1203</ymax>
    </bndbox>
  </object>
  <object>
    <name>bird</name>
    <bndbox>
      <xmin>1097</xmin>
      <ymin>892</ymin>
      <xmax>1583</xmax>
      <ymax>1140</ymax>
    </bndbox>
  </object>
  <object>
    <name>bird</name>
    <bndbox>
      <xmin>2254</xmin>
      <ymin>754</ymin>
      <xmax>2689</xmax>
      <ymax>979</ymax>
    </bndbox>
  </object>
  <object>
    <name>bird</name>
    <bndbox>
      <xmin>1934</xmin>
      <ymin>695</ymin>
      <xmax>2246</xmax>
      <ymax>852</ymax>
    </bndbox>
  </object>
</annotation>
