<?xml version='1.0' encoding='UTF-8'?>
<annotation>
  <folder>images</folder>
  <filename>frame_241.jpg</filename>
  <object>
    <name>bird</name>
    <bndbox>
      <xmin>2543</xmin>
      <ymin>1051</ymin>
      <xmax>3092</xmax>
      <ymax>1355</ymax>
    </bndbox>
  </object>
  <object>
    <name>bird</name>
    <bndbox>
      <xmin>1945</xmin>
      <ymin>1373</ymin>
      <xmax>2474</xmax>
      <ymax>1709</ymax>
    </bndbox>
  </object>
  <object>
    <name>bird</name>
    <bndbox>
      <xmin>2238</xmin>
      <ymin>1182</ymin>
      <xmax>2470</xmax>
      <ymax>1402</ymax>
    </bndbox>
  </object>
  <object>
    <name>bird</name>
    <bndbox>
      <xmin>1730</xmin>
      <ymin>1155</ymin>
      <xmax>2104</xmax>
      <ymax>1363</ymax>
    </bndbox>
  </object>
  <object>
    <name>bird</name>
    <bndbox>
      <xmin>1113</xmin>
      <ymin>821</ymin>
      <xmax>1730</xmax>
      <ymax>1189</ymax>
    </bndbox>
  </object>
  <object>
    <name>bird</name>
    <bndbox>
      <xmin>928</xmin>
      <ymin>1116</ymin>
      <xmax>1411</xmax>
      <ymax>1352</ymax>
    </bndbox>
  </object>
  <object>
    <name>bird</name>
    <bndbox>
      <xmin>1898</xmin>
      <ymin>774</ymin>
      <xmax>2101</xmax>
      <ymax>1045</ymax>
    </bndbox>
  </object>
  <object>
    <name>bird</name>
    <bndbox>
      <xmin>2070</xmin>
      <ymin>840</ymin>
      <xmax>2486</xmax>
      <ymax>1056</ymax>
    </bndbox>
  </object>
</annotation>
