<?xml version='1.0' encoding='UTF-8'?>
<annotation>
  <folder>images</folder>
  <filename>frame_267.jpg</filename>
  <object>
    <name>bird</name>
    <bndbox>
      <xmin>2020</xmin>
      <ymin>1447</ymin>
      <xmax>2676</xmax>
      <ymax>1789</ymax>
    </bndbox>
  </object>
  <object>
    <name>bird</name>
    <bndbox>
      <xmin>2403</xmin>
      <ymin>1180</ymin>
      <xmax>2809</xmax>
      <ymax>1448</ymax>
    </bndbox>
  </object>
  <object>
    <name>bird</name>
    <bndbox>
      <xmin>521</xmin>
      <ymin>1115</ymin>
      <xmax>1067</xmax>
      <ymax>1351</ymax>
    </bndbox>
  </object>
  <object>
    <name>bird</name>
    <bndbox>
      <xmin>1796</xmin>
      <ymin>1106</ymin>
      <xmax>2051</xmax>
      <ymax>1364</ymax>
    </bndbox>
  </object>
  <object>
    <name>bird</name>
    <bndbox>
      <xmin>1887</xmin>
      <ymin>809</ymin>
      <xmax>2344</xmax>
      <ymax>1028</ymax>
    </bndbox>
  </object>
  <object>
    <name>bird</name>
    <bndbox>
      <xmin>930</xmin>
      <ymin>977</ymin>
      <xmax>1338</xmax>
      <ymax>1148</ymax>
    </bndbox>
  </object>
  <object>
    <name>bird</name>
    <bndbox>
      <xmin>1691</xmin>
      <ymin>771</ymin>
      <xmax>1875</xmax>
      <ymax>1069</ymax>
    </bndbox>
  </object>
  <object>
    <name>bird</name>
    <bndbox>
      <xmin>1577</xmin>
      <ymin>1117</ymin>
      <xmax>1848</xmax>
      <ymax>1351</ymax>
    </bndbox>
  </object>
</annotation>
