<?xml version='1.0' encoding='UTF-8'?>
<annotation>
  <folder>images</folder>
  <filename>frame_68.jpg</filename>
  <object>
    <name>bird</name>
    <bndbox>
      <xmin>755</xmin>
      <ymin>730</ymin>
      <xmax>1370</xmax>
      <ymax>1046</ymax>
    </bndbox>
  </object>
  <object>
    <name>bird</name>
    <bndbox>
      <xmin>2455</xmin>
      <ymin>1169</ymin>
      <xmax>3197</xmax>
      <ymax>1540</ymax>
    </bndbox>
  </object>
  <object>
    <name>bird</name>
    <bndbox>
      <xmin>1473</xmin>
      <ymin>154</ymin>
      <xmax>1931</xmax>
      <ymax>420</ymax>
    </bndbox>
  </object>
  <object>
    <name>bird</name>
    <bndbox>
      <xmin>1239</xmin>
      <ymin>761</ymin>
      <xmax>1641</xmax>
      <ymax>1268</ymax>
    </bndbox>
  </object>
  <object>
    <name>bird</name>
    <bndbox>
      <xmin>1674</xmin>
      <ymin>1193</ymin>
      <xmax>2117</xmax>
      <ymax>1523</ymax>
    </bndbox>
  </object>
  <object>
    <name>bird</name>
    <bndbox>
      <xmin>685</xmin>
      <ymin>1082</ymin>
      <xmax>1149</xmax>
      <ymax>1560</ymax>
    </bndbox>
  </object>
  <object>
    <name>bird</name>
    <bndbox>
      <xmin>1600</xmin>
      <ymin>680</ymin>
      <xmax>1960</xmax>
      <ymax>1169</ymax>
    </bndbox>
  </object>
  <object>
    <name>bird</name>
    <bndbox>
      <xmin>183</xmin>
      <ymin>42</ymin>
      <xmax>711</xmax>
      <ymax>276</ymax>
    </bndbox>
  </object>
  <object>
    <name>bird</name>
    <bndbox>
      <xmin>1964</xmin>
      <ymin>632</ymin>
      <xmax>2298</xmax>
      <ymax>1138</ymax>
    </bndbox>
  </object>
  <object>
    <name>bird</name>
    <bndbox>
      <xmin>2181</xmin>
      <ymin>1119</ymin>
      <xmax>2576</xmax>
      <ymax>1417</ymax>
    </bndbox>
  </object>
  <object>
    <name>bird</name>
    <bndbox>
      <xmin>80</xmin>
      <ymin>0</ymin>
      <xmax>350</xmax>
      <ymax>201</ymax>
    </bndbox>
  </object>
  <object>
    <name>bird</name>
    <bndbox>
      <xmin>2168</xmin>
      <ymin>817</ymin>
      <xmax>2726</xmax>
      <ymax>1164</ymax>
    </bndbox>
  </object>
  <object>
    <name>bird</name>
    <bndbox>
      <xmin>2707</xmin>
      <ymin>804</ymin>
      <xmax>3465</xmax>
      <ymax>1134</ymax>
    </bndbox>
  </object>
  <object>
    <name>bird</name>
    <bndbox>
      <xmin>2130</xmin>
      <ymin>647</ymin>
      <xmax>2924</xmax>
      <ymax>992</ymax>
    </bndbox>
  </object>
  <object>
    <name>bird</name>
    <bndbox>
      <xmin>2824</xmin>
      <ymin>1060</ymin>
      <xmax>3403</xmax>
      <ymax>1309</ymax>
    </bndbox>
  </object>
</annotation>
