<?xml version='1.0' encoding='UTF-8'?>
<annotation>
  <folder>images</folder>
  <filename>frame_182.jpg</filename>
  <object>
    <name>bird</name>
    <bndbox>
      <xmin>1171</xmin>
      <ymin>1136</ymin>
      <xmax>1738</xmax>
      <ymax>1435</ymax>
    </bndbox>
  </object>
  <object>
    <name>bird</name>
    <bndbox>
      <xmin>1662</xmin>
      <ymin>1107</ymin>
      <xmax>2248</xmax>
      <ymax>1360</ymax>
    </bndbox>
  </object>
  <object>
    <name>bird</name>
    <bndbox>
      <xmin>2402</xmin>
      <ymin>1127</ymin>
      <xmax>2839</xmax>
      <ymax>1353</ymax>
    </bndbox>
  </object>
  <object>
    <name>bird</name>
    <bndbox>
      <xmin>2494</xmin>
      <ymin>613</ymin>
      <xmax>2935</xmax>
      <ymax>930</ymax>
    </bndbox>
  </object>
  <object>
    <name>bird</name>
    <bndbox>
      <xmin>1222</xmin>
      <ymin>1765</ymin>
      <xmax>2180</xmax>
      <ymax>2153</ymax>
    </bndbox>
  </object>
  <object>
    <name>bird</name>
    <bndbox>
      <xmin>2603</xmin>
      <ymin>872</ymin>
      <xmax>2941</xmax>
      <ymax>1082</ymax>
    </bndbox>
  </object>
  <object>
    <name>bird</name>
    <bndbox>
      <xmin>1027</xmin>
      <ymin>959</ymin>
      <xmax>1534</xmax>
      <ymax>1191</ymax>
    </bndbox>
  </object>
  <object>
    <name>bird</name>
    <bndbox>
      <xmin>1833</xmin>
      <ymin>636</ymin>
      <xmax>2147</xmax>
      <ymax>885</ymax>
    </bndbox>
  </object>
  <object>
    <name>bird</name>
    <bndbox>
      <xmin>1888</xmin>
      <ymin>751</ymin>
      <xmax>2141</xmax>
      <ymax>980</ymax>
    </bndbox>
  </object>
  <object>
    <name>bird</name>
    <bndbox>
      <xmin>1553</xmin>
      <ymin>843</ymin>
      <xmax>1820</xmax>
      <ymax>1054</ymax>
    </bndbox>
  </object>
</annotation>
