<?xml version='1.0' encoding='UTF-8'?>
<annotation>
  <folder>images</folder>
  <filename>frame_282.jpg</filename>
  <object>
    <name>bird</name>
    <bndbox>
      <xmin>2955</xmin>
      <ymin>1075</ymin>
      <xmax>3426</xmax>
      <ymax>1457</ymax>
    </bndbox>
  </object>
  <object>
    <name>bird</name>
    <bndbox>
      <xmin>383</xmin>
      <ymin>1606</ymin>
      <xmax>954</xmax>
      <ymax>2053</ymax>
    </bndbox>
  </object>
  <object>
    <name>bird</name>
    <bndbox>
      <xmin>1063</xmin>
      <ymin>1055</ymin>
      <xmax>1429</xmax>
      <ymax>1288</ymax>
    </bndbox>
  </object>
  <object>
    <name>bird</name>
    <bndbox>
      <xmin>2215</xmin>
      <ymin>1518</ymin>
      <xmax>2579</xmax>
      <ymax>1978</ymax>
    </bndbox>
  </object>
  <object>
    <name>bird</name>
    <bndbox>
      <xmin>2151</xmin>
      <ymin>775</ymin>
      <xmax>2496</xmax>
      <ymax>1201</ymax>
    </bndbox>
  </object>
  <object>
    <name>bird</name>
    <bndbox>
      <xmin>0</xmin>
      <ymin>1811</ymin>
      <xmax>283</xmax>
      <ymax>2113</ymax>
    </bndbox>
  </object>
  <object>
    <name>bird</name>
    <bndbox>
      <xmin>2647</xmin>
      <ymin>895</ymin>
      <xmax>3018</xmax>
      <ymax>1152</ymax>
    </bndbox>
  </object>
  <object>
    <name>bird</name>
    <bndbox>
      <xmin>2329</xmin>
      <ymin>713</ymin>
      <xmax>2582</xmax>
      <ymax>887</ymax>
    </bndbox>
  </object>
  <object>
    <name>bird</name>
    <bndbox>
      <xmin>2008</xmin>
      <ymin>652</ymin>
      <xmax>2314</xmax>
      <ymax>854</ymax>
    </bndbox>
  </object>
</annotation>
