<?xml version='1.0' encoding='UTF-8'?>
<annotation>
  <folder>images</folder>
  <filename>frame_331.jpg</filename>
  <object>
    <name>bird</name>
    <bndbox>
      <xmin>1513</xmin>
      <ymin>1698</ymin>
      <xmax>2061</xmax>
      <ymax>1952</ymax>
    </bndbox>
  </object>
  <object>
    <name>bird</name>
    <bndbox>
      <xmin>480</xmin>
      <ymin>1207</ymin>
      <xmax>934</xmax>
      <ymax>1472</ymax>
    </bndbox>
  </object>
  <object>
    <name>bird</name>
    <bndbox>
      <xmin>483</xmin>
      <ymin>1680</ymin>
      <xmax>1005</xmax>
      <ymax>2147</ymax>
    </bndbox>
  </object>
  <object>
    <name>bird</name>
    <bndbox>
      <xmin>1755</xmin>
      <ymin>1023</ymin>
      <xmax>2049</xmax>
      <ymax>1321</ymax>
    </bndbox>
  </object>
  <object>
    <name>bird</name>
    <bndbox>
      <xmin>2891</xmin>
      <ymin>971</ymin>
      <xmax>3193</xmax>
      <ymax>1185</ymax>
    </bndbox>
  </object>
  <object>
    <name>bird</name>
    <bndbox>
      <xmin>1061</xmin>
      <ymin>1140</ymin>
      <xmax>1470</xmax>
      <ymax>1386</ymax>
    </bndbox>
  </object>
  <object>
    <name>bird</name>
    <bndbox>
      <xmin>1441</xmin>
      <ymin>1058</ymin>
      <xmax>1762</xmax>
      <ymax>1271</ymax>
    </bndbox>
  </object>
  <object>
    <name>bird</name>
    <bndbox>
      <xmin>692</xmin>
      <ymin>785</ymin>
      <xmax>986</xmax>
      <ymax>1050</ymax>
    </bndbox>
  </object>
  <object>
    <name>bird</name>
    <bndbox>
      <xmin>2596</xmin>
      <ymin>1374</ymin>
      <xmax>2851</xmax>
      <ymax>1679</ymax>
    </bndbox>
  </object>
  <object>
    <name>bird</name>
    <bndbox>
      <xmin>1849</xmin>
      <ymin>771</ymin>
      <xmax>2263</xmax>
      <ymax>1001</ymax>
    </bndbox>
  </object>
</annotation>
