<?xml version='1.0' encoding='UTF-8'?>
<annotation>
  <folder>images</folder>
  <filename>frame_16.jpg</filename>
  <object>
    <name>bird</name>
    <bndbox>
      <xmin>567</xmin>
      <ymin>289</ymin>
      <xmax>1025</xmax>
      <ymax>712</ymax>
    </bndbox>
  </object>
  <object>
    <name>bird</name>
    <bndbox>
      <xmin>2275</xmin>
      <ymin>389</ymin>
      <xmax>2815</xmax>
      <ymax>692</ymax>
    </bndbox>
  </object>
  <object>
    <name>bird</name>
    <bndbox>
      <xmin>507</xmin>
      <ymin>662</ymin>
      <xmax>1070</xmax>
      <ymax>1025</ymax>
    </bndbox>
  </object>
  <object>
    <name>bird</name>
    <bndbox>
      <xmin>1323</xmin>
      <ymin>72</ymin>
      <xmax>1766</xmax>
      <ymax>363</ymax>
    </bndbox>
  </object>
  <object>
    <name>bird</name>
    <bndbox>
      <xmin>1549</xmin>
      <ymin>606</ymin>
      <xmax>2017</xmax>
      <ymax>1014</ymax>
    </bndbox>
  </object>
  <object>
    <name>bird</name>
    <bndbox>
      <xmin>1244</xmin>
      <ymin>572</ymin>
      <xmax>1529</xmax>
      <ymax>1012</ymax>
    </bndbox>
  </object>
  <object>
    <name>bird</name>
    <bndbox>
      <xmin>1082</xmin>
      <ymin>464</ymin>
      <xmax>1368</xmax>
      <ymax>930</ymax>
    </bndbox>
  </object>
  <object>
    <name>bird</name>
    <bndbox>
      <xmin>1589</xmin>
      <ymin>1175</ymin>
      <xmax>1963</xmax>
      <ymax>1486</ymax>
    </bndbox>
  </object>
  <object>
    <name>bird</name>
    <bndbox>
      <xmin>1656</xmin>
      <ymin>841</ymin>
      <xmax>2173</xmax>
      <ymax>1094</ymax>
    </bndbox>
  </object>
  <object>
    <name>bird</name>
    <bndbox>
      <xmin>2104</xmin>
      <ymin>706</ymin>
      <xmax>2479</xmax>
      <ymax>969</ymax>
    </bndbox>
  </object>
  <object>
    <name>bird</name>
    <bndbox>
      <xmin>1050</xmin>
      <ymin>0</ymin>
      <xmax>1241</xmax>
      <ymax>109</ymax>
    </bndbox>
  </object>
  <object>
    <name>bird</name>
    <bndbox>
      <xmin>2040</xmin>
      <ymin>1041</ymin>
      <xmax>2586</xmax>
      <ymax>1293</ymax>
    </bndbox>
  </object>
  <object>
    <name>bird</name>
    <bndbox>
      <xmin>776</xmin>
      <ymin>927</ymin>
      <xmax>1430</xmax>
      <ymax>1188</ymax>
    </bndbox>
  </object>
  <object>
    <name>bird</name>
    <bndbox>
      <xmin>1567</xmin>
      <ymin>0</ymin>
      <xmax>1830</xmax>
      <ymax>93</ymax>
    </bndbox>
  </object>
  <object>
    <name>bird</name>
    <bndbox>
      <xmin>1758</xmin>
      <ymin>1080</ymin>
      <xmax>2032</xmax>
      <ymax>1316</ymax>
    </bndbox>
  </object>
</annotation>
