<?xml version='1.0' encoding='UTF-8'?>
<annotation>
  <folder>images</folder>
  <filename>frame_180.jpg</filename>
  <object>
    <name>bird</name>
    <bndbox>
      <xmin>1124</xmin>
      <ymin>1148</ymin>
      <xmax>1715</xmax>
      <ymax>1453</ymax>
    </bndbox>
  </object>
  <object>
    <name>bird</name>
    <bndbox>
      <xmin>1654</xmin>
      <ymin>1129</ymin>
      <xmax>2241</xmax>
      <ymax>1386</ymax>
    </bndbox>
  </object>
  <object>
    <name>bird</name>
    <bndbox>
      <xmin>2383</xmin>
      <ymin>1149</ymin>
      <xmax>2821</xmax>
      <ymax>1382</ymax>
    </bndbox>
  </object>
  <object>
    <name>bird</name>
    <bndbox>
      <xmin>2513</xmin>
      <ymin>637</ymin>
      <xmax>2956</xmax>
      <ymax>959</ymax>
    </bndbox>
  </object>
  <object>
    <name>bird</name>
    <bndbox>
      <xmin>2108</xmin>
      <ymin>651</ymin>
      <xmax>2321</xmax>
      <ymax>975</ymax>
    </bndbox>
  </object>
  <object>
    <name>bird</name>
    <bndbox>
      <xmin>962</xmin>
      <ymin>1782</ymin>
      <xmax>1899</xmax>
      <ymax>2155</ymax>
    </bndbox>
  </object>
  <object>
    <name>bird</name>
    <bndbox>
      <xmin>2628</xmin>
      <ymin>882</ymin>
      <xmax>2981</xmax>
      <ymax>1126</ymax>
    </bndbox>
  </object>
  <object>
    <name>bird</name>
    <bndbox>
      <xmin>1039</xmin>
      <ymin>962</ymin>
      <xmax>1504</xmax>
      <ymax>1198</ymax>
    </bndbox>
  </object>
  <object>
    <name>bird</name>
    <bndbox>
      <xmin>2142</xmin>
      <ymin>826</ymin>
      <xmax>2490</xmax>
      <ymax>1066</ymax>
    </bndbox>
  </object>
  <object>
    <name>bird</name>
    <bndbox>
      <xmin>2346</xmin>
      <ymin>982</ymin>
      <xmax>2710</xmax>
      <ymax>1183</ymax>
    </bndbox>
  </object>
  <object>
    <name>bird</name>
    <bndbox>
      <xmin>10</xmin>
      <ymin>669</ymin>
      <xmax>162</xmax>
      <ymax>806</ymax>
    </bndbox>
  </object>
</annotation>
