<?xml version='1.0' encoding='UTF-8'?>
<annotation>
  <folder>images</folder>
  <filename>frame_280.jpg</filename>
  <object>
    <name>bird</name>
    <bndbox>
      <xmin>2893</xmin>
      <ymin>1070</ymin>
      <xmax>3437</xmax>
      <ymax>1511</ymax>
    </bndbox>
  </object>
  <object>
    <name>bird</name>
    <bndbox>
      <xmin>245</xmin>
      <ymin>1621</ymin>
      <xmax>910</xmax>
      <ymax>2105</ymax>
    </bndbox>
  </object>
  <object>
    <name>bird</name>
    <bndbox>
      <xmin>1021</xmin>
      <ymin>1042</ymin>
      <xmax>1389</xmax>
      <ymax>1295</ymax>
    </bndbox>
  </object>
  <object>
    <name>bird</name>
    <bndbox>
      <xmin>2189</xmin>
      <ymin>1594</ymin>
      <xmax>2565</xmax>
      <ymax>2056</ymax>
    </bndbox>
  </object>
  <object>
    <name>bird</name>
    <bndbox>
      <xmin>1526</xmin>
      <ymin>1022</ymin>
      <xmax>1753</xmax>
      <ymax>1224</ymax>
    </bndbox>
  </object>
  <object>
    <name>bird</name>
    <bndbox>
      <xmin>2165</xmin>
      <ymin>778</ymin>
      <xmax>2517</xmax>
      <ymax>1236</ymax>
    </bndbox>
  </object>
  <object>
    <name>bird</name>
    <bndbox>
      <xmin>0</xmin>
      <ymin>1858</ymin>
      <xmax>222</xmax>
      <ymax>2101</ymax>
    </bndbox>
  </object>
  <object>
    <name>bird</name>
    <bndbox>
      <xmin>1840</xmin>
      <ymin>719</ymin>
      <xmax>2048</xmax>
      <ymax>907</ymax>
    </bndbox>
  </object>
  <object>
    <name>bird</name>
    <bndbox>
      <xmin>2022</xmin>
      <ymin>674</ymin>
      <xmax>2371</xmax>
      <ymax>897</ymax>
    </bndbox>
  </object>
  <object>
    <name>bird</name>
    <bndbox>
      <xmin>1949</xmin>
      <ymin>916</ymin>
      <xmax>2269</xmax>
      <ymax>1199</ymax>
    </bndbox>
  </object>
</annotation>
