<?xml version='1.0' encoding='UTF-8'?>
<annotation>
  <folder>images</folder>
  <filename>frame_41.jpg</filename>
  <object>
    <name>bird</name>
    <bndbox>
      <xmin>375</xmin>
      <ymin>570</ymin>
      <xmax>699</xmax>
      <ymax>897</ymax>
    </bndbox>
  </object>
  <object>
    <name>bird</name>
    <bndbox>
      <xmin>758</xmin>
      <ymin>0</ymin>
      <xmax>1005</xmax>
      <ymax>204</ymax>
    </bndbox>
  </object>
  <object>
    <name>bird</name>
    <bndbox>
      <xmin>1542</xmin>
      <ymin>571</ymin>
      <xmax>2127</xmax>
      <ymax>1061</ymax>
    </bndbox>
  </object>
  <object>
    <name>bird</name>
    <bndbox>
      <xmin>1207</xmin>
      <ymin>655</ymin>
      <xmax>1555</xmax>
      <ymax>1077</ymax>
    </bndbox>
  </object>
  <object>
    <name>bird</name>
    <bndbox>
      <xmin>1589</xmin>
      <ymin>1254</ymin>
      <xmax>2150</xmax>
      <ymax>1569</ymax>
    </bndbox>
  </object>
  <object>
    <name>bird</name>
    <bndbox>
      <xmin>2103</xmin>
      <ymin>715</ymin>
      <xmax>2639</xmax>
      <ymax>962</ymax>
    </bndbox>
  </object>
  <object>
    <name>bird</name>
    <bndbox>
      <xmin>2079</xmin>
      <ymin>193</ymin>
      <xmax>2571</xmax>
      <ymax>532</ymax>
    </bndbox>
  </object>
  <object>
    <name>bird</name>
    <bndbox>
      <xmin>467</xmin>
      <ymin>866</ymin>
      <xmax>965</xmax>
      <ymax>1162</ymax>
    </bndbox>
  </object>
  <object>
    <name>bird</name>
    <bndbox>
      <xmin>1979</xmin>
      <ymin>1075</ymin>
      <xmax>2594</xmax>
      <ymax>1468</ymax>
    </bndbox>
  </object>
  <object>
    <name>bird</name>
    <bndbox>
      <xmin>1467</xmin>
      <ymin>0</ymin>
      <xmax>1789</xmax>
      <ymax>99</ymax>
    </bndbox>
  </object>
  <object>
    <name>bird</name>
    <bndbox>
      <xmin>1655</xmin>
      <ymin>1012</ymin>
      <xmax>1939</xmax>
      <ymax>1272</ymax>
    </bndbox>
  </object>
  <object>
    <name>bird</name>
    <bndbox>
      <xmin>1004</xmin>
      <ymin>596</ymin>
      <xmax>1269</xmax>
      <ymax>1081</ymax>
    </bndbox>
  </object>
  <object>
    <name>bird</name>
    <bndbox>
      <xmin>885</xmin>
      <ymin>1020</ymin>
      <xmax>1479</xmax>
      <ymax>1310</ymax>
    </bndbox>
  </object>
</annotation>
