<?xml version='1.0' encoding='UTF-8'?>
<annotation>
  <folder>images</folder>
  <filename>frame_210.jpg</filename>
  <object>
    <name>bird</name>
    <bndbox>
      <xmin>2023</xmin>
      <ymin>1175</ymin>
      <xmax>2406</xmax>
      <ymax>1433</ymax>
    </bndbox>
  </object>
  <object>
    <name>bird</name>
    <bndbox>
      <xmin>1920</xmin>
      <ymin>645</ymin>
      <xmax>2212</xmax>
      <ymax>944</ymax>
    </bndbox>
  </object>
  <object>
    <name>bird</name>
    <bndbox>
      <xmin>3168</xmin>
      <ymin>1361</ymin>
      <xmax>3840</xmax>
      <ymax>1808</ymax>
    </bndbox>
  </object>
  <object>
    <name>bird</name>
    <bndbox>
      <xmin>2152</xmin>
      <ymin>835</ymin>
      <xmax>2573</xmax>
      <ymax>994</ymax>
    </bndbox>
  </object>
  <object>
    <name>bird</name>
    <bndbox>
      <xmin>128</xmin>
      <ymin>1146</ymin>
      <xmax>301</xmax>
      <ymax>1447</ymax>
    </bndbox>
  </object>
  <object>
    <name>bird</name>
    <bndbox>
      <xmin>2132</xmin>
      <ymin>1001</ymin>
      <xmax>2606</xmax>
      <ymax>1224</ymax>
    </bndbox>
  </object>
  <object>
    <name>bird</name>
    <bndbox>
      <xmin>1593</xmin>
      <ymin>1062</ymin>
      <xmax>2170</xmax>
      <ymax>1297</ymax>
    </bndbox>
  </object>
</annotation>
