<?xml version='1.0' encoding='UTF-8'?>
<annotation>
  <folder>images</folder>
  <filename>frame_33.jpg</filename>
  <object>
    <name>bird</name>
    <bndbox>
      <xmin>464</xmin>
      <ymin>395</ymin>
      <xmax>754</xmax>
      <ymax>743</ymax>
    </bndbox>
  </object>
  <object>
    <name>bird</name>
    <bndbox>
      <xmin>904</xmin>
      <ymin>0</ymin>
      <xmax>1252</xmax>
      <ymax>254</ymax>
    </bndbox>
  </object>
  <object>
    <name>bird</name>
    <bndbox>
      <xmin>1427</xmin>
      <ymin>523</ymin>
      <xmax>2109</xmax>
      <ymax>979</ymax>
    </bndbox>
  </object>
  <object>
    <name>bird</name>
    <bndbox>
      <xmin>1152</xmin>
      <ymin>552</ymin>
      <xmax>1456</xmax>
      <ymax>956</ymax>
    </bndbox>
  </object>
  <object>
    <name>bird</name>
    <bndbox>
      <xmin>944</xmin>
      <ymin>489</ymin>
      <xmax>1207</xmax>
      <ymax>936</ymax>
    </bndbox>
  </object>
  <object>
    <name>bird</name>
    <bndbox>
      <xmin>1452</xmin>
      <ymin>1157</ymin>
      <xmax>1970</xmax>
      <ymax>1454</ymax>
    </bndbox>
  </object>
  <object>
    <name>bird</name>
    <bndbox>
      <xmin>1969</xmin>
      <ymin>679</ymin>
      <xmax>2526</xmax>
      <ymax>939</ymax>
    </bndbox>
  </object>
  <object>
    <name>bird</name>
    <bndbox>
      <xmin>1988</xmin>
      <ymin>162</ymin>
      <xmax>2512</xmax>
      <ymax>549</ymax>
    </bndbox>
  </object>
  <object>
    <name>bird</name>
    <bndbox>
      <xmin>441</xmin>
      <ymin>680</ymin>
      <xmax>940</xmax>
      <ymax>1017</ymax>
    </bndbox>
  </object>
  <object>
    <name>bird</name>
    <bndbox>
      <xmin>1640</xmin>
      <ymin>830</ymin>
      <xmax>2134</xmax>
      <ymax>1091</ymax>
    </bndbox>
  </object>
  <object>
    <name>bird</name>
    <bndbox>
      <xmin>1066</xmin>
      <ymin>930</ymin>
      <xmax>1717</xmax>
      <ymax>1205</ymax>
    </bndbox>
  </object>
</annotation>
