<?xml version='1.0' encoding='UTF-8'?>
<annotation>
  <folder>images</folder>
  <filename>frame_106.jpg</filename>
  <object>
    <name>bird</name>
    <bndbox>
      <xmin>93</xmin>
      <ymin>809</ymin>
      <xmax>384</xmax>
      <ymax>1162</ymax>
    </bndbox>
  </object>
  <object>
    <name>bird</name>
    <bndbox>
      <xmin>1303</xmin>
      <ymin>1114</ymin>
      <xmax>2000</xmax>
      <ymax>1488</ymax>
    </bndbox>
  </object>
  <object>
    <name>bird</name>
    <bndbox>
      <xmin>1142</xmin>
      <ymin>969</ymin>
      <xmax>1837</xmax>
      <ymax>1272</ymax>
    </bndbox>
  </object>
  <object>
    <name>bird</name>
    <bndbox>
      <xmin>667</xmin>
      <ymin>772</ymin>
      <xmax>1266</xmax>
      <ymax>1156</ymax>
    </bndbox>
  </object>
  <object>
    <name>bird</name>
    <bndbox>
      <xmin>1672</xmin>
      <ymin>571</ymin>
      <xmax>1900</xmax>
      <ymax>1072</ymax>
    </bndbox>
  </object>
  <object>
    <name>bird</name>
    <bndbox>
      <xmin>2827</xmin>
      <ymin>949</ymin>
      <xmax>3040</xmax>
      <ymax>1231</ymax>
    </bndbox>
  </object>
  <object>
    <name>bird</name>
    <bndbox>
      <xmin>883</xmin>
      <ymin>647</ymin>
      <xmax>1217</xmax>
      <ymax>879</ymax>
    </bndbox>
  </object>
  <object>
    <name>bird</name>
    <bndbox>
      <xmin>1277</xmin>
      <ymin>621</ymin>
      <xmax>1685</xmax>
      <ymax>919</ymax>
    </bndbox>
  </object>
  <object>
    <name>bird</name>
    <bndbox>
      <xmin>1988</xmin>
      <ymin>865</ymin>
      <xmax>2678</xmax>
      <ymax>1094</ymax>
    </bndbox>
  </object>
  <object>
    <name>bird</name>
    <bndbox>
      <xmin>1948</xmin>
      <ymin>1011</ymin>
      <xmax>2353</xmax>
      <ymax>1278</ymax>
    </bndbox>
  </object>
</annotation>
