<?xml version='1.0' encoding='UTF-8'?>
<annotation>
  <folder>images</folder>
  <filename>frame_214.jpg</filename>
  <object>
    <name>bird</name>
    <bndbox>
      <xmin>2079</xmin>
      <ymin>1143</ymin>
      <xmax>2409</xmax>
      <ymax>1400</ymax>
    </bndbox>
  </object>
  <object>
    <name>bird</name>
    <bndbox>
      <xmin>1894</xmin>
      <ymin>636</ymin>
      <xmax>2175</xmax>
      <ymax>922</ymax>
    </bndbox>
  </object>
  <object>
    <name>bird</name>
    <bndbox>
      <xmin>3421</xmin>
      <ymin>1199</ymin>
      <xmax>3840</xmax>
      <ymax>1662</ymax>
    </bndbox>
  </object>
  <object>
    <name>bird</name>
    <bndbox>
      <xmin>417</xmin>
      <ymin>1193</ymin>
      <xmax>649</xmax>
      <ymax>1491</ymax>
    </bndbox>
  </object>
  <object>
    <name>bird</name>
    <bndbox>
      <xmin>19</xmin>
      <ymin>1934</ymin>
      <xmax>173</xmax>
      <ymax>2157</ymax>
    </bndbox>
  </object>
  <object>
    <name>bird</name>
    <bndbox>
      <xmin>1665</xmin>
      <ymin>1051</ymin>
      <xmax>2168</xmax>
      <ymax>1262</ymax>
    </bndbox>
  </object>
  <object>
    <name>bird</name>
    <bndbox>
      <xmin>944</xmin>
      <ymin>1035</ymin>
      <xmax>1362</xmax>
      <ymax>1224</ymax>
    </bndbox>
  </object>
</annotation>
