<?xml version='1.0' encoding='UTF-8'?>
<annotation>
  <folder>images</folder>
  <filename>frame_108.jpg</filename>
  <object>
    <name>bird</name>
    <bndbox>
      <xmin>95</xmin>
      <ymin>872</ymin>
      <xmax>414</xmax>
      <ymax>1209</ymax>
    </bndbox>
  </object>
  <object>
    <name>bird</name>
    <bndbox>
      <xmin>1539</xmin>
      <ymin>1133</ymin>
      <xmax>2265</xmax>
      <ymax>1521</ymax>
    </bndbox>
  </object>
  <object>
    <name>bird</name>
    <bndbox>
      <xmin>1167</xmin>
      <ymin>985</ymin>
      <xmax>1940</xmax>
      <ymax>1331</ymax>
    </bndbox>
  </object>
  <object>
    <name>bird</name>
    <bndbox>
      <xmin>791</xmin>
      <ymin>819</ymin>
      <xmax>1351</xmax>
      <ymax>1165</ymax>
    </bndbox>
  </object>
  <object>
    <name>bird</name>
    <bndbox>
      <xmin>1724</xmin>
      <ymin>594</ymin>
      <xmax>1962</xmax>
      <ymax>1096</ymax>
    </bndbox>
  </object>
  <object>
    <name>bird</name>
    <bndbox>
      <xmin>2888</xmin>
      <ymin>952</ymin>
      <xmax>3112</xmax>
      <ymax>1210</ymax>
    </bndbox>
  </object>
  <object>
    <name>bird</name>
    <bndbox>
      <xmin>784</xmin>
      <ymin>668</ymin>
      <xmax>1173</xmax>
      <ymax>920</ymax>
    </bndbox>
  </object>
  <object>
    <name>bird</name>
    <bndbox>
      <xmin>1320</xmin>
      <ymin>656</ymin>
      <xmax>1731</xmax>
      <ymax>957</ymax>
    </bndbox>
  </object>
  <object>
    <name>bird</name>
    <bndbox>
      <xmin>2017</xmin>
      <ymin>865</ymin>
      <xmax>2686</xmax>
      <ymax>1088</ymax>
    </bndbox>
  </object>
  <object>
    <name>bird</name>
    <bndbox>
      <xmin>2039</xmin>
      <ymin>1025</ymin>
      <xmax>2416</xmax>
      <ymax>1269</ymax>
    </bndbox>
  </object>
  <object>
    <name>bird</name>
    <bndbox>
      <xmin>1982</xmin>
      <ymin>589</ymin>
      <xmax>2236</xmax>
      <ymax>1013</ymax>
    </bndbox>
  </object>
  <object>
    <name>bird</name>
    <bndbox>
      <xmin>2009</xmin>
      <ymin>446</ymin>
      <xmax>2463</xmax>
      <ymax>818</ymax>
    </bndbox>
  </object>
  <object>
    <name>bird</name>
    <bndbox>
      <xmin>2467</xmin>
      <ymin>731</ymin>
      <xmax>2927</xmax>
      <ymax>1009</ymax>
    </bndbox>
  </object>
  <object>
    <name>bird</name>
    <bndbox>
      <xmin>2340</xmin>
      <ymin>546</ymin>
      <xmax>2557</xmax>
      <ymax>790</ymax>
    </bndbox>
  </object>
</annotation>
