<?xml version='1.0' encoding='UTF-8'?>
<annotation>
  <folder>images</folder>
  <filename>frame_161.jpg</filename>
  <object>
    <name>bird</name>
    <bndbox>
      <xmin>993</xmin>
      <ymin>1306</ymin>
      <xmax>1629</xmax>
      <ymax>1583</ymax>
    </bndbox>
  </object>
  <object>
    <name>bird</name>
    <bndbox>
      <xmin>16</xmin>
      <ymin>1360</ymin>
      <xmax>630</xmax>
      <ymax>1687</ymax>
    </bndbox>
  </object>
  <object>
    <name>bird</name>
    <bndbox>
      <xmin>1643</xmin>
      <ymin>762</ymin>
      <xmax>1874</xmax>
      <ymax>1138</ymax>
    </bndbox>
  </object>
  <object>
    <name>bird</name>
    <bndbox>
      <xmin>1871</xmin>
      <ymin>796</ymin>
      <xmax>2145</xmax>
      <ymax>1113</ymax>
    </bndbox>
  </object>
  <object>
    <name>bird</name>
    <bndbox>
      <xmin>975</xmin>
      <ymin>844</ymin>
      <xmax>1404</xmax>
      <ymax>1042</ymax>
    </bndbox>
  </object>
  <object>
    <name>bird</name>
    <bndbox>
      <xmin>1902</xmin>
      <ymin>1421</ymin>
      <xmax>2258</xmax>
      <ymax>1689</ymax>
    </bndbox>
  </object>
  <object>
    <name>bird</name>
    <bndbox>
      <xmin>730</xmin>
      <ymin>1176</ymin>
      <xmax>1195</xmax>
      <ymax>1427</ymax>
    </bndbox>
  </object>
  <object>
    <name>bird</name>
    <bndbox>
      <xmin>1950</xmin>
      <ymin>1233</ymin>
      <xmax>2318</xmax>
      <ymax>1478</ymax>
    </bndbox>
  </object>
  <object>
    <name>bird</name>
    <bndbox>
      <xmin>2296</xmin>
      <ymin>1109</ymin>
      <xmax>2651</xmax>
      <ymax>1578</ymax>
    </bndbox>
  </object>
</annotation>
