<?xml version='1.0' encoding='UTF-8'?>
<annotation>
  <folder>images</folder>
  <filename>frame_362.jpg</filename>
  <object>
    <name>bird</name>
    <bndbox>
      <xmin>1562</xmin>
      <ymin>1521</ymin>
      <xmax>2252</xmax>
      <ymax>1942</ymax>
    </bndbox>
  </object>
  <object>
    <name>bird</name>
    <bndbox>
      <xmin>466</xmin>
      <ymin>914</ymin>
      <xmax>748</xmax>
      <ymax>1180</ymax>
    </bndbox>
  </object>
  <object>
    <name>bird</name>
    <bndbox>
      <xmin>640</xmin>
      <ymin>1767</ymin>
      <xmax>1094</xmax>
      <ymax>2157</ymax>
    </bndbox>
  </object>
  <object>
    <name>bird</name>
    <bndbox>
      <xmin>3051</xmin>
      <ymin>1512</ymin>
      <xmax>3307</xmax>
      <ymax>1823</ymax>
    </bndbox>
  </object>
  <object>
    <name>bird</name>
    <bndbox>
      <xmin>998</xmin>
      <ymin>1158</ymin>
      <xmax>1450</xmax>
      <ymax>1383</ymax>
    </bndbox>
  </object>
  <object>
    <name>bird</name>
    <bndbox>
      <xmin>912</xmin>
      <ymin>1660</ymin>
      <xmax>1411</xmax>
      <ymax>2003</ymax>
    </bndbox>
  </object>
  <object>
    <name>bird</name>
    <bndbox>
      <xmin>949</xmin>
      <ymin>946</ymin>
      <xmax>1396</xmax>
      <ymax>1169</ymax>
    </bndbox>
  </object>
  <object>
    <name>bird</name>
    <bndbox>
      <xmin>1445</xmin>
      <ymin>673</ymin>
      <xmax>1703</xmax>
      <ymax>859</ymax>
    </bndbox>
  </object>
  <object>
    <name>bird</name>
    <bndbox>
      <xmin>2100</xmin>
      <ymin>1033</ymin>
      <xmax>2384</xmax>
      <ymax>1264</ymax>
    </bndbox>
  </object>
  <object>
    <name>bird</name>
    <bndbox>
      <xmin>1629</xmin>
      <ymin>1055</ymin>
      <xmax>1884</xmax>
      <ymax>1242</ymax>
    </bndbox>
  </object>
  <object>
    <name>bird</name>
    <bndbox>
      <xmin>1263</xmin>
      <ymin>1971</ymin>
      <xmax>1863</xmax>
      <ymax>2157</ymax>
    </bndbox>
  </object>
</annotation>
