<?xml version='1.0' encoding='UTF-8'?>
<annotation>
  <folder>images</folder>
  <filename>frame_272.jpg</filename>
  <object>
    <name>bird</name>
    <bndbox>
      <xmin>2453</xmin>
      <ymin>1353</ymin>
      <xmax>3150</xmax>
      <ymax>1750</ymax>
    </bndbox>
  </object>
  <object>
    <name>bird</name>
    <bndbox>
      <xmin>2547</xmin>
      <ymin>1112</ymin>
      <xmax>2981</xmax>
      <ymax>1357</ymax>
    </bndbox>
  </object>
  <object>
    <name>bird</name>
    <bndbox>
      <xmin>2072</xmin>
      <ymin>1036</ymin>
      <xmax>2317</xmax>
      <ymax>1309</ymax>
    </bndbox>
  </object>
  <object>
    <name>bird</name>
    <bndbox>
      <xmin>2043</xmin>
      <ymin>766</ymin>
      <xmax>2463</xmax>
      <ymax>996</ymax>
    </bndbox>
  </object>
  <object>
    <name>bird</name>
    <bndbox>
      <xmin>2659</xmin>
      <ymin>777</ymin>
      <xmax>2879</xmax>
      <ymax>1013</ymax>
    </bndbox>
  </object>
  <object>
    <name>bird</name>
    <bndbox>
      <xmin>1117</xmin>
      <ymin>950</ymin>
      <xmax>1546</xmax>
      <ymax>1134</ymax>
    </bndbox>
  </object>
  <object>
    <name>bird</name>
    <bndbox>
      <xmin>1768</xmin>
      <ymin>952</ymin>
      <xmax>2137</xmax>
      <ymax>1259</ymax>
    </bndbox>
  </object>
  <object>
    <name>bird</name>
    <bndbox>
      <xmin>0</xmin>
      <ymin>1944</ymin>
      <xmax>352</xmax>
      <ymax>2151</ymax>
    </bndbox>
  </object>
  <object>
    <name>bird</name>
    <bndbox>
      <xmin>863</xmin>
      <ymin>1035</ymin>
      <xmax>1342</xmax>
      <ymax>1337</ymax>
    </bndbox>
  </object>
  <object>
    <name>bird</name>
    <bndbox>
      <xmin>1353</xmin>
      <ymin>1084</ymin>
      <xmax>1662</xmax>
      <ymax>1295</ymax>
    </bndbox>
  </object>
  <object>
    <name>bird</name>
    <bndbox>
      <xmin>1665</xmin>
      <ymin>987</ymin>
      <xmax>1951</xmax>
      <ymax>1228</ymax>
    </bndbox>
  </object>
</annotation>
