<?xml version='1.0' encoding='UTF-8'?>
<annotation>
  <folder>images</folder>
  <filename>frame_206.jpg</filename>
  <object>
    <name>bird</name>
    <bndbox>
      <xmin>1863</xmin>
      <ymin>1156</ymin>
      <xmax>2337</xmax>
      <ymax>1431</ymax>
    </bndbox>
  </object>
  <object>
    <name>bird</name>
    <bndbox>
      <xmin>1972</xmin>
      <ymin>628</ymin>
      <xmax>2282</xmax>
      <ymax>941</ymax>
    </bndbox>
  </object>
  <object>
    <name>bird</name>
    <bndbox>
      <xmin>2939</xmin>
      <ymin>1440</ymin>
      <xmax>3786</xmax>
      <ymax>1839</ymax>
    </bndbox>
  </object>
  <object>
    <name>bird</name>
    <bndbox>
      <xmin>2213</xmin>
      <ymin>835</ymin>
      <xmax>2625</xmax>
      <ymax>994</ymax>
    </bndbox>
  </object>
  <object>
    <name>bird</name>
    <bndbox>
      <xmin>835</xmin>
      <ymin>1025</ymin>
      <xmax>1360</xmax>
      <ymax>1256</ymax>
    </bndbox>
  </object>
  <object>
    <name>bird</name>
    <bndbox>
      <xmin>38</xmin>
      <ymin>1086</ymin>
      <xmax>193</xmax>
      <ymax>1444</ymax>
    </bndbox>
  </object>
  <object>
    <name>bird</name>
    <bndbox>
      <xmin>1134</xmin>
      <ymin>1022</ymin>
      <xmax>1742</xmax>
      <ymax>1285</ymax>
    </bndbox>
  </object>
  <object>
    <name>bird</name>
    <bndbox>
      <xmin>2240</xmin>
      <ymin>1018</ymin>
      <xmax>2668</xmax>
      <ymax>1215</ymax>
    </bndbox>
  </object>
</annotation>
