<?xml version='1.0' encoding='UTF-8'?>
<annotation>
  <folder>images</folder>
  <filename>frame_307.jpg</filename>
  <object>
    <name>bird</name>
    <bndbox>
      <xmin>3004</xmin>
      <ymin>993</ymin>
      <xmax>3300</xmax>
      <ymax>1274</ymax>
    </bndbox>
  </object>
  <object>
    <name>bird</name>
    <bndbox>
      <xmin>1232</xmin>
      <ymin>1578</ymin>
      <xmax>1818</xmax>
      <ymax>1920</ymax>
    </bndbox>
  </object>
  <object>
    <name>bird</name>
    <bndbox>
      <xmin>970</xmin>
      <ymin>1070</ymin>
      <xmax>1233</xmax>
      <ymax>1232</ymax>
    </bndbox>
  </object>
  <object>
    <name>bird</name>
    <bndbox>
      <xmin>978</xmin>
      <ymin>1206</ymin>
      <xmax>1451</xmax>
      <ymax>1514</ymax>
    </bndbox>
  </object>
  <object>
    <name>bird</name>
    <bndbox>
      <xmin>853</xmin>
      <ymin>1868</ymin>
      <xmax>1237</xmax>
      <ymax>2106</ymax>
    </bndbox>
  </object>
  <object>
    <name>bird</name>
    <bndbox>
      <xmin>620</xmin>
      <ymin>1896</ymin>
      <xmax>1003</xmax>
      <ymax>2158</ymax>
    </bndbox>
  </object>
  <object>
    <name>bird</name>
    <bndbox>
      <xmin>147</xmin>
      <ymin>1699</ymin>
      <xmax>483</xmax>
      <ymax>2003</ymax>
    </bndbox>
  </object>
  <object>
    <name>bird</name>
    <bndbox>
      <xmin>2206</xmin>
      <ymin>791</ymin>
      <xmax>2603</xmax>
      <ymax>1195</ymax>
    </bndbox>
  </object>
  <object>
    <name>bird</name>
    <bndbox>
      <xmin>1258</xmin>
      <ymin>2061</ymin>
      <xmax>1724</xmax>
      <ymax>2159</ymax>
    </bndbox>
  </object>
  <object>
    <name>bird</name>
    <bndbox>
      <xmin>1534</xmin>
      <ymin>1010</ymin>
      <xmax>1747</xmax>
      <ymax>1241</ymax>
    </bndbox>
  </object>
  <object>
    <name>bird</name>
    <bndbox>
      <xmin>1096</xmin>
      <ymin>972</ymin>
      <xmax>1523</xmax>
      <ymax>1181</ymax>
    </bndbox>
  </object>
  <object>
    <name>bird</name>
    <bndbox>
      <xmin>1820</xmin>
      <ymin>695</ymin>
      <xmax>2200</xmax>
      <ymax>866</ymax>
    </bndbox>
  </object>
  <object>
    <name>bird</name>
    <bndbox>
      <xmin>1587</xmin>
      <ymin>674</ymin>
      <xmax>1792</xmax>
      <ymax>869</ymax>
    </bndbox>
  </object>
</annotation>
