<?xml version='1.0' encoding='UTF-8'?>
<annotation>
  <folder>images</folder>
  <filename>frame_256.jpg</filename>
  <object>
    <name>bird</name>
    <bndbox>
      <xmin>2480</xmin>
      <ymin>843</ymin>
      <xmax>2863</xmax>
      <ymax>1187</ymax>
    </bndbox>
  </object>
  <object>
    <name>bird</name>
    <bndbox>
      <xmin>2211</xmin>
      <ymin>1555</ymin>
      <xmax>2758</xmax>
      <ymax>1830</ymax>
    </bndbox>
  </object>
  <object>
    <name>bird</name>
    <bndbox>
      <xmin>2609</xmin>
      <ymin>1235</ymin>
      <xmax>2942</xmax>
      <ymax>1494</ymax>
    </bndbox>
  </object>
  <object>
    <name>bird</name>
    <bndbox>
      <xmin>792</xmin>
      <ymin>1133</ymin>
      <xmax>1281</xmax>
      <ymax>1351</ymax>
    </bndbox>
  </object>
  <object>
    <name>bird</name>
    <bndbox>
      <xmin>1935</xmin>
      <ymin>1092</ymin>
      <xmax>2315</xmax>
      <ymax>1389</ymax>
    </bndbox>
  </object>
  <object>
    <name>bird</name>
    <bndbox>
      <xmin>1801</xmin>
      <ymin>1151</ymin>
      <xmax>2073</xmax>
      <ymax>1363</ymax>
    </bndbox>
  </object>
  <object>
    <name>bird</name>
    <bndbox>
      <xmin>1895</xmin>
      <ymin>784</ymin>
      <xmax>2099</xmax>
      <ymax>1083</ymax>
    </bndbox>
  </object>
  <object>
    <name>bird</name>
    <bndbox>
      <xmin>2136</xmin>
      <ymin>876</ymin>
      <xmax>2620</xmax>
      <ymax>1099</ymax>
    </bndbox>
  </object>
</annotation>
