<?xml version='1.0' encoding='UTF-8'?>
<annotation>
  <folder>images</folder>
  <filename>frame_73.jpg</filename>
  <object>
    <name>bird</name>
    <bndbox>
      <xmin>2589</xmin>
      <ymin>1134</ymin>
      <xmax>3359</xmax>
      <ymax>1552</ymax>
    </bndbox>
  </object>
  <object>
    <name>bird</name>
    <bndbox>
      <xmin>1083</xmin>
      <ymin>223</ymin>
      <xmax>1629</xmax>
      <ymax>529</ymax>
    </bndbox>
  </object>
  <object>
    <name>bird</name>
    <bndbox>
      <xmin>1180</xmin>
      <ymin>866</ymin>
      <xmax>1655</xmax>
      <ymax>1327</ymax>
    </bndbox>
  </object>
  <object>
    <name>bird</name>
    <bndbox>
      <xmin>1783</xmin>
      <ymin>1217</ymin>
      <xmax>2239</xmax>
      <ymax>1598</ymax>
    </bndbox>
  </object>
  <object>
    <name>bird</name>
    <bndbox>
      <xmin>751</xmin>
      <ymin>1226</ymin>
      <xmax>1199</xmax>
      <ymax>1576</ymax>
    </bndbox>
  </object>
  <object>
    <name>bird</name>
    <bndbox>
      <xmin>1562</xmin>
      <ymin>681</ymin>
      <xmax>1939</xmax>
      <ymax>1216</ymax>
    </bndbox>
  </object>
  <object>
    <name>bird</name>
    <bndbox>
      <xmin>1919</xmin>
      <ymin>643</ymin>
      <xmax>2263</xmax>
      <ymax>1222</ymax>
    </bndbox>
  </object>
  <object>
    <name>bird</name>
    <bndbox>
      <xmin>2181</xmin>
      <ymin>1128</ymin>
      <xmax>2652</xmax>
      <ymax>1432</ymax>
    </bndbox>
  </object>
  <object>
    <name>bird</name>
    <bndbox>
      <xmin>2698</xmin>
      <ymin>781</ymin>
      <xmax>3401</xmax>
      <ymax>1109</ymax>
    </bndbox>
  </object>
  <object>
    <name>bird</name>
    <bndbox>
      <xmin>2392</xmin>
      <ymin>553</ymin>
      <xmax>3570</xmax>
      <ymax>988</ymax>
    </bndbox>
  </object>
  <object>
    <name>bird</name>
    <bndbox>
      <xmin>0</xmin>
      <ymin>126</ymin>
      <xmax>342</xmax>
      <ymax>356</ymax>
    </bndbox>
  </object>
  <object>
    <name>bird</name>
    <bndbox>
      <xmin>2139</xmin>
      <ymin>721</ymin>
      <xmax>2798</xmax>
      <ymax>1218</ymax>
    </bndbox>
  </object>
  <object>
    <name>bird</name>
    <bndbox>
      <xmin>2865</xmin>
      <ymin>1043</ymin>
      <xmax>3391</xmax>
      <ymax>1234</ymax>
    </bndbox>
  </object>
</annotation>
