<?xml version='1.0' encoding='UTF-8'?>
<annotation>
  <folder>images</folder>
  <filename>frame_289.jpg</filename>
  <object>
    <name>bird</name>
    <bndbox>
      <xmin>3070</xmin>
      <ymin>1064</ymin>
      <xmax>3452</xmax>
      <ymax>1355</ymax>
    </bndbox>
  </object>
  <object>
    <name>bird</name>
    <bndbox>
      <xmin>843</xmin>
      <ymin>1661</ymin>
      <xmax>1258</xmax>
      <ymax>1947</ymax>
    </bndbox>
  </object>
  <object>
    <name>bird</name>
    <bndbox>
      <xmin>1132</xmin>
      <ymin>1035</ymin>
      <xmax>1538</xmax>
      <ymax>1267</ymax>
    </bndbox>
  </object>
  <object>
    <name>bird</name>
    <bndbox>
      <xmin>2118</xmin>
      <ymin>1276</ymin>
      <xmax>2442</xmax>
      <ymax>1635</ymax>
    </bndbox>
  </object>
  <object>
    <name>bird</name>
    <bndbox>
      <xmin>2405</xmin>
      <ymin>904</ymin>
      <xmax>2661</xmax>
      <ymax>1216</ymax>
    </bndbox>
  </object>
  <object>
    <name>bird</name>
    <bndbox>
      <xmin>250</xmin>
      <ymin>1773</ymin>
      <xmax>590</xmax>
      <ymax>2078</ymax>
    </bndbox>
  </object>
  <object>
    <name>bird</name>
    <bndbox>
      <xmin>2016</xmin>
      <ymin>920</ymin>
      <xmax>2192</xmax>
      <ymax>1118</ymax>
    </bndbox>
  </object>
  <object>
    <name>bird</name>
    <bndbox>
      <xmin>1242</xmin>
      <ymin>879</ymin>
      <xmax>1709</xmax>
      <ymax>1097</ymax>
    </bndbox>
  </object>
  <object>
    <name>bird</name>
    <bndbox>
      <xmin>2607</xmin>
      <ymin>809</ymin>
      <xmax>2931</xmax>
      <ymax>1010</ymax>
    </bndbox>
  </object>
  <object>
    <name>bird</name>
    <bndbox>
      <xmin>1579</xmin>
      <ymin>968</ymin>
      <xmax>1786</xmax>
      <ymax>1169</ymax>
    </bndbox>
  </object>
</annotation>
