<?xml version='1.0' encoding='UTF-8'?>
<annotation>
  <folder>images</folder>
  <filename>frame_22.jpg</filename>
  <object>
    <name>bird</name>
    <bndbox>
      <xmin>510</xmin>
      <ymin>323</ymin>
      <xmax>867</xmax>
      <ymax>739</ymax>
    </bndbox>
  </object>
  <object>
    <name>bird</name>
    <bndbox>
      <xmin>2179</xmin>
      <ymin>401</ymin>
      <xmax>2757</xmax>
      <ymax>706</ymax>
    </bndbox>
  </object>
  <object>
    <name>bird</name>
    <bndbox>
      <xmin>449</xmin>
      <ymin>676</ymin>
      <xmax>998</xmax>
      <ymax>1032</ymax>
    </bndbox>
  </object>
  <object>
    <name>bird</name>
    <bndbox>
      <xmin>1138</xmin>
      <ymin>88</ymin>
      <xmax>1618</xmax>
      <ymax>372</ymax>
    </bndbox>
  </object>
  <object>
    <name>bird</name>
    <bndbox>
      <xmin>1517</xmin>
      <ymin>634</ymin>
      <xmax>2023</xmax>
      <ymax>955</ymax>
    </bndbox>
  </object>
  <object>
    <name>bird</name>
    <bndbox>
      <xmin>1171</xmin>
      <ymin>589</ymin>
      <xmax>1457</xmax>
      <ymax>1026</ymax>
    </bndbox>
  </object>
  <object>
    <name>bird</name>
    <bndbox>
      <xmin>1010</xmin>
      <ymin>493</ymin>
      <xmax>1298</xmax>
      <ymax>945</ymax>
    </bndbox>
  </object>
  <object>
    <name>bird</name>
    <bndbox>
      <xmin>1409</xmin>
      <ymin>1213</ymin>
      <xmax>1860</xmax>
      <ymax>1503</ymax>
    </bndbox>
  </object>
  <object>
    <name>bird</name>
    <bndbox>
      <xmin>1624</xmin>
      <ymin>881</ymin>
      <xmax>2101</xmax>
      <ymax>1122</ymax>
    </bndbox>
  </object>
  <object>
    <name>bird</name>
    <bndbox>
      <xmin>2015</xmin>
      <ymin>750</ymin>
      <xmax>2457</xmax>
      <ymax>996</ymax>
    </bndbox>
  </object>
  <object>
    <name>bird</name>
    <bndbox>
      <xmin>1525</xmin>
      <ymin>0</ymin>
      <xmax>1941</xmax>
      <ymax>148</ymax>
    </bndbox>
  </object>
  <object>
    <name>bird</name>
    <bndbox>
      <xmin>1978</xmin>
      <ymin>1050</ymin>
      <xmax>2535</xmax>
      <ymax>1309</ymax>
    </bndbox>
  </object>
  <object>
    <name>bird</name>
    <bndbox>
      <xmin>1709</xmin>
      <ymin>1089</ymin>
      <xmax>2010</xmax>
      <ymax>1353</ymax>
    </bndbox>
  </object>
  <object>
    <name>bird</name>
    <bndbox>
      <xmin>997</xmin>
      <ymin>966</ymin>
      <xmax>1631</xmax>
      <ymax>1275</ymax>
    </bndbox>
  </object>
</annotation>
