<?xml version='1.0' encoding='UTF-8'?>
<annotation>
  <folder>images</folder>
  <filename>frame_179.jpg</filename>
  <object>
    <name>bird</name>
    <bndbox>
      <xmin>1075</xmin>
      <ymin>1157</ymin>
      <xmax>1663</xmax>
      <ymax>1460</ymax>
    </bndbox>
  </object>
  <object>
    <name>bird</name>
    <bndbox>
      <xmin>1608</xmin>
      <ymin>1136</ymin>
      <xmax>2241</xmax>
      <ymax>1413</ymax>
    </bndbox>
  </object>
  <object>
    <name>bird</name>
    <bndbox>
      <xmin>2347</xmin>
      <ymin>1156</ymin>
      <xmax>2819</xmax>
      <ymax>1413</ymax>
    </bndbox>
  </object>
  <object>
    <name>bird</name>
    <bndbox>
      <xmin>2534</xmin>
      <ymin>655</ymin>
      <xmax>2939</xmax>
      <ymax>950</ymax>
    </bndbox>
  </object>
  <object>
    <name>bird</name>
    <bndbox>
      <xmin>2088</xmin>
      <ymin>634</ymin>
      <xmax>2323</xmax>
      <ymax>989</ymax>
    </bndbox>
  </object>
  <object>
    <name>bird</name>
    <bndbox>
      <xmin>792</xmin>
      <ymin>1789</ymin>
      <xmax>1721</xmax>
      <ymax>2156</ymax>
    </bndbox>
  </object>
  <object>
    <name>bird</name>
    <bndbox>
      <xmin>2609</xmin>
      <ymin>893</ymin>
      <xmax>2982</xmax>
      <ymax>1155</ymax>
    </bndbox>
  </object>
  <object>
    <name>bird</name>
    <bndbox>
      <xmin>1026</xmin>
      <ymin>961</ymin>
      <xmax>1484</xmax>
      <ymax>1208</ymax>
    </bndbox>
  </object>
  <object>
    <name>bird</name>
    <bndbox>
      <xmin>2109</xmin>
      <ymin>830</ymin>
      <xmax>2491</xmax>
      <ymax>1078</ymax>
    </bndbox>
  </object>
  <object>
    <name>bird</name>
    <bndbox>
      <xmin>2315</xmin>
      <ymin>988</ymin>
      <xmax>2686</xmax>
      <ymax>1195</ymax>
    </bndbox>
  </object>
</annotation>
