<?xml version='1.0' encoding='UTF-8'?>
<annotation>
  <folder>images</folder>
  <filename>frame_91.jpg</filename>
  <object>
    <name>bird</name>
    <bndbox>
      <xmin>268</xmin>
      <ymin>322</ymin>
      <xmax>693</xmax>
      <ymax>660</ymax>
    </bndbox>
  </object>
  <object>
    <name>bird</name>
    <bndbox>
      <xmin>1871</xmin>
      <ymin>843</ymin>
      <xmax>2273</xmax>
      <ymax>1178</ymax>
    </bndbox>
  </object>
  <object>
    <name>bird</name>
    <bndbox>
      <xmin>1288</xmin>
      <ymin>999</ymin>
      <xmax>1857</xmax>
      <ymax>1284</ymax>
    </bndbox>
  </object>
  <object>
    <name>bird</name>
    <bndbox>
      <xmin>2415</xmin>
      <ymin>398</ymin>
      <xmax>2905</xmax>
      <ymax>735</ymax>
    </bndbox>
  </object>
  <object>
    <name>bird</name>
    <bndbox>
      <xmin>652</xmin>
      <ymin>617</ymin>
      <xmax>1451</xmax>
      <ymax>975</ymax>
    </bndbox>
  </object>
  <object>
    <name>bird</name>
    <bndbox>
      <xmin>1217</xmin>
      <ymin>749</ymin>
      <xmax>1731</xmax>
      <ymax>1054</ymax>
    </bndbox>
  </object>
  <object>
    <name>bird</name>
    <bndbox>
      <xmin>1345</xmin>
      <ymin>589</ymin>
      <xmax>1684</xmax>
      <ymax>838</ymax>
    </bndbox>
  </object>
  <object>
    <name>bird</name>
    <bndbox>
      <xmin>1814</xmin>
      <ymin>475</ymin>
      <xmax>2083</xmax>
      <ymax>918</ymax>
    </bndbox>
  </object>
  <object>
    <name>bird</name>
    <bndbox>
      <xmin>2051</xmin>
      <ymin>789</ymin>
      <xmax>2692</xmax>
      <ymax>1073</ymax>
    </bndbox>
  </object>
  <object>
    <name>bird</name>
    <bndbox>
      <xmin>2759</xmin>
      <ymin>890</ymin>
      <xmax>3097</xmax>
      <ymax>1195</ymax>
    </bndbox>
  </object>
  <object>
    <name>bird</name>
    <bndbox>
      <xmin>2654</xmin>
      <ymin>632</ymin>
      <xmax>3096</xmax>
      <ymax>894</ymax>
    </bndbox>
  </object>
</annotation>
