<?xml version='1.0' encoding='UTF-8'?>
<annotation>
  <folder>images</folder>
  <filename>frame_308.jpg</filename>
  <object>
    <name>bird</name>
    <bndbox>
      <xmin>3016</xmin>
      <ymin>989</ymin>
      <xmax>3330</xmax>
      <ymax>1272</ymax>
    </bndbox>
  </object>
  <object>
    <name>bird</name>
    <bndbox>
      <xmin>1232</xmin>
      <ymin>1578</ymin>
      <xmax>1831</xmax>
      <ymax>1930</ymax>
    </bndbox>
  </object>
  <object>
    <name>bird</name>
    <bndbox>
      <xmin>937</xmin>
      <ymin>1075</ymin>
      <xmax>1205</xmax>
      <ymax>1239</ymax>
    </bndbox>
  </object>
  <object>
    <name>bird</name>
    <bndbox>
      <xmin>912</xmin>
      <ymin>1214</ymin>
      <xmax>1393</xmax>
      <ymax>1525</ymax>
    </bndbox>
  </object>
  <object>
    <name>bird</name>
    <bndbox>
      <xmin>870</xmin>
      <ymin>1879</ymin>
      <xmax>1267</xmax>
      <ymax>2122</ymax>
    </bndbox>
  </object>
  <object>
    <name>bird</name>
    <bndbox>
      <xmin>644</xmin>
      <ymin>1909</ymin>
      <xmax>1015</xmax>
      <ymax>2158</ymax>
    </bndbox>
  </object>
  <object>
    <name>bird</name>
    <bndbox>
      <xmin>174</xmin>
      <ymin>1724</ymin>
      <xmax>528</xmax>
      <ymax>2017</ymax>
    </bndbox>
  </object>
  <object>
    <name>bird</name>
    <bndbox>
      <xmin>2226</xmin>
      <ymin>816</ymin>
      <xmax>2606</xmax>
      <ymax>1202</ymax>
    </bndbox>
  </object>
  <object>
    <name>bird</name>
    <bndbox>
      <xmin>1311</xmin>
      <ymin>2076</ymin>
      <xmax>1724</xmax>
      <ymax>2159</ymax>
    </bndbox>
  </object>
  <object>
    <name>bird</name>
    <bndbox>
      <xmin>1515</xmin>
      <ymin>1012</ymin>
      <xmax>1725</xmax>
      <ymax>1243</ymax>
    </bndbox>
  </object>
  <object>
    <name>bird</name>
    <bndbox>
      <xmin>1070</xmin>
      <ymin>975</ymin>
      <xmax>1506</xmax>
      <ymax>1190</ymax>
    </bndbox>
  </object>
  <object>
    <name>bird</name>
    <bndbox>
      <xmin>2174</xmin>
      <ymin>741</ymin>
      <xmax>2539</xmax>
      <ymax>942</ymax>
    </bndbox>
  </object>
</annotation>
