<?xml version='1.0' encoding='UTF-8'?>
<annotation>
  <folder>images</folder>
  <filename>frame_230.jpg</filename>
  <object>
    <name>bird</name>
    <bndbox>
      <xmin>3038</xmin>
      <ymin>1156</ymin>
      <xmax>3434</xmax>
      <ymax>1379</ymax>
    </bndbox>
  </object>
  <object>
    <name>bird</name>
    <bndbox>
      <xmin>1257</xmin>
      <ymin>1346</ymin>
      <xmax>1741</xmax>
      <ymax>1678</ymax>
    </bndbox>
  </object>
  <object>
    <name>bird</name>
    <bndbox>
      <xmin>2166</xmin>
      <ymin>1104</ymin>
      <xmax>2523</xmax>
      <ymax>1420</ymax>
    </bndbox>
  </object>
  <object>
    <name>bird</name>
    <bndbox>
      <xmin>1689</xmin>
      <ymin>1144</ymin>
      <xmax>2083</xmax>
      <ymax>1350</ymax>
    </bndbox>
  </object>
  <object>
    <name>bird</name>
    <bndbox>
      <xmin>1861</xmin>
      <ymin>754</ymin>
      <xmax>2083</xmax>
      <ymax>1019</ymax>
    </bndbox>
  </object>
  <object>
    <name>bird</name>
    <bndbox>
      <xmin>1050</xmin>
      <ymin>846</ymin>
      <xmax>1442</xmax>
      <ymax>1031</ymax>
    </bndbox>
  </object>
  <object>
    <name>bird</name>
    <bndbox>
      <xmin>1050</xmin>
      <ymin>1098</ymin>
      <xmax>1526</xmax>
      <ymax>1307</ymax>
    </bndbox>
  </object>
</annotation>
