<?xml version='1.0' encoding='UTF-8'?>
<annotation>
  <folder>images</folder>
  <filename>frame_74.jpg</filename>
  <object>
    <name>bird</name>
    <bndbox>
      <xmin>2602</xmin>
      <ymin>1136</ymin>
      <xmax>3359</xmax>
      <ymax>1560</ymax>
    </bndbox>
  </object>
  <object>
    <name>bird</name>
    <bndbox>
      <xmin>989</xmin>
      <ymin>246</ymin>
      <xmax>1524</xmax>
      <ymax>544</ymax>
    </bndbox>
  </object>
  <object>
    <name>bird</name>
    <bndbox>
      <xmin>1169</xmin>
      <ymin>870</ymin>
      <xmax>1671</xmax>
      <ymax>1340</ymax>
    </bndbox>
  </object>
  <object>
    <name>bird</name>
    <bndbox>
      <xmin>1811</xmin>
      <ymin>1222</ymin>
      <xmax>2258</xmax>
      <ymax>1611</ymax>
    </bndbox>
  </object>
  <object>
    <name>bird</name>
    <bndbox>
      <xmin>782</xmin>
      <ymin>1238</ymin>
      <xmax>1259</xmax>
      <ymax>1583</ymax>
    </bndbox>
  </object>
  <object>
    <name>bird</name>
    <bndbox>
      <xmin>1553</xmin>
      <ymin>700</ymin>
      <xmax>1931</xmax>
      <ymax>1232</ymax>
    </bndbox>
  </object>
  <object>
    <name>bird</name>
    <bndbox>
      <xmin>1917</xmin>
      <ymin>649</ymin>
      <xmax>2251</xmax>
      <ymax>1221</ymax>
    </bndbox>
  </object>
  <object>
    <name>bird</name>
    <bndbox>
      <xmin>2179</xmin>
      <ymin>1134</ymin>
      <xmax>2664</xmax>
      <ymax>1439</ymax>
    </bndbox>
  </object>
  <object>
    <name>bird</name>
    <bndbox>
      <xmin>2690</xmin>
      <ymin>784</ymin>
      <xmax>3387</xmax>
      <ymax>1112</ymax>
    </bndbox>
  </object>
  <object>
    <name>bird</name>
    <bndbox>
      <xmin>2356</xmin>
      <ymin>550</ymin>
      <xmax>3572</xmax>
      <ymax>1012</ymax>
    </bndbox>
  </object>
  <object>
    <name>bird</name>
    <bndbox>
      <xmin>0</xmin>
      <ymin>149</ymin>
      <xmax>285</xmax>
      <ymax>370</ymax>
    </bndbox>
  </object>
  <object>
    <name>bird</name>
    <bndbox>
      <xmin>2136</xmin>
      <ymin>757</ymin>
      <xmax>2778</xmax>
      <ymax>1252</ymax>
    </bndbox>
  </object>
  <object>
    <name>bird</name>
    <bndbox>
      <xmin>2844</xmin>
      <ymin>1046</ymin>
      <xmax>3432</xmax>
      <ymax>1254</ymax>
    </bndbox>
  </object>
  <object>
    <name>bird</name>
    <bndbox>
      <xmin>2330</xmin>
      <ymin>810</ymin>
      <xmax>2957</xmax>
      <ymax>1043</ymax>
    </bndbox>
  </object>
  <object>
    <name>bird</name>
    <bndbox>
      <xmin>767</xmin>
      <ymin>769</ymin>
      <xmax>1507</xmax>
      <ymax>1128</ymax>
    </bndbox>
  </object>
</annotation>
