<?xml version='1.0' encoding='UTF-8'?>
<annotation>
  <folder>images</folder>
  <filename>frame_84.jpg</filename>
  <object>
    <name>bird</name>
    <bndbox>
      <xmin>2794</xmin>
      <ymin>1012</ymin>
      <xmax>3376</xmax>
      <ymax>1451</ymax>
    </bndbox>
  </object>
  <object>
    <name>bird</name>
    <bndbox>
      <xmin>612</xmin>
      <ymin>309</ymin>
      <xmax>1124</xmax>
      <ymax>637</ymax>
    </bndbox>
  </object>
  <object>
    <name>bird</name>
    <bndbox>
      <xmin>1419</xmin>
      <ymin>877</ymin>
      <xmax>1930</xmax>
      <ymax>1236</ymax>
    </bndbox>
  </object>
  <object>
    <name>bird</name>
    <bndbox>
      <xmin>2157</xmin>
      <ymin>1075</ymin>
      <xmax>2529</xmax>
      <ymax>1420</ymax>
    </bndbox>
  </object>
  <object>
    <name>bird</name>
    <bndbox>
      <xmin>1301</xmin>
      <ymin>1189</ymin>
      <xmax>1866</xmax>
      <ymax>1481</ymax>
    </bndbox>
  </object>
  <object>
    <name>bird</name>
    <bndbox>
      <xmin>1649</xmin>
      <ymin>724</ymin>
      <xmax>2015</xmax>
      <ymax>1088</ymax>
    </bndbox>
  </object>
  <object>
    <name>bird</name>
    <bndbox>
      <xmin>2104</xmin>
      <ymin>625</ymin>
      <xmax>2373</xmax>
      <ymax>1111</ymax>
    </bndbox>
  </object>
  <object>
    <name>bird</name>
    <bndbox>
      <xmin>2335</xmin>
      <ymin>1005</ymin>
      <xmax>2846</xmax>
      <ymax>1291</ymax>
    </bndbox>
  </object>
  <object>
    <name>bird</name>
    <bndbox>
      <xmin>2797</xmin>
      <ymin>638</ymin>
      <xmax>3421</xmax>
      <ymax>991</ymax>
    </bndbox>
  </object>
  <object>
    <name>bird</name>
    <bndbox>
      <xmin>2544</xmin>
      <ymin>445</ymin>
      <xmax>3354</xmax>
      <ymax>896</ymax>
    </bndbox>
  </object>
  <object>
    <name>bird</name>
    <bndbox>
      <xmin>2343</xmin>
      <ymin>683</ymin>
      <xmax>2851</xmax>
      <ymax>1064</ymax>
    </bndbox>
  </object>
  <object>
    <name>bird</name>
    <bndbox>
      <xmin>2905</xmin>
      <ymin>884</ymin>
      <xmax>3548</xmax>
      <ymax>1106</ymax>
    </bndbox>
  </object>
  <object>
    <name>bird</name>
    <bndbox>
      <xmin>1056</xmin>
      <ymin>707</ymin>
      <xmax>1533</xmax>
      <ymax>929</ymax>
    </bndbox>
  </object>
</annotation>
