<?xml version='1.0' encoding='UTF-8'?>
<annotation>
  <folder>images</folder>
  <filename>frame_215.jpg</filename>
  <object>
    <name>bird</name>
    <bndbox>
      <xmin>2072</xmin>
      <ymin>1051</ymin>
      <xmax>2488</xmax>
      <ymax>1388</ymax>
    </bndbox>
  </object>
  <object>
    <name>bird</name>
    <bndbox>
      <xmin>1914</xmin>
      <ymin>637</ymin>
      <xmax>2193</xmax>
      <ymax>920</ymax>
    </bndbox>
  </object>
  <object>
    <name>bird</name>
    <bndbox>
      <xmin>3459</xmin>
      <ymin>1157</ymin>
      <xmax>3840</xmax>
      <ymax>1605</ymax>
    </bndbox>
  </object>
  <object>
    <name>bird</name>
    <bndbox>
      <xmin>459</xmin>
      <ymin>1195</ymin>
      <xmax>702</xmax>
      <ymax>1480</ymax>
    </bndbox>
  </object>
  <object>
    <name>bird</name>
    <bndbox>
      <xmin>68</xmin>
      <ymin>1964</ymin>
      <xmax>205</xmax>
      <ymax>2158</ymax>
    </bndbox>
  </object>
  <object>
    <name>bird</name>
    <bndbox>
      <xmin>1710</xmin>
      <ymin>1040</ymin>
      <xmax>2207</xmax>
      <ymax>1254</ymax>
    </bndbox>
  </object>
  <object>
    <name>bird</name>
    <bndbox>
      <xmin>977</xmin>
      <ymin>1034</ymin>
      <xmax>1392</xmax>
      <ymax>1219</ymax>
    </bndbox>
  </object>
  <object>
    <name>bird</name>
    <bndbox>
      <xmin>1130</xmin>
      <ymin>953</ymin>
      <xmax>1771</xmax>
      <ymax>1279</ymax>
    </bndbox>
  </object>
</annotation>
