<?xml version='1.0' encoding='UTF-8'?>
<annotation>
  <folder>images</folder>
  <filename>frame_320.jpg</filename>
  <object>
    <name>bird</name>
    <bndbox>
      <xmin>1552</xmin>
      <ymin>1668</ymin>
      <xmax>2158</xmax>
      <ymax>1991</ymax>
    </bndbox>
  </object>
  <object>
    <name>bird</name>
    <bndbox>
      <xmin>766</xmin>
      <ymin>1243</ymin>
      <xmax>1204</xmax>
      <ymax>1511</ymax>
    </bndbox>
  </object>
  <object>
    <name>bird</name>
    <bndbox>
      <xmin>479</xmin>
      <ymin>1691</ymin>
      <xmax>1016</xmax>
      <ymax>2108</ymax>
    </bndbox>
  </object>
  <object>
    <name>bird</name>
    <bndbox>
      <xmin>2528</xmin>
      <ymin>977</ymin>
      <xmax>2827</xmax>
      <ymax>1312</ymax>
    </bndbox>
  </object>
  <object>
    <name>bird</name>
    <bndbox>
      <xmin>1684</xmin>
      <ymin>1042</ymin>
      <xmax>1902</xmax>
      <ymax>1279</ymax>
    </bndbox>
  </object>
  <object>
    <name>bird</name>
    <bndbox>
      <xmin>2478</xmin>
      <ymin>810</ymin>
      <xmax>2863</xmax>
      <ymax>1003</ymax>
    </bndbox>
  </object>
  <object>
    <name>bird</name>
    <bndbox>
      <xmin>804</xmin>
      <ymin>923</ymin>
      <xmax>1202</xmax>
      <ymax>1123</ymax>
    </bndbox>
  </object>
  <object>
    <name>bird</name>
    <bndbox>
      <xmin>1052</xmin>
      <ymin>1143</ymin>
      <xmax>1431</xmax>
      <ymax>1347</ymax>
    </bndbox>
  </object>
  <object>
    <name>bird</name>
    <bndbox>
      <xmin>1254</xmin>
      <ymin>1036</ymin>
      <xmax>1640</xmax>
      <ymax>1261</ymax>
    </bndbox>
  </object>
  <object>
    <name>bird</name>
    <bndbox>
      <xmin>115</xmin>
      <ymin>884</ymin>
      <xmax>282</xmax>
      <ymax>1178</ymax>
    </bndbox>
  </object>
  <object>
    <name>bird</name>
    <bndbox>
      <xmin>1829</xmin>
      <ymin>752</ymin>
      <xmax>2238</xmax>
      <ymax>952</ymax>
    </bndbox>
  </object>
</annotation>
