<?xml version='1.0' encoding='UTF-8'?>
<annotation>
  <folder>images</folder>
  <filename>frame_200.jpg</filename>
  <object>
    <name>bird</name>
    <bndbox>
      <xmin>1611</xmin>
      <ymin>1142</ymin>
      <xmax>2116</xmax>
      <ymax>1421</ymax>
    </bndbox>
  </object>
  <object>
    <name>bird</name>
    <bndbox>
      <xmin>2292</xmin>
      <ymin>989</ymin>
      <xmax>2714</xmax>
      <ymax>1184</ymax>
    </bndbox>
  </object>
  <object>
    <name>bird</name>
    <bndbox>
      <xmin>2069</xmin>
      <ymin>578</ymin>
      <xmax>2408</xmax>
      <ymax>890</ymax>
    </bndbox>
  </object>
  <object>
    <name>bird</name>
    <bndbox>
      <xmin>2671</xmin>
      <ymin>1556</ymin>
      <xmax>3457</xmax>
      <ymax>1889</ymax>
    </bndbox>
  </object>
  <object>
    <name>bird</name>
    <bndbox>
      <xmin>821</xmin>
      <ymin>953</ymin>
      <xmax>1355</xmax>
      <ymax>1173</ymax>
    </bndbox>
  </object>
  <object>
    <name>bird</name>
    <bndbox>
      <xmin>1130</xmin>
      <ymin>972</ymin>
      <xmax>1764</xmax>
      <ymax>1239</ymax>
    </bndbox>
  </object>
  <object>
    <name>bird</name>
    <bndbox>
      <xmin>2290</xmin>
      <ymin>765</ymin>
      <xmax>2710</xmax>
      <ymax>933</ymax>
    </bndbox>
  </object>
  <object>
    <name>bird</name>
    <bndbox>
      <xmin>1746</xmin>
      <ymin>621</ymin>
      <xmax>1945</xmax>
      <ymax>845</ymax>
    </bndbox>
  </object>
  <object>
    <name>bird</name>
    <bndbox>
      <xmin>1755</xmin>
      <ymin>1006</ymin>
      <xmax>2154</xmax>
      <ymax>1191</ymax>
    </bndbox>
  </object>
</annotation>
